K,Scenario,Sample,ArgmaxOK,ConfidentCase,ConfArgOK,SW_Gap,MAE,MaxAE,KL,Cosine,HW_Sum,Valid,HW_Error,Compute_Cyc,Stall_Cyc,P1_Cyc,P2_Cyc,Total_Cyc
1024,Uniform_Small,0,1,0,N/A,0.00004535,0.00001746,0.00004277,0.01857433,0.99994811,0.982117,True,False,344,48,72916,92693,165623
1024,Uniform_Small,1,1,0,N/A,0.00001663,0.00001546,0.00003193,0.01645732,0.99994808,0.984192,True,False,312,16,56155,81138,137307
1024,Uniform_Small,2,1,0,N/A,0.00003726,0.00001574,0.00003637,0.01673248,0.99994843,0.983887,True,False,328,32,65990,81235,147239
1024,Uniform_Small,3,1,0,N/A,0.00001085,0.00001752,0.00004022,0.01858843,0.99994918,0.982056,True,False,344,48,64771,82309,147094
1024,Uniform_Small,4,1,0,N/A,0.00001313,0.00001515,0.00003532,0.01607291,0.99995080,0.984497,True,False,312,16,59390,81520,140924
1024,Uniform_Small,5,1,0,N/A,0.00000173,0.00001761,0.00003970,0.01871064,0.99994840,0.981964,True,False,344,48,50238,79544,129796
1024,Uniform_Small,6,1,0,N/A,0.00001040,0.00001663,0.00004146,0.01765010,0.99995036,0.982971,True,False,344,48,58631,80591,139236
1024,Uniform_Small,7,1,0,N/A,0.00002500,0.00001572,0.00003227,0.01669994,0.99994937,0.983917,True,False,312,16,52017,79560,131591
1024,Uniform_Small,8,1,0,N/A,0.00001622,0.00001737,0.00004023,0.01844480,0.99994777,0.982208,True,False,360,64,53277,79886,133177
1024,Uniform_Small,9,1,0,N/A,0.00001477,0.00001610,0.00003490,0.01714838,0.99994565,0.983521,True,False,328,32,54386,80079,134479
1024,Uniform_Small,10,1,0,N/A,0.00002679,0.00001621,0.00003542,0.01720366,0.99995032,0.983398,True,False,312,16,62310,81391,143715
1024,Uniform_Small,11,1,0,N/A,0.00000905,0.00001547,0.00003458,0.01647615,0.99994805,0.984161,True,False,312,16,55261,79521,134796
1024,Uniform_Small,12,1,0,N/A,0.00000233,0.00001539,0.00003423,0.01639194,0.99994640,0.984253,True,False,312,16,53915,80151,134080
1024,Uniform_Small,13,1,0,N/A,0.00000966,0.00001560,0.00003408,0.01658167,0.99994935,0.984039,True,False,312,16,59101,80378,139493
1024,Uniform_Small,14,1,0,N/A,0.00000540,0.00001657,0.00003712,0.01760537,0.99994827,0.983032,True,False,312,16,49192,79176,128382
1024,Uniform_Small,15,1,0,N/A,0.00002768,0.00001560,0.00003407,0.01658957,0.99994860,0.984039,True,False,328,32,56716,80217,136947
1024,Uniform_Small,16,1,0,N/A,0.00000773,0.00001615,0.00003547,0.01710884,0.99994662,0.983459,True,False,328,32,54375,79473,133862
1024,Uniform_Small,17,1,0,N/A,0.00001621,0.00001907,0.00004426,0.02023215,0.99994678,0.980469,True,False,344,48,52595,79768,132377
1024,Uniform_Small,18,1,0,N/A,0.00001751,0.00001542,0.00003544,0.01638669,0.99995016,0.984222,True,False,328,32,50565,79820,130399
1024,Uniform_Small,19,1,0,N/A,0.00000756,0.00001504,0.00003276,0.01595349,0.99995032,0.984619,True,False,296,0,61763,80591,142368
1024,Uniform_Small,20,1,0,N/A,0.00002769,0.00001603,0.00003661,0.01705833,0.99994827,0.983582,True,False,328,32,59145,80707,139866
1024,Uniform_Small,21,1,0,N/A,0.00001465,0.00001601,0.00003525,0.01699321,0.99994784,0.983612,True,False,328,32,52142,79267,131423
1024,Uniform_Small,22,1,0,N/A,0.00002012,0.00001479,0.00003268,0.01565303,0.99994997,0.984894,True,False,296,0,50641,79785,130440
1024,Uniform_Small,23,1,0,N/A,0.00001324,0.00001565,0.00003307,0.01659053,0.99995077,0.983978,True,False,328,32,54362,78518,132894
1024,Uniform_Small,24,1,0,N/A,0.00000285,0.00001539,0.00003323,0.01638481,0.99994941,0.984253,True,False,296,0,53204,78557,131775
1024,Uniform_Small,25,1,0,N/A,0.00000748,0.00001681,0.00003960,0.01783405,0.99994848,0.982788,True,False,344,48,55092,78999,134105
1024,Uniform_Small,26,1,0,N/A,0.00000159,0.00001621,0.00003704,0.01726705,0.99994812,0.983398,True,False,340,32,51950,99433,151397
1024,Uniform_Small,27,1,0,N/A,0.00001328,0.00001551,0.00003587,0.01651719,0.99994814,0.984131,True,False,312,16,64216,81327,145557
1024,Uniform_Small,28,1,0,N/A,0.00000859,0.00001627,0.00003463,0.01727992,0.99994725,0.983337,True,False,312,16,53005,79453,132472
1024,Uniform_Small,29,1,0,N/A,0.00001429,0.00001592,0.00003317,0.01694616,0.99994721,0.983704,True,False,312,16,51229,78546,129789
1024,Uniform_Small,30,1,0,N/A,0.00001586,0.00001693,0.00003772,0.01797243,0.99994930,0.982666,True,False,328,32,66157,81296,147467
1024,Uniform_Small,31,1,0,N/A,0.00000103,0.00001565,0.00003380,0.01661461,0.99994596,0.984009,True,False,312,16,51288,82581,133883
1024,Uniform_Small,32,1,0,N/A,0.00001314,0.00001723,0.00004040,0.01827065,0.99994910,0.982361,True,False,312,16,51656,78771,130441
1024,Uniform_Small,33,1,0,N/A,0.00001728,0.00001630,0.00003668,0.01735602,0.99994719,0.983307,True,False,344,48,52226,78300,130540
1024,Uniform_Small,34,1,0,N/A,0.00001759,0.00001515,0.00003295,0.01608716,0.99994986,0.984497,True,False,312,16,62246,81245,143505
1024,Uniform_Small,35,1,0,N/A,0.00000390,0.00001729,0.00004366,0.01837306,0.99994887,0.982300,True,False,344,48,51904,78721,130639
1024,Uniform_Small,36,1,0,N/A,0.00000139,0.00001508,0.00003439,0.01598014,0.99994989,0.984589,True,False,296,0,62600,81058,143672
1024,Uniform_Small,37,1,0,N/A,0.00001448,0.00001628,0.00003585,0.01731639,0.99994597,0.983337,True,False,328,32,52298,78670,130982
1024,Uniform_Small,38,1,0,N/A,0.00000202,0.00001545,0.00003396,0.01643124,0.99995021,0.984192,True,False,296,0,53216,78954,132184
1024,Uniform_Small,39,1,0,N/A,0.00003532,0.00001581,0.00003270,0.01680758,0.99994820,0.983826,True,False,312,16,54837,78688,133539
1024,Uniform_Small,40,1,0,N/A,0.00001783,0.00001574,0.00003608,0.01677061,0.99994651,0.983887,True,False,328,32,52497,78502,131013
1024,Uniform_Small,41,1,0,N/A,0.00001637,0.00001511,0.00003311,0.01602738,0.99995298,0.984528,True,False,312,16,54584,78809,133407
1024,Uniform_Small,42,1,0,N/A,0.00002408,0.00001575,0.00003430,0.01676708,0.99994844,0.983887,True,False,328,32,54884,79025,133923
1024,Uniform_Small,43,1,0,N/A,0.00000901,0.00001572,0.00003699,0.01673240,0.99994769,0.983917,True,False,328,32,53611,78723,132348
1024,Uniform_Small,44,1,0,N/A,0.00001417,0.00001548,0.00003683,0.01645816,0.99994811,0.984161,True,False,328,32,63385,80057,143456
1024,Uniform_Small,45,1,0,N/A,0.00000214,0.00001539,0.00003275,0.01638701,0.99994912,0.984253,True,False,312,16,61680,79801,141495
1024,Uniform_Small,46,1,0,N/A,0.00002005,0.00001755,0.00004241,0.01864131,0.99994934,0.982025,True,False,360,64,52817,78913,131744
1024,Uniform_Small,47,1,0,N/A,0.00005037,0.00001705,0.00004357,0.01810913,0.99995035,0.982544,True,False,344,48,48188,78267,126469
1024,Uniform_Small,48,1,0,N/A,0.00001053,0.00001580,0.00003297,0.01680002,0.99994703,0.983826,True,False,312,16,76240,80859,157113
1024,Uniform_Small,49,1,0,N/A,0.00003566,0.00001518,0.00003283,0.01613675,0.99995105,0.984467,True,False,312,16,55648,79063,134725
1024,Uniform_Small,50,1,0,N/A,0.00000128,0.00001651,0.00003594,0.01755508,0.99994712,0.983093,True,False,328,32,51183,78665,129862
1024,Uniform_Small,51,1,0,N/A,0.00001327,0.00001693,0.00003773,0.01795381,0.99994778,0.982666,True,False,328,32,48568,78207,126789
1024,Uniform_Small,52,1,0,N/A,0.00000328,0.00001484,0.00003503,0.01575899,0.99995163,0.984833,True,False,296,0,56900,78849,135763
1024,Uniform_Small,53,1,0,N/A,0.00000662,0.00001624,0.00003767,0.01723793,0.99994978,0.983368,True,False,360,64,63036,80659,143709
1024,Uniform_Small,54,1,0,N/A,0.00003381,0.00001666,0.00003696,0.01769730,0.99994885,0.982941,True,False,344,48,48552,78605,127171
1024,Uniform_Small,55,1,0,N/A,0.00000524,0.00001551,0.00003371,0.01648928,0.99994895,0.984131,True,False,296,0,52855,78383,131252
1024,Uniform_Small,56,1,0,N/A,0.00000610,0.00001600,0.00003644,0.01697274,0.99995188,0.983612,True,False,312,16,52743,78782,131539
1024,Uniform_Small,57,1,0,N/A,0.00000056,0.00001639,0.00003675,0.01741016,0.99994947,0.983215,True,False,344,48,50792,78498,129304
1024,Uniform_Small,58,1,0,N/A,0.00002303,0.00001568,0.00003407,0.01669285,0.99994904,0.983948,True,False,312,16,48944,78313,127271
1024,Uniform_Small,59,1,0,N/A,0.00003675,0.00001504,0.00003220,0.01596867,0.99994955,0.984619,True,False,296,0,54902,79129,134045
1024,Uniform_Small,60,1,0,N/A,0.00000234,0.00001510,0.00003439,0.01604540,0.99995018,0.984558,True,False,312,16,55257,78661,133932
1024,Uniform_Small,61,1,0,N/A,0.00002305,0.00001624,0.00003575,0.01730103,0.99994743,0.983368,True,False,344,48,58526,83781,142321
1024,Uniform_Small,62,1,0,N/A,0.00000849,0.00001556,0.00003198,0.01654957,0.99994624,0.984100,True,False,296,0,61821,80130,141965
1024,Uniform_Small,63,1,0,N/A,0.00000077,0.00001657,0.00003751,0.01762360,0.99994742,0.983032,True,False,344,48,52471,78777,131262
1024,Uniform_Small,64,1,0,N/A,0.00001183,0.00001550,0.00003307,0.01645699,0.99994854,0.984131,True,False,328,32,51981,78250,130245
1024,Uniform_Small,65,1,0,N/A,0.00000193,0.00001539,0.00003491,0.01634947,0.99994877,0.984253,True,False,312,16,49907,78435,128356
1024,Uniform_Small,66,1,0,N/A,0.00003448,0.00001583,0.00003539,0.01680415,0.99994911,0.983795,True,False,360,64,55700,78740,134454
1024,Uniform_Small,67,1,0,N/A,0.00000678,0.00001524,0.00003346,0.01616860,0.99995058,0.984406,True,False,312,16,49687,78329,128030
1024,Uniform_Small,68,1,0,N/A,0.00001544,0.00001597,0.00003582,0.01698322,0.99994942,0.983643,True,False,328,32,52332,78828,131174
1024,Uniform_Small,69,1,0,N/A,0.00000144,0.00001578,0.00003232,0.01676649,0.99994594,0.983856,True,False,328,32,55179,78685,133878
1024,Uniform_Small,70,1,0,N/A,0.00000502,0.00001542,0.00003493,0.01636721,0.99994730,0.984222,True,False,312,16,62452,80289,142755
1024,Uniform_Small,71,1,0,N/A,0.00001351,0.00001513,0.00003202,0.01610879,0.99994886,0.984528,True,False,296,0,51888,82960,134862
1024,Uniform_Small,72,1,1,1,0.00006820,0.00001568,0.00003502,0.01666724,0.99994735,0.983948,True,False,344,48,48559,78197,126770
1024,Uniform_Small,73,1,0,N/A,0.00000171,0.00001521,0.00003494,0.01614240,0.99995003,0.984436,True,False,312,16,56305,79306,135625
1024,Uniform_Small,74,1,0,N/A,0.00000956,0.00001767,0.00004591,0.01876472,0.99994731,0.981903,True,False,344,48,52239,85646,137899
1024,Uniform_Small,75,1,0,N/A,0.00001302,0.00001580,0.00003801,0.01676293,0.99994900,0.983826,True,False,328,32,49502,76828,126344
1024,Uniform_Small,76,1,0,N/A,0.00000040,0.00001548,0.00003412,0.01642189,0.99995203,0.984161,True,False,328,32,46728,76854,123596
1024,Uniform_Small,77,1,0,N/A,0.00002039,0.00001541,0.00003525,0.01635994,0.99995075,0.984222,True,False,328,32,56851,77360,134225
1024,Uniform_Small,78,1,0,N/A,0.00003843,0.00001639,0.00004060,0.01739459,0.99995172,0.983215,True,False,344,48,60088,78035,138137
1024,Uniform_Small,79,1,0,N/A,0.00000873,0.00001603,0.00003584,0.01704269,0.99994970,0.983582,True,False,328,32,53874,77515,131403
1024,Uniform_Small,80,1,0,N/A,0.00000762,0.00001672,0.00003761,0.01773742,0.99994735,0.982880,True,False,328,32,52715,81956,134685
1024,Uniform_Small,81,1,0,N/A,0.00000342,0.00001589,0.00003317,0.01686638,0.99994853,0.983765,True,False,296,0,62762,78590,141366
1024,Uniform_Small,82,1,0,N/A,0.00000071,0.00001618,0.00003613,0.01718703,0.99994807,0.983429,True,False,344,48,61953,78269,140236
1024,Uniform_Small,83,1,0,N/A,0.00005670,0.00001618,0.00003572,0.01722009,0.99994835,0.983429,True,False,328,32,62556,79106,141676
1024,Uniform_Small,84,1,0,N/A,0.00001864,0.00001678,0.00003856,0.01785255,0.99994796,0.982819,True,False,344,48,53245,78170,131429
1024,Uniform_Small,85,1,0,N/A,0.00004524,0.00001510,0.00003281,0.01604829,0.99995023,0.984558,True,False,296,0,51930,77917,129861
1024,Uniform_Small,86,1,0,N/A,0.00000485,0.00001565,0.00003619,0.01668105,0.99995002,0.983978,True,False,312,16,47638,77044,124696
1024,Uniform_Small,87,1,0,N/A,0.00000316,0.00001574,0.00003315,0.01676244,0.99994909,0.983887,True,False,328,32,66426,79134,145574
1024,Uniform_Small,88,1,0,N/A,0.00001025,0.00001800,0.00004113,0.01912653,0.99995036,0.981567,True,False,328,32,55217,82744,137975
1024,Uniform_Small,89,1,0,N/A,0.00001512,0.00001556,0.00003332,0.01659177,0.99994800,0.984070,True,False,296,0,50102,77116,127232
1024,Uniform_Small,90,0,0,N/A,0.00000046,0.00001696,0.00004001,0.01801372,0.99994613,0.982635,True,False,360,64,52164,76893,129071
1024,Uniform_Small,91,1,1,1,0.00010062,0.00001497,0.00003226,0.01586584,0.99994969,0.984711,True,False,296,0,53074,83940,137028
1024,Uniform_Small,92,1,0,N/A,0.00001817,0.00001684,0.00003882,0.01787076,0.99995027,0.982758,True,False,328,32,54013,77849,131876
1024,Uniform_Small,93,1,0,N/A,0.00001597,0.00001542,0.00003363,0.01641059,0.99994993,0.984222,True,False,328,32,47175,77533,124722
1024,Uniform_Small,94,1,0,N/A,0.00002060,0.00001645,0.00003967,0.01747909,0.99994939,0.983154,True,False,328,32,57197,100283,157494
1024,Uniform_Small,95,1,0,N/A,0.00001959,0.00001558,0.00003192,0.01653996,0.99994957,0.984070,True,False,296,0,61354,78246,139614
1024,Uniform_Small,96,1,0,N/A,0.00005590,0.00001583,0.00003831,0.01676650,0.99995272,0.983795,True,False,328,32,54724,82399,137137
1024,Uniform_Small,97,1,0,N/A,0.00000598,0.00001539,0.00003383,0.01637571,0.99994758,0.984253,True,False,296,0,49280,76602,125896
1024,Uniform_Small,98,1,0,N/A,0.00002279,0.00001545,0.00003387,0.01639437,0.99995035,0.984192,True,False,296,0,53332,77249,130595
1024,Uniform_Small,99,0,0,N/A,0.00000049,0.00001615,0.00003308,0.01721781,0.99994586,0.983459,True,False,312,16,50766,77344,128124
1024,Uniform_Small,100,1,0,N/A,0.00000426,0.00001491,0.00003330,0.01582604,0.99995196,0.984741,True,False,312,16,50713,77724,128451
1024,Uniform_Small,101,1,0,N/A,0.00000352,0.00001667,0.00003442,0.01772792,0.99994552,0.982941,True,False,344,48,56450,77383,133847
1024,Uniform_Small,102,1,0,N/A,0.00001186,0.00001586,0.00003580,0.01686885,0.99994926,0.983765,True,False,312,16,51646,82027,133687
1024,Uniform_Small,103,1,0,N/A,0.00000538,0.00001740,0.00004183,0.01841842,0.99995004,0.982178,True,False,360,64,50172,76696,126882
1024,Uniform_Small,104,1,0,N/A,0.00000136,0.00001592,0.00003542,0.01690274,0.99994980,0.983704,True,False,312,16,60073,79069,139156
1024,Uniform_Small,105,1,0,N/A,0.00000213,0.00001521,0.00003126,0.01618521,0.99994812,0.984436,True,False,296,0,57129,78479,135622
1024,Uniform_Small,106,0,0,N/A,0.00000033,0.00001550,0.00003437,0.01650470,0.99994721,0.984161,True,False,296,0,50812,77350,128176
1024,Uniform_Small,107,0,0,N/A,0.00000063,0.00001639,0.00003749,0.01744401,0.99994698,0.983215,True,False,344,48,53432,76913,130359
1024,Uniform_Small,108,1,0,N/A,0.00000532,0.00001571,0.00003500,0.01670447,0.99994986,0.983917,True,False,312,16,58682,78658,137354
1024,Uniform_Small,109,1,0,N/A,0.00000265,0.00001592,0.00003543,0.01692746,0.99994843,0.983704,True,False,344,48,54429,77170,131613
1024,Uniform_Small,110,1,0,N/A,0.00002157,0.00001589,0.00003416,0.01693038,0.99994994,0.983734,True,False,328,32,53521,77361,130896
1024,Uniform_Small,111,1,0,N/A,0.00000076,0.00001758,0.00004084,0.01866204,0.99995057,0.981995,True,False,328,32,49764,77002,126780
1024,Uniform_Small,112,1,0,N/A,0.00000435,0.00001484,0.00003193,0.01575369,0.99995069,0.984833,True,False,296,0,59681,78374,138069
1024,Uniform_Small,113,1,0,N/A,0.00000141,0.00001660,0.00003562,0.01763702,0.99994625,0.983002,True,False,344,48,55248,77342,132604
1024,Uniform_Small,114,1,0,N/A,0.00003425,0.00001596,0.00003309,0.01696240,0.99994747,0.983673,True,False,328,32,50377,77126,127517
1024,Uniform_Small,115,1,0,N/A,0.00002888,0.00001490,0.00003514,0.01580502,0.99994964,0.984772,True,False,296,0,52899,77206,130119
1024,Uniform_Small,116,1,0,N/A,0.00000813,0.00001612,0.00003700,0.01716558,0.99994765,0.983490,True,False,328,32,52279,78586,130879
1024,Uniform_Small,117,1,0,N/A,0.00001718,0.00001530,0.00003313,0.01629219,0.99994965,0.984344,True,False,296,0,54846,77219,132079
1024,Uniform_Small,118,1,0,N/A,0.00001399,0.00001561,0.00003523,0.01660501,0.99994691,0.984039,True,False,312,16,49204,76282,125500
1024,Uniform_Small,119,1,0,N/A,0.00000159,0.00001571,0.00003430,0.01676548,0.99994634,0.983917,True,False,312,16,54960,77204,132178
1024,Uniform_Small,120,1,0,N/A,0.00002845,0.00001580,0.00003555,0.01680153,0.99994993,0.983826,True,False,328,32,51971,76470,128455
1024,Uniform_Small,121,1,0,N/A,0.00000318,0.00001587,0.00003755,0.01683831,0.99994957,0.983765,True,False,328,32,62348,78681,141043
1024,Uniform_Small,122,1,0,N/A,0.00000027,0.00001558,0.00003501,0.01653067,0.99995135,0.984070,True,False,312,16,49738,81142,130894
1024,Uniform_Small,123,1,0,N/A,0.00001164,0.00001574,0.00003470,0.01672919,0.99994907,0.983887,True,False,328,32,55486,77823,133323
1024,Uniform_Small,124,1,0,N/A,0.00001952,0.00001624,0.00003683,0.01727421,0.99994621,0.983368,True,False,312,16,55255,77518,132787
1024,Uniform_Small,125,1,0,N/A,0.00000587,0.00001533,0.00003499,0.01631976,0.99994968,0.984314,True,False,328,32,47294,76379,123687
1024,Uniform_Small,126,1,0,N/A,0.00000976,0.00001521,0.00003430,0.01617658,0.99995027,0.984436,True,False,312,16,54532,77676,132222
1024,Uniform_Small,127,1,0,N/A,0.00001495,0.00001544,0.00003473,0.01638328,0.99995109,0.984192,True,False,328,32,51488,76831,128333
1024,Uniform_Small,128,1,0,N/A,0.00000357,0.00001580,0.00003452,0.01682450,0.99994760,0.983826,True,False,328,32,57111,77412,134537
1024,Uniform_Small,129,1,0,N/A,0.00002270,0.00001565,0.00003529,0.01658152,0.99994995,0.983978,True,False,344,48,64374,79025,143413
1024,Uniform_Small,130,1,0,N/A,0.00001305,0.00001518,0.00003696,0.01612596,0.99995267,0.984467,True,False,328,32,65378,83996,149388
1024,Uniform_Small,131,1,0,N/A,0.00003211,0.00001666,0.00003881,0.01769613,0.99994767,0.982941,True,False,328,32,52379,77572,129965
1024,Uniform_Small,132,1,0,N/A,0.00001332,0.00001509,0.00003121,0.01605407,0.99995108,0.984558,True,False,312,16,63421,79035,142470
1024,Uniform_Small,133,1,0,N/A,0.00000116,0.00001496,0.00003627,0.01585963,0.99995176,0.984680,True,False,312,16,53394,77490,130898
1024,Uniform_Small,134,1,0,N/A,0.00000468,0.00001696,0.00004131,0.01797691,0.99995172,0.982635,True,False,344,48,51664,77199,128877
1024,Uniform_Small,135,1,0,N/A,0.00000714,0.00001764,0.00004114,0.01867312,0.99994920,0.981934,True,False,344,48,51278,76662,127954
1024,Uniform_Small,136,1,0,N/A,0.00000031,0.00001531,0.00003184,0.01625470,0.99994940,0.984344,True,False,296,0,48187,76977,125178
1024,Uniform_Small,137,1,0,N/A,0.00000286,0.00001737,0.00004029,0.01843466,0.99994964,0.982208,True,False,344,48,59147,78119,137280
1024,Uniform_Small,138,1,0,N/A,0.00000515,0.00001633,0.00003681,0.01736090,0.99994820,0.983276,True,False,328,32,59992,79043,139049
1024,Uniform_Small,139,1,0,N/A,0.00000217,0.00001580,0.00003304,0.01682323,0.99994739,0.983826,True,False,312,16,50236,77017,127267
1024,Uniform_Small,140,1,0,N/A,0.00001791,0.00001531,0.00003373,0.01631278,0.99994779,0.984344,True,False,296,0,56603,77562,134179
1024,Uniform_Small,141,1,0,N/A,0.00000267,0.00001565,0.00003380,0.01666808,0.99994842,0.983978,True,False,328,32,51125,76992,128131
1024,Uniform_Small,142,1,0,N/A,0.00000445,0.00001806,0.00004320,0.01914063,0.99994873,0.981506,True,False,344,48,55108,77544,132666
1024,Uniform_Small,143,1,0,N/A,0.00000173,0.00001572,0.00003365,0.01670595,0.99994763,0.983917,True,False,328,32,49835,76430,126279
1024,Uniform_Small,144,1,0,N/A,0.00002664,0.00001693,0.00003731,0.01796065,0.99994719,0.982666,True,False,344,48,53614,76956,130584
1024,Uniform_Small,145,1,0,N/A,0.00001788,0.00001552,0.00003248,0.01644203,0.99994740,0.984131,True,False,296,0,77437,84046,161497
1024,Uniform_Small,146,1,0,N/A,0.00001076,0.00001538,0.00003502,0.01633023,0.99994817,0.984283,True,False,296,0,67436,80600,148050
1024,Uniform_Small,147,1,0,N/A,0.00001119,0.00001586,0.00003588,0.01683827,0.99994782,0.983765,True,False,361,48,56511,77759,134284
1024,Uniform_Small,148,1,0,N/A,0.00000300,0.00001598,0.00003515,0.01700848,0.99994955,0.983643,True,False,312,16,53511,77643,131168
1024,Uniform_Small,149,1,0,N/A,0.00005919,0.00001628,0.00003477,0.01732189,0.99994772,0.983337,True,False,328,32,53125,76918,130057
1024,Uniform_Small,150,1,0,N/A,0.00000078,0.00001642,0.00003849,0.01744143,0.99995043,0.983185,True,False,344,48,49534,77254,126802
1024,Uniform_Small,151,1,0,N/A,0.00000853,0.00001758,0.00004189,0.01866045,0.99994717,0.981995,True,False,344,48,55898,77150,133062
1024,Uniform_Small,152,1,0,N/A,0.00000883,0.00001613,0.00003377,0.01716733,0.99994838,0.983490,True,False,312,16,51242,77398,128654
1024,Uniform_Small,153,1,0,N/A,0.00000491,0.00001866,0.00004668,0.01976671,0.99994961,0.980896,True,False,376,80,53871,77212,131097
1024,Uniform_Small,154,1,0,N/A,0.00004214,0.00001910,0.00004549,0.02026544,0.99994809,0.980438,True,False,360,64,53647,77002,130663
1024,Uniform_Small,155,1,0,N/A,0.00000224,0.00001550,0.00003392,0.01647748,0.99994829,0.984131,True,False,312,16,61651,83653,145318
1024,Uniform_Small,156,1,0,N/A,0.00002943,0.00001788,0.00004063,0.01898829,0.99994837,0.981689,True,False,344,48,53821,77464,131299
1024,Uniform_Small,157,1,0,N/A,0.00000308,0.00001571,0.00003290,0.01671801,0.99994904,0.983917,True,False,312,16,52058,76824,128896
1024,Uniform_Small,158,1,0,N/A,0.00001195,0.00001577,0.00003473,0.01678725,0.99994892,0.983856,True,False,328,32,57057,77518,134589
1024,Uniform_Small,159,1,0,N/A,0.00001581,0.00001548,0.00003422,0.01639667,0.99994861,0.984161,True,False,312,16,53689,77463,131166
1024,Uniform_Small,160,1,0,N/A,0.00000240,0.00001606,0.00003259,0.01708309,0.99994513,0.983582,True,False,312,16,49415,78106,127535
1024,Uniform_Small,161,1,0,N/A,0.00000728,0.00001749,0.00004227,0.01854185,0.99994874,0.982086,True,False,344,48,56168,76825,133007
1024,Uniform_Small,162,1,0,N/A,0.00000715,0.00001630,0.00003904,0.01730562,0.99995049,0.983307,True,False,312,16,56392,77716,134122
1024,Uniform_Small,163,1,0,N/A,0.00003075,0.00001752,0.00004333,0.01857847,0.99994873,0.982056,True,False,328,32,57681,77235,134930
1024,Uniform_Small,164,1,0,N/A,0.00000096,0.00001537,0.00003440,0.01634051,0.99994927,0.984283,True,False,313,0,53905,77502,131421
1024,Uniform_Small,165,1,0,N/A,0.00002573,0.00001592,0.00003561,0.01688786,0.99995042,0.983704,True,False,312,16,55054,77287,132355
1024,Uniform_Small,166,1,0,N/A,0.00002008,0.00001699,0.00003882,0.01803680,0.99994842,0.982605,True,False,312,16,50589,77109,127712
1024,Uniform_Small,167,1,0,N/A,0.00001427,0.00001563,0.00003385,0.01659490,0.99994937,0.984009,True,False,328,32,50231,75959,126204
1024,Uniform_Small,168,1,0,N/A,0.00000383,0.00001687,0.00003721,0.01789369,0.99994784,0.982727,True,False,344,48,53673,76972,130659
1024,Uniform_Small,169,1,0,N/A,0.00000312,0.00001480,0.00003229,0.01572861,0.99994948,0.984863,True,False,312,16,56111,77755,133880
1024,Uniform_Small,170,1,0,N/A,0.00001446,0.00001471,0.00003440,0.01561013,0.99995309,0.984955,True,False,312,16,53051,76664,129729
1024,Uniform_Small,171,1,0,N/A,0.00004293,0.00001881,0.00004595,0.01999959,0.99994573,0.980743,True,False,360,64,48332,76438,124784
1024,Uniform_Small,172,1,0,N/A,0.00004605,0.00001527,0.00003545,0.01625540,0.99994970,0.984375,True,False,312,16,74734,83635,158383
1024,Uniform_Small,173,1,0,N/A,0.00001762,0.00001537,0.00003443,0.01630030,0.99994915,0.984283,True,False,328,32,55946,77675,133635
1024,Uniform_Small,174,1,0,N/A,0.00000716,0.00001827,0.00004231,0.01937100,0.99994859,0.981293,True,False,360,64,57595,77761,135370
1024,Uniform_Small,175,1,0,N/A,0.00000020,0.00001539,0.00003381,0.01634746,0.99994956,0.984253,True,False,328,32,52753,77319,130086
1024,Uniform_Small,176,1,0,N/A,0.00001585,0.00001839,0.00004410,0.01946143,0.99994851,0.981171,True,False,344,48,53412,77456,130882
1024,Uniform_Small,177,1,0,N/A,0.00001363,0.00001746,0.00003996,0.01857690,0.99994624,0.982117,True,False,344,48,60031,77567,137612
1024,Uniform_Small,178,1,0,N/A,0.00000264,0.00001486,0.00003244,0.01574194,0.99995126,0.984802,True,False,312,16,50047,76928,126989
1024,Uniform_Small,179,1,0,N/A,0.00001074,0.00001827,0.00004375,0.01941985,0.99994578,0.981293,True,False,344,48,53604,77006,130624
1024,Uniform_Small,180,1,0,N/A,0.00000541,0.00001630,0.00003787,0.01732271,0.99995095,0.983307,True,False,328,32,60962,77541,138517
1024,Uniform_Small,181,1,0,N/A,0.00001506,0.00001586,0.00003368,0.01689659,0.99994883,0.983765,True,False,328,32,52733,76692,129439
1024,Uniform_Small,182,1,0,N/A,0.00000398,0.00001580,0.00003447,0.01675989,0.99994881,0.983826,True,False,312,16,53703,77203,130920
1024,Uniform_Small,183,1,0,N/A,0.00001054,0.00001621,0.00003623,0.01719276,0.99995204,0.983398,True,False,328,32,52022,76635,128671
1024,Uniform_Small,184,1,0,N/A,0.00000858,0.00001504,0.00003254,0.01597485,0.99994750,0.984619,True,False,312,16,52409,76694,129117
1024,Uniform_Small,185,1,0,N/A,0.00003973,0.00001702,0.00004188,0.01805053,0.99994872,0.982574,True,False,328,32,68312,79773,148099
1024,Uniform_Small,186,1,0,N/A,0.00000562,0.00001809,0.00004575,0.01919767,0.99995003,0.981476,True,False,328,32,60163,78074,138251
1024,Uniform_Small,187,1,0,N/A,0.00001591,0.00001515,0.00003182,0.01612694,0.99994857,0.984497,True,False,296,0,51979,76831,128824
1024,Uniform_Small,188,1,0,N/A,0.00002885,0.00001556,0.00003388,0.01651588,0.99995040,0.984070,True,False,312,16,50198,76923,127135
1024,Uniform_Small,189,1,0,N/A,0.00000835,0.00001791,0.00004146,0.01905970,0.99994780,0.981659,True,False,344,48,63355,78468,141837
1024,Uniform_Small,190,1,0,N/A,0.00001538,0.00001755,0.00003961,0.01862424,0.99994859,0.982025,True,False,344,48,53402,81606,135022
1024,Uniform_Small,191,1,0,N/A,0.00000777,0.00001875,0.00004675,0.01988269,0.99994912,0.980804,True,False,344,48,52396,77654,130064
1024,Uniform_Small,192,1,0,N/A,0.00002989,0.00001752,0.00003838,0.01864075,0.99994467,0.982056,True,False,312,16,53667,77051,130732
1024,Uniform_Small,193,1,0,N/A,0.00002440,0.00001472,0.00003218,0.01562747,0.99995378,0.984955,True,False,296,0,58277,77395,135686
1024,Uniform_Small,194,1,0,N/A,0.00000047,0.00001530,0.00003390,0.01621964,0.99995091,0.984344,True,False,312,16,56424,76684,133122
1024,Uniform_Small,195,1,0,N/A,0.00000000,0.00001536,0.00003338,0.01635234,0.99994977,0.984283,True,False,312,16,50654,77382,128050
1024,Uniform_Small,196,1,0,N/A,0.00000235,0.00001493,0.00003524,0.01586899,0.99995015,0.984741,True,False,312,16,54721,77522,132257
1024,Uniform_Small,197,1,0,N/A,0.00001403,0.00001517,0.00003324,0.01608808,0.99995149,0.984497,True,False,296,0,61458,78117,139589
1024,Uniform_Small,198,1,0,N/A,0.00000817,0.00001586,0.00003520,0.01685642,0.99994994,0.983765,True,False,328,32,54911,77094,132019
1024,Uniform_Small,199,1,0,N/A,0.00000451,0.00001699,0.00004006,0.01805126,0.99995039,0.982605,True,False,376,80,53246,77210,130470
1024,Uniform_Full,200,1,1,1,0.00049046,0.00000891,0.00006259,0.03508703,0.99999203,0.990875,True,False,328,32,53858,77178,131050
1024,Uniform_Full,201,1,1,1,0.00028604,0.00000861,0.00005246,0.04559709,0.99999233,0.991180,True,False,328,32,52557,76534,129105
1024,Uniform_Full,202,1,1,1,0.00035615,0.00000915,0.00006013,0.03868750,0.99999144,0.990631,True,False,328,32,50664,77124,127802
1024,Uniform_Full,203,1,1,1,0.00040960,0.00000978,0.00008019,0.03807014,0.99999268,0.989990,True,False,360,64,52122,76318,128454
1024,Uniform_Full,204,1,1,1,0.00052600,0.00000882,0.00006139,0.03839842,0.99999194,0.990967,True,False,344,48,53253,76453,129720
1024,Uniform_Full,205,1,1,1,0.00105264,0.00000777,0.00004396,0.04127087,0.99999178,0.992126,True,False,312,16,52632,76586,129232
1024,Uniform_Full,206,1,0,N/A,0.00000266,0.00000769,0.00003698,0.03851457,0.99999256,0.992218,True,False,296,0,64296,78510,142820
1024,Uniform_Full,207,1,1,1,0.00020918,0.00000873,0.00004750,0.04310709,0.99999147,0.991058,True,False,328,32,74784,77518,152316
1024,Uniform_Full,208,1,1,1,0.00015725,0.00000832,0.00004508,0.03659914,0.99999158,0.991486,True,False,344,48,52999,77231,130244
1024,Uniform_Full,209,1,1,1,0.00038339,0.00000857,0.00004897,0.04027065,0.99999167,0.991241,True,False,344,48,51143,76755,127912
1024,Uniform_Full,210,1,0,N/A,0.00004922,0.00000836,0.00005703,0.04149307,0.99999167,0.991486,True,False,360,64,54045,77352,131411
1024,Uniform_Full,211,1,1,1,0.00023685,0.00001079,0.00009111,0.04221878,0.99999143,0.988953,True,False,360,64,55056,77063,132133
1024,Uniform_Full,212,1,1,1,0.00044152,0.00000862,0.00003996,0.03819346,0.99999127,0.991180,True,False,328,32,50409,76602,127025
1024,Uniform_Full,213,1,1,1,0.00041593,0.00000948,0.00006247,0.03962561,0.99999120,0.990295,True,False,328,32,53626,76590,130230
1024,Uniform_Full,214,1,0,N/A,0.00003306,0.00000763,0.00003336,0.03768541,0.99999139,0.992218,True,False,312,16,61588,78262,139864
1024,Uniform_Full,215,1,1,1,0.00042632,0.00000903,0.00005476,0.03912136,0.99999187,0.990753,True,False,344,48,53607,76824,130445
1024,Uniform_Full,216,1,1,1,0.00012492,0.00000844,0.00005746,0.03517194,0.99999231,0.991364,True,False,328,32,49676,77212,126902
1024,Uniform_Full,217,1,1,1,0.00045173,0.00000857,0.00004530,0.03914297,0.99999113,0.991272,True,False,312,16,53213,77275,130502
1024,Uniform_Full,218,1,1,1,0.00030796,0.00000797,0.00005650,0.03723125,0.99999265,0.991882,True,False,328,32,51019,76546,127579
1024,Uniform_Full,219,1,0,N/A,0.00000593,0.00000855,0.00006139,0.04341668,0.99999280,0.991241,True,False,328,32,55738,77128,132880
1024,Uniform_Full,220,1,0,N/A,0.00000182,0.00000767,0.00004017,0.03596053,0.99999140,0.992249,True,False,312,16,53054,78071,131139
1024,Uniform_Full,221,1,1,1,0.00016424,0.00000954,0.00005714,0.03953864,0.99999053,0.990234,True,False,344,48,47220,76180,123414
1024,Uniform_Full,222,1,0,N/A,0.00001223,0.00000838,0.00005172,0.03637018,0.99999238,0.991425,True,False,328,32,54866,77369,132249
1024,Uniform_Full,223,1,1,1,0.00011588,0.00000998,0.00006974,0.04414884,0.99999151,0.989777,True,False,328,32,61309,77685,139008
1024,Uniform_Full,224,1,1,1,0.00014706,0.00000870,0.00005006,0.03810701,0.99999113,0.991089,True,False,328,32,51788,77076,128878
1024,Uniform_Full,225,1,1,1,0.00030214,0.00000867,0.00005909,0.04043451,0.99999111,0.991150,True,False,328,32,51861,76505,128380
1024,Uniform_Full,226,1,0,N/A,0.00000750,0.00000819,0.00004110,0.03913795,0.99999188,0.991638,True,False,312,16,53405,76891,130310
1024,Uniform_Full,227,1,1,1,0.00073268,0.00000752,0.00004244,0.03709965,0.99999316,0.992310,True,False,328,32,52415,76875,129304
1024,Uniform_Full,228,1,1,1,0.00031830,0.00000757,0.00004036,0.03541252,0.99999279,0.992340,True,False,312,16,49823,77525,127362
1024,Uniform_Full,229,1,1,1,0.00011897,0.00000812,0.00005121,0.03836240,0.99999174,0.991699,True,False,312,16,51403,76972,128389
1024,Uniform_Full,230,1,1,1,0.00020072,0.00000813,0.00005179,0.03547438,0.99999177,0.991699,True,False,312,16,54013,77169,131196
1024,Uniform_Full,231,1,1,1,0.00011879,0.00000954,0.00006449,0.03836675,0.99999136,0.990234,True,False,328,32,60978,78174,139166
1024,Uniform_Full,232,1,0,N/A,0.00001400,0.00000752,0.00004417,0.04003242,0.99999327,0.992310,True,False,344,48,56808,77939,134761
1024,Uniform_Full,233,1,1,1,0.00012254,0.00000759,0.00003739,0.03924366,0.99999232,0.992340,True,False,312,16,52264,81350,133628
1024,Uniform_Full,234,1,1,1,0.00031980,0.00000773,0.00004871,0.04254195,0.99999250,0.992096,True,False,328,32,64900,78912,143826
1024,Uniform_Full,235,1,1,1,0.00064900,0.00000778,0.00004771,0.03698837,0.99999224,0.992065,True,False,328,32,49216,76655,125885
1024,Uniform_Full,236,1,1,1,0.00029444,0.00000885,0.00005015,0.04239597,0.99999179,0.990936,True,False,344,48,52891,76374,129279
1024,Uniform_Full,237,1,1,1,0.00017257,0.00000838,0.00006079,0.03630305,0.99999231,0.991425,True,False,328,32,52821,76613,129448
1024,Uniform_Full,238,1,0,N/A,0.00000304,0.00000802,0.00004919,0.03852073,0.99999227,0.991821,True,False,328,32,50027,76605,126646
1024,Uniform_Full,239,1,1,1,0.00010249,0.00000800,0.00004837,0.03944092,0.99999071,0.991852,True,False,312,16,53815,76611,130440
1024,Uniform_Full,240,1,1,1,0.00018425,0.00000768,0.00004480,0.03748375,0.99999260,0.992188,True,False,328,32,59671,77434,137119
1024,Uniform_Full,241,1,1,1,0.00016611,0.00000772,0.00003766,0.04039944,0.99999170,0.992157,True,False,296,0,53422,77619,131055
1024,Uniform_Full,242,1,1,1,0.00028071,0.00000879,0.00006179,0.03813920,0.99999268,0.990997,True,False,344,48,49808,76587,126409
1024,Uniform_Full,243,1,0,N/A,0.00000138,0.00000776,0.00003686,0.03890885,0.99999283,0.992126,True,False,328,32,55827,76977,132818
1024,Uniform_Full,244,1,1,1,0.00018215,0.00000948,0.00005476,0.04063425,0.99999153,0.990295,True,False,328,32,53081,76668,129763
1024,Uniform_Full,245,1,1,1,0.00047678,0.00000690,0.00003206,0.03473365,0.99999359,0.993195,True,False,312,16,53698,76861,130573
1024,Uniform_Full,246,1,1,1,0.00029186,0.00000833,0.00005391,0.04464709,0.99999182,0.991486,True,False,328,32,53106,77557,130677
1024,Uniform_Full,247,1,1,1,0.00009786,0.00000813,0.00005028,0.03457641,0.99999126,0.991730,True,False,312,16,58829,77451,136294
1024,Uniform_Full,248,1,1,1,0.00013787,0.00000795,0.00004501,0.03845922,0.99999180,0.991943,True,False,312,16,65629,78735,144378
1024,Uniform_Full,249,1,1,1,0.00023841,0.00000775,0.00004719,0.03675645,0.99999263,0.992096,True,False,312,16,55808,77506,133328
1024,Uniform_Full,250,1,0,N/A,0.00000010,0.00000785,0.00003841,0.03892973,0.99999208,0.992004,True,False,312,16,50919,77314,128247
1024,Uniform_Full,251,1,1,1,0.00020763,0.00000865,0.00004206,0.03969823,0.99999126,0.991150,True,False,328,32,52671,76914,129599
1024,Uniform_Full,252,1,1,1,0.00036042,0.00000866,0.00004771,0.04119725,0.99999173,0.991150,True,False,328,32,50529,76647,127190
1024,Uniform_Full,253,1,0,N/A,0.00000307,0.00000855,0.00005797,0.03994483,0.99999227,0.991241,True,False,328,32,74756,77344,152114
1024,Uniform_Full,254,1,1,1,0.00023769,0.00000753,0.00003477,0.03289662,0.99999203,0.992371,True,False,312,16,51895,76766,128675
1024,Uniform_Full,255,1,1,1,0.00007592,0.00000802,0.00004412,0.03919608,0.99999078,0.991882,True,False,296,0,52372,76667,129053
1024,Uniform_Full,256,1,1,1,0.00040102,0.00000885,0.00006025,0.04001338,0.99999122,0.990936,True,False,344,48,52741,77821,130576
1024,Uniform_Full,257,1,1,1,0.00032101,0.00000807,0.00004171,0.03807116,0.99999165,0.991913,True,False,296,0,62028,77953,139995
1024,Uniform_Full,258,1,0,N/A,0.00001875,0.00000748,0.00004526,0.03617174,0.99999275,0.992401,True,False,296,0,50976,76889,127879
1024,Uniform_Full,259,1,1,1,0.00025268,0.00000856,0.00006442,0.04218664,0.99999227,0.991241,True,False,328,32,54784,76888,131686
1024,Uniform_Full,260,1,1,1,0.00019693,0.00000989,0.00007874,0.04022515,0.99999188,0.989868,True,False,328,32,54774,77006,131794
1024,Uniform_Full,261,1,1,1,0.00011276,0.00000912,0.00005846,0.03798522,0.99999136,0.990662,True,False,344,48,50682,76208,126904
1024,Uniform_Full,262,1,0,N/A,0.00003078,0.00000803,0.00004462,0.03686212,0.99999164,0.991791,True,False,329,16,52835,77804,130653
1024,Uniform_Full,263,1,1,1,0.00009335,0.00000760,0.00003650,0.03508432,0.99999152,0.992310,True,False,296,0,48144,76376,124534
1024,Uniform_Full,264,1,0,N/A,0.00003059,0.00000873,0.00005107,0.04035202,0.99999202,0.991058,True,False,312,16,65933,79195,145142
1024,Uniform_Full,265,1,1,1,0.00053317,0.00000844,0.00005133,0.03835312,0.99999179,0.991364,True,False,344,48,60135,78027,138176
1024,Uniform_Full,266,1,1,1,0.00049602,0.00000847,0.00005489,0.03875750,0.99999128,0.991333,True,False,328,32,70465,79570,150049
1024,Uniform_Full,267,1,1,1,0.00008288,0.00000840,0.00005092,0.03974955,0.99999113,0.991486,True,False,312,16,54949,78102,133065
1024,Uniform_Full,268,1,1,1,0.00026554,0.00001016,0.00008694,0.04436908,0.99999229,0.989594,True,False,345,32,53103,77488,130605
1024,Uniform_Full,269,1,1,1,0.00045902,0.00000802,0.00004283,0.03910602,0.99999175,0.991882,True,False,312,16,54367,76381,130762
1024,Uniform_Full,270,1,0,N/A,0.00003102,0.00000771,0.00004399,0.03694778,0.99999255,0.992249,True,False,312,16,57997,76656,134667
1024,Uniform_Full,271,1,1,1,0.00035039,0.00000760,0.00003849,0.03209173,0.99999146,0.992279,True,False,304,0,51440,78657,130111
1024,Uniform_Full,272,1,1,1,0.00070278,0.00000939,0.00006639,0.03793370,0.99999224,0.990387,True,False,328,32,53156,77007,130177
1024,Uniform_Full,273,1,1,1,0.00033434,0.00000834,0.00004579,0.04075412,0.99999214,0.991486,True,False,328,32,55918,77126,133058
1024,Uniform_Full,274,1,0,N/A,0.00003289,0.00000960,0.00006548,0.04425780,0.99999184,0.990173,True,False,344,48,57744,78414,136172
1024,Uniform_Full,275,1,1,1,0.00056437,0.00000900,0.00006549,0.03677597,0.99999234,0.990784,True,False,360,64,51603,76493,128110
1024,Uniform_Full,276,1,1,1,0.00031717,0.00001034,0.00007962,0.03795680,0.99999190,0.989410,True,False,344,48,53011,77066,130091
1024,Uniform_Full,277,1,1,1,0.00049057,0.00000819,0.00004490,0.03865423,0.99999149,0.991669,True,False,328,32,48377,76557,124948
1024,Uniform_Full,278,1,1,1,0.00063748,0.00001046,0.00007994,0.04280551,0.99999157,0.989288,True,False,360,64,57066,78000,135080
1024,Uniform_Full,279,1,1,1,0.00033580,0.00000769,0.00004132,0.03683245,0.99999184,0.992188,True,False,328,32,55219,78964,134197
1024,Uniform_Full,280,1,1,1,0.00033419,0.00001013,0.00006700,0.03822046,0.99999154,0.989624,True,False,360,64,49378,76358,125750
1024,Uniform_Full,281,1,0,N/A,0.00004343,0.00000808,0.00004861,0.03796436,0.99999239,0.991730,True,False,328,32,48264,76409,124687
1024,Uniform_Full,282,1,1,1,0.00161950,0.00000820,0.00004633,0.04224977,0.99999239,0.991608,True,False,312,16,61879,78238,140131
1024,Uniform_Full,283,1,1,1,0.00024517,0.00000758,0.00004162,0.03820126,0.99999282,0.992371,True,False,312,16,51992,76959,128965
1024,Uniform_Full,284,1,0,N/A,0.00001696,0.00000770,0.00004547,0.03817845,0.99999188,0.992249,True,False,312,16,52713,76879,129606
1024,Uniform_Full,285,1,0,N/A,0.00002130,0.00000906,0.00006001,0.04075729,0.99999228,0.990723,True,False,344,48,54573,77967,132554
1024,Uniform_Full,286,1,1,1,0.00025474,0.00000821,0.00004376,0.03978704,0.99999141,0.991608,True,False,312,16,49946,76977,126937
1024,Uniform_Full,287,1,1,1,0.00031787,0.00000897,0.00006519,0.03423208,0.99999259,0.990814,True,False,328,32,57132,82703,139849
1024,Uniform_Full,288,1,1,1,0.00023299,0.00000936,0.00006354,0.03969955,0.99999075,0.990417,True,False,328,32,48906,76426,125346
1024,Uniform_Full,289,1,1,1,0.00008456,0.00000747,0.00003367,0.03551605,0.99999226,0.992523,True,False,312,16,53798,77033,130845
1024,Uniform_Full,290,1,1,1,0.00035812,0.00000801,0.00004015,0.03736208,0.99999220,0.991882,True,False,328,32,50497,81450,131961
1024,Uniform_Full,291,1,1,1,0.00066251,0.00000838,0.00005339,0.04463725,0.99999191,0.991425,True,False,328,32,66239,78491,144744
1024,Uniform_Full,292,1,0,N/A,0.00005914,0.00000808,0.00004011,0.03598185,0.99999189,0.991791,True,False,328,32,54706,77345,132065
1024,Uniform_Full,293,1,1,1,0.00006308,0.00000833,0.00005583,0.03758535,0.99999154,0.991486,True,False,328,32,51905,77130,129049
1024,Uniform_Full,294,1,0,N/A,0.00005930,0.00000784,0.00004955,0.03777336,0.99999155,0.992035,True,False,328,32,53788,77155,130957
1024,Uniform_Full,295,1,0,N/A,0.00005587,0.00000786,0.00004223,0.03833495,0.99999229,0.992035,True,False,312,16,49285,76621,125920
1024,Uniform_Full,296,1,0,N/A,0.00001917,0.00000800,0.00003822,0.03743871,0.99999179,0.991852,True,False,328,32,56099,77190,133303
1024,Uniform_Full,297,1,1,1,0.00017813,0.00000812,0.00005670,0.03694649,0.99999249,0.991730,True,False,312,16,49598,76292,125904
1024,Uniform_Full,298,1,1,1,0.00006403,0.00000909,0.00007023,0.04042666,0.99999196,0.990692,True,False,344,48,57429,77749,135192
1024,Uniform_Full,299,1,1,1,0.00007760,0.00000742,0.00004241,0.03325490,0.99999228,0.992493,True,False,312,16,64806,78626,143446
1024,Uniform_Full,300,1,0,N/A,0.00000550,0.00000873,0.00005526,0.03545257,0.99999190,0.991058,True,False,328,32,51855,76886,128755
1024,Uniform_Full,301,1,1,1,0.00079848,0.00000853,0.00005502,0.04127373,0.99999192,0.991272,True,False,328,32,54964,77097,132075
1024,Uniform_Full,302,1,1,1,0.00043695,0.00000849,0.00004301,0.03663061,0.99999138,0.991333,True,False,344,48,50414,76892,127320
1024,Uniform_Full,303,1,0,N/A,0.00005921,0.00000737,0.00004345,0.03830591,0.99999314,0.992523,True,False,296,0,54693,77457,132164
1024,Uniform_Full,304,1,1,1,0.00019448,0.00000835,0.00004329,0.04122984,0.99999217,0.991455,True,False,328,32,52917,77050,129981
1024,Uniform_Full,305,1,0,N/A,0.00000644,0.00000763,0.00003508,0.03630572,0.99999280,0.992218,True,False,312,16,52988,77047,130049
1024,Uniform_Full,306,1,1,1,0.00024758,0.00000756,0.00004591,0.03797636,0.99999295,0.992340,True,False,312,16,54104,77102,131220
1024,Uniform_Full,307,1,1,1,0.00025865,0.00000807,0.00004462,0.04108233,0.99999258,0.991760,True,False,312,16,52775,77444,130233
1024,Uniform_Full,308,1,0,N/A,0.00004603,0.00000722,0.00004892,0.03880276,0.99999299,0.992767,True,False,312,16,62772,79118,141904
1024,Uniform_Full,309,1,1,1,0.00043008,0.00000794,0.00004598,0.03848302,0.99999183,0.991913,True,False,328,32,55213,77130,132357
1024,Uniform_Full,310,1,1,1,0.00042389,0.00000781,0.00004657,0.04322862,0.99999302,0.992096,True,False,328,32,53562,77063,130639
1024,Uniform_Full,311,1,0,N/A,0.00005550,0.00000748,0.00003759,0.04025597,0.99999210,0.992554,True,False,296,0,51621,76190,127825
1024,Uniform_Full,312,1,0,N/A,0.00002489,0.00000750,0.00004617,0.03414974,0.99999253,0.992340,True,False,328,32,51694,77197,128905
1024,Uniform_Full,313,1,1,1,0.00057777,0.00000957,0.00006028,0.04001781,0.99999171,0.990204,True,False,328,32,51821,76626,128461
1024,Uniform_Full,314,1,1,1,0.00027935,0.00000832,0.00004965,0.03948580,0.99999291,0.991486,True,False,328,32,52898,77718,130630
1024,Uniform_Full,315,1,1,1,0.00018170,0.00000788,0.00003506,0.04153264,0.99999164,0.992035,True,False,312,16,52635,76911,129560
1024,Uniform_Full,316,1,0,N/A,0.00001906,0.00000803,0.00004348,0.04082620,0.99999152,0.991821,True,False,312,16,67669,79288,146971
1024,Uniform_Full,317,1,1,1,0.00010884,0.00000807,0.00004733,0.04162149,0.99999225,0.991791,True,False,312,16,55317,76636,131967
1024,Uniform_Full,318,1,1,1,0.00100740,0.00000918,0.00008149,0.03923873,0.99999234,0.990601,True,False,344,48,52065,76978,129057
1024,Uniform_Full,319,1,1,1,0.00016113,0.00000772,0.00004974,0.03472642,0.99999195,0.992188,True,False,312,16,53394,76615,130023
1024,Uniform_Full,320,1,1,1,0.00006786,0.00000996,0.00008441,0.04005896,0.99999247,0.989807,True,False,344,48,47036,76197,123247
1024,Uniform_Full,321,1,0,N/A,0.00000687,0.00000822,0.00004714,0.03866612,0.99999135,0.991638,True,False,312,16,59768,77733,137515
1024,Uniform_Full,322,1,1,1,0.00008497,0.00001034,0.00006703,0.04007287,0.99999128,0.989410,True,False,360,64,52597,78196,130807
1024,Uniform_Full,323,1,1,1,0.00035213,0.00000824,0.00005858,0.03685809,0.99999268,0.991577,True,False,328,32,48361,76355,124730
1024,Uniform_Full,324,1,1,1,0.00010878,0.00000906,0.00005215,0.04068244,0.99999120,0.990723,True,False,328,32,53361,76909,130284
1024,Uniform_Full,325,1,1,1,0.00032711,0.00001070,0.00009242,0.04208832,0.99999210,0.989044,True,False,360,64,65539,84341,149894
1024,Uniform_Full,326,1,1,1,0.00021155,0.00000870,0.00005400,0.03533058,0.99999194,0.991089,True,False,328,32,53110,76927,130051
1024,Uniform_Full,327,1,1,1,0.00060877,0.00000954,0.00007872,0.03882161,0.99999190,0.990234,True,False,328,32,47442,76063,123519
1024,Uniform_Full,328,1,0,N/A,0.00001944,0.00000837,0.00004549,0.04280024,0.99999041,0.991455,True,False,312,16,55366,76904,132284
1024,Uniform_Full,329,1,1,1,0.00010605,0.00000771,0.00004214,0.03622340,0.99999166,0.992249,True,False,296,0,54279,76946,131239
1024,Uniform_Full,330,1,0,N/A,0.00001397,0.00000761,0.00003869,0.03827262,0.99999246,0.992310,True,False,296,0,47989,78034,126037
1024,Uniform_Full,331,1,1,1,0.00014462,0.00000789,0.00004735,0.03817945,0.99999215,0.991943,True,False,328,32,61679,78083,139776
1024,Uniform_Full,332,1,1,1,0.00010529,0.00000900,0.00005071,0.04424694,0.99999143,0.990784,True,False,328,32,53711,76070,129795
1024,Uniform_Full,333,1,1,1,0.00042481,0.00000750,0.00003946,0.03865109,0.99999176,0.992462,True,False,312,16,58590,77329,135933
1024,Uniform_Full,334,1,1,1,0.00014744,0.00000750,0.00004539,0.03415670,0.99999278,0.992462,True,False,312,16,49864,75911,125789
1024,Uniform_Full,335,1,1,1,0.00029728,0.00000821,0.00004951,0.03826809,0.99999222,0.991608,True,False,328,32,54579,75886,130479
1024,Uniform_Full,336,1,1,1,0.00096206,0.00000739,0.00004550,0.03351976,0.99999323,0.992584,True,False,312,16,63028,80261,143303
1024,Uniform_Full,337,1,1,1,0.00055488,0.00000765,0.00003851,0.03603861,0.99999218,0.992249,True,False,296,0,49363,76112,125489
1024,Uniform_Full,338,1,1,1,0.00020757,0.00000790,0.00004246,0.04033415,0.99999107,0.991974,True,False,296,0,52940,75866,128820
1024,Uniform_Full,339,1,1,1,0.00013762,0.00000792,0.00005785,0.03360444,0.99999301,0.991913,True,False,344,48,46831,75676,122521
1024,Uniform_Full,340,1,1,1,0.00040641,0.00000881,0.00004383,0.04330770,0.99999077,0.990997,True,False,312,16,52455,76418,128887
1024,Uniform_Full,341,1,1,1,0.00015068,0.00000915,0.00006065,0.04586785,0.99999167,0.990631,True,False,328,32,49783,75745,125542
1024,Uniform_Full,342,1,1,1,0.00019467,0.00000819,0.00004169,0.03750224,0.99999161,0.991638,True,False,329,16,60826,82769,143609
1024,Uniform_Full,343,1,1,1,0.00016630,0.00000776,0.00005041,0.04460614,0.99999300,0.992126,True,False,328,32,50671,75722,126407
1024,Uniform_Full,344,1,1,1,0.00033439,0.00000808,0.00004269,0.04072535,0.99999188,0.991791,True,False,312,16,53959,78020,131993
1024,Uniform_Full,345,1,1,1,0.00025064,0.00000741,0.00004818,0.03644604,0.99999272,0.992493,True,False,296,0,52732,81133,133879
1024,Uniform_Full,346,1,0,N/A,0.00005073,0.00000930,0.00006303,0.03873958,0.99999180,0.990479,True,False,360,64,47457,75728,123199
1024,Uniform_Full,347,1,0,N/A,0.00005285,0.00000799,0.00005410,0.04101381,0.99999220,0.991852,True,False,312,16,52832,76133,128979
1024,Uniform_Full,348,1,1,1,0.00007887,0.00000755,0.00004373,0.03372819,0.99999218,0.992340,True,False,296,0,47545,80365,127924
1024,Uniform_Full,349,1,1,1,0.00020712,0.00000793,0.00004784,0.03989033,0.99999206,0.991943,True,False,328,32,55494,76699,132207
1024,Uniform_Full,350,1,1,1,0.00014163,0.00000909,0.00006611,0.03858427,0.99999191,0.990692,True,False,328,32,64490,78695,143199
1024,Uniform_Full,351,1,1,1,0.00013726,0.00000784,0.00004209,0.03373628,0.99999215,0.991974,True,False,328,32,54517,76479,131010
1024,Uniform_Full,352,1,1,1,0.00035679,0.00000801,0.00003391,0.03884670,0.99999059,0.991913,True,False,296,0,51493,75423,126930
1024,Uniform_Full,353,1,1,1,0.00013686,0.00000819,0.00004938,0.04076385,0.99999123,0.991638,True,False,312,16,49177,81536,130727
1024,Uniform_Full,354,1,0,N/A,0.00002004,0.00000865,0.00004470,0.04025635,0.99999200,0.991150,True,False,312,16,54078,76382,130474
1024,Uniform_Full,355,1,1,1,0.00006174,0.00000846,0.00004921,0.03596026,0.99999260,0.991333,True,False,344,48,53318,77790,131122
1024,Uniform_Full,356,1,1,1,0.00042327,0.00000821,0.00004945,0.03857108,0.99999235,0.991608,True,False,344,48,60071,76744,136829
1024,Uniform_Full,357,1,0,N/A,0.00000981,0.00000781,0.00004772,0.03758616,0.99999281,0.992126,True,False,312,16,70265,81431,151710
1024,Uniform_Full,358,1,1,1,0.00020449,0.00000841,0.00006126,0.04011205,0.99999276,0.991394,True,False,360,64,52118,76978,129110
1024,Uniform_Full,359,1,1,1,0.00011498,0.00000759,0.00003923,0.03754459,0.99999183,0.992371,True,False,296,0,71135,79044,150193
1024,Uniform_Full,360,1,1,1,0.00027674,0.00000975,0.00005763,0.03860617,0.99999107,0.990021,True,False,328,32,58077,77827,135918
1024,Uniform_Full,361,1,0,N/A,0.00002914,0.00000771,0.00004362,0.03300375,0.99999253,0.992126,True,False,328,32,53174,76581,129769
1024,Uniform_Full,362,1,1,1,0.00006825,0.00000773,0.00004227,0.04083673,0.99999251,0.992218,True,False,329,16,50787,76605,127406
1024,Uniform_Full,363,1,0,N/A,0.00003832,0.00000797,0.00004603,0.03820303,0.99999128,0.991943,True,False,296,0,53406,76897,130317
1024,Uniform_Full,364,1,0,N/A,0.00003622,0.00000877,0.00005144,0.03925902,0.99999123,0.991028,True,False,312,16,50935,77588,128537
1024,Uniform_Full,365,1,0,N/A,0.00004952,0.00000818,0.00003918,0.04411700,0.99999167,0.991760,True,False,312,16,54111,76443,130568
1024,Uniform_Full,366,1,1,1,0.00053748,0.00000780,0.00004543,0.03705444,0.99999199,0.992065,True,False,312,16,55084,77016,132114
1024,Uniform_Full,367,1,0,N/A,0.00000247,0.00000741,0.00003936,0.03398656,0.99999236,0.992523,True,False,312,16,64397,78071,142482
1024,Uniform_Full,368,1,1,1,0.00010116,0.00000829,0.00004571,0.03691702,0.99999258,0.991516,True,False,344,48,53108,76894,130016
1024,Uniform_Full,369,1,0,N/A,0.00004893,0.00000683,0.00004060,0.03434231,0.99999305,0.993103,True,False,296,0,51719,76622,128355
1024,Uniform_Full,370,1,0,N/A,0.00001999,0.00000876,0.00005199,0.03863048,0.99999215,0.991028,True,False,344,48,52805,76377,129196
1024,Uniform_Full,371,1,1,1,0.00048842,0.00000869,0.00004842,0.03982354,0.99999167,0.991119,True,False,312,16,55764,76578,132356
1024,Uniform_Full,372,1,1,1,0.00036845,0.00000781,0.00005256,0.03149522,0.99999270,0.992035,True,False,344,48,53675,75989,129678
1024,Uniform_Full,373,1,1,1,0.00009677,0.00000776,0.00003748,0.03760293,0.99999104,0.992126,True,False,328,32,53520,76320,129854
1024,Uniform_Full,374,1,1,1,0.00046263,0.00000749,0.00004376,0.03820272,0.99999251,0.992401,True,False,296,0,47503,75986,123503
1024,Uniform_Full,375,1,1,1,0.00048169,0.00000751,0.00004234,0.03622087,0.99999222,0.992340,True,False,328,32,55341,76899,132254
1024,Uniform_Full,376,1,1,1,0.00052314,0.00000791,0.00004935,0.03962252,0.99999255,0.991943,True,False,312,16,59466,77547,137027
1024,Uniform_Full,377,1,1,1,0.00020433,0.00000776,0.00004303,0.03503472,0.99999293,0.992065,True,False,328,32,52670,76559,129243
1024,Uniform_Full,378,1,1,1,0.00007500,0.00000808,0.00004795,0.03820693,0.99999197,0.991760,True,False,312,16,50203,76153,126370
1024,Uniform_Full,379,1,1,1,0.00069584,0.00000772,0.00004467,0.03303667,0.99999212,0.992157,True,False,328,32,52383,76879,129276
1024,Uniform_Full,380,1,1,1,0.00128924,0.00000868,0.00005182,0.04611648,0.99999180,0.991119,True,False,328,32,48754,76783,125551
1024,Uniform_Full,381,1,1,1,0.00035295,0.00000832,0.00004808,0.04159327,0.99999137,0.991547,True,False,328,32,52082,75972,128068
1024,Uniform_Full,382,1,0,N/A,0.00004268,0.00000847,0.00005064,0.04407350,0.99999177,0.991333,True,False,344,48,54298,76695,131007
1024,Uniform_Full,383,1,0,N/A,0.00005687,0.00000841,0.00004419,0.04035769,0.99999146,0.991425,True,False,312,16,49961,81369,131344
1024,Uniform_Full,384,1,1,1,0.00040489,0.00000836,0.00004038,0.03873143,0.99999174,0.991455,True,False,328,32,59918,77473,137405
1024,Uniform_Full,385,1,1,1,0.00054900,0.00000942,0.00007113,0.03727523,0.99999175,0.990356,True,False,328,32,53435,76305,129754
1024,Uniform_Full,386,1,1,1,0.00020348,0.00000774,0.00004025,0.03822228,0.99999234,0.992218,True,False,296,0,50404,76562,126980
1024,Uniform_Full,387,1,1,1,0.00039133,0.00000844,0.00004970,0.04195805,0.99999206,0.991364,True,False,328,32,45952,76444,122410
1024,Uniform_Full,388,1,1,1,0.00011791,0.00000845,0.00006508,0.03753466,0.99999237,0.991364,True,False,312,16,54005,77071,131090
1024,Uniform_Full,389,1,1,1,0.00014813,0.00001004,0.00007738,0.04046265,0.99999233,0.989716,True,False,328,32,54937,76822,131773
1024,Uniform_Full,390,1,1,1,0.00014157,0.00000900,0.00006287,0.04138327,0.99999228,0.990784,True,False,344,48,47102,75972,123088
1024,Uniform_Full,391,1,1,1,0.00006285,0.00000826,0.00005350,0.03613355,0.99999232,0.991547,True,False,328,32,55277,77040,132331
1024,Uniform_Full,392,1,1,1,0.00063459,0.00000790,0.00004779,0.03888077,0.99999223,0.992035,True,False,312,16,52319,76522,128855
1024,Uniform_Full,393,1,0,N/A,0.00002045,0.00000783,0.00004409,0.03448904,0.99999111,0.992065,True,False,312,16,58839,77323,136176
1024,Uniform_Full,394,1,1,1,0.00012706,0.00000744,0.00003458,0.03692798,0.99999213,0.992584,True,False,296,0,54521,77677,132212
1024,Uniform_Full,395,1,1,1,0.00006232,0.00001168,0.00008408,0.04902501,0.99999130,0.988037,True,False,344,48,49869,76420,126303
1024,Uniform_Full,396,1,1,1,0.00006128,0.00000853,0.00005219,0.04251592,0.99999231,0.991272,True,False,360,64,55046,76816,131876
1024,Uniform_Full,397,1,0,N/A,0.00005838,0.00000810,0.00004913,0.04263976,0.99999155,0.991821,True,False,312,16,51601,76001,127616
1024,Uniform_Full,398,1,1,1,0.00024816,0.00000788,0.00004086,0.03662311,0.99999128,0.992065,True,False,312,16,52872,76772,129658
1024,Uniform_Full,399,1,1,1,0.00041129,0.00000796,0.00004178,0.04086475,0.99999216,0.991913,True,False,312,16,48426,76264,124704
1024,Gaussian_s2,400,1,1,1,0.02286944,0.00001427,0.00017154,0.06433485,0.99999225,0.985413,True,False,312,16,53845,77053,130912
1024,Gaussian_s2,401,1,1,1,0.04173457,0.00001380,0.00008915,0.06020106,0.99999512,0.986511,True,False,312,16,58479,77743,136236
1024,Gaussian_s2,402,1,1,1,0.04043521,0.00001405,0.00006944,0.06001388,0.99999240,0.986084,True,False,312,16,52709,76946,129669
1024,Gaussian_s2,403,1,1,1,0.00932598,0.00001538,0.00013997,0.06399997,0.99998762,0.984253,True,False,312,16,53734,77184,130932
1024,Gaussian_s2,404,1,1,1,0.07227204,0.00001317,0.00011211,0.05727751,0.99999589,0.988129,True,False,312,16,52235,76572,128821
1024,Gaussian_s2,405,1,1,1,0.02155722,0.00001437,0.00006830,0.06790694,0.99999055,0.985596,True,False,328,32,53394,81716,135124
1024,Gaussian_s2,406,1,1,1,0.01248938,0.00001392,0.00005491,0.06407788,0.99998855,0.985840,True,False,312,16,49145,76275,125434
1024,Gaussian_s2,407,1,1,1,0.02552035,0.00001283,0.00004007,0.05340888,0.99999252,0.987518,True,False,296,0,51348,76685,128047
1024,Gaussian_s2,408,1,1,1,0.07291828,0.00001372,0.00008291,0.06253241,0.99999524,0.986359,True,False,344,48,52134,78014,130162
1024,Gaussian_s2,409,1,1,1,0.10202233,0.00001286,0.00011744,0.05684007,0.99999550,0.988373,True,False,296,0,53365,80828,134207
1024,Gaussian_s2,410,1,1,1,0.00359042,0.00001375,0.00005752,0.06043642,0.99998832,0.986115,True,False,312,16,65293,79774,145081
1024,Gaussian_s2,411,1,1,1,0.12311657,0.00001410,0.00029628,0.05308842,0.99999569,0.985718,True,False,344,48,52815,78017,130846
1024,Gaussian_s2,412,1,1,1,0.19512072,0.00001346,0.00010699,0.05760191,0.99999778,0.986633,True,False,328,32,52741,77901,130656
1024,Gaussian_s2,413,1,1,1,0.09866869,0.00001266,0.00011991,0.05704174,0.99999778,0.987976,True,False,344,48,50206,77065,127285
1024,Gaussian_s2,414,1,1,1,0.03183593,0.00001405,0.00008258,0.06360240,0.99999364,0.985962,True,False,312,16,53041,77781,130836
1024,Gaussian_s2,415,1,1,1,0.22627413,0.00001255,0.00066346,0.05483337,0.99999891,0.991577,True,False,312,16,49035,82808,131857
1024,Gaussian_s2,416,1,1,1,0.09612369,0.00001693,0.00079693,0.06794962,0.99999647,0.982758,True,False,360,64,52177,76089,128280
1024,Gaussian_s2,417,1,1,1,0.00273538,0.00001364,0.00014626,0.06453564,0.99999360,0.986786,True,False,312,16,50651,76336,127001
1024,Gaussian_s2,418,1,1,1,0.00936669,0.00001415,0.00004170,0.06540704,0.99998628,0.985748,True,False,296,0,61689,77831,139534
1024,Gaussian_s2,419,1,1,1,0.00342179,0.00001507,0.00011842,0.07088104,0.99999148,0.984650,True,False,360,64,53375,76442,129831
1024,Gaussian_s2,420,1,1,1,0.01105769,0.00001426,0.00007747,0.05790113,0.99998569,0.985474,True,False,312,16,46995,75967,122976
1024,Gaussian_s2,421,1,1,1,0.04739387,0.00001424,0.00004999,0.05462761,0.99999075,0.985840,True,False,312,16,53934,76371,130319
1024,Gaussian_s2,422,1,1,1,0.00147824,0.00001338,0.00004930,0.05720868,0.99999278,0.986664,True,False,312,16,49399,76394,125807
1024,Gaussian_s2,423,1,1,1,0.00291277,0.00001357,0.00004030,0.05948517,0.99998900,0.986298,True,False,312,16,55529,77576,133119
1024,Gaussian_s2,424,1,1,1,0.03138306,0.00001335,0.00005954,0.05908224,0.99999237,0.986725,True,False,312,16,50002,75904,125920
1024,Gaussian_s2,425,1,1,1,0.02136607,0.00001356,0.00005075,0.06601429,0.99999331,0.986755,True,False,296,0,48946,75927,124887
1024,Gaussian_s2,426,1,1,1,0.00017776,0.00001714,0.00015274,0.06078251,0.99998791,0.982452,True,False,360,64,60877,78344,139235
1024,Gaussian_s2,427,1,1,1,0.01724740,0.00001329,0.00007067,0.05309032,0.99999162,0.986633,True,False,312,16,50380,76236,126630
1024,Gaussian_s2,428,1,1,1,0.01340836,0.00001494,0.00012049,0.06031040,0.99998870,0.984741,True,False,328,32,54218,76921,131153
1024,Gaussian_s2,429,1,1,1,0.04920644,0.00001376,0.00010976,0.07989570,0.99999469,0.987122,True,False,296,0,49452,80467,129933
1024,Gaussian_s2,430,1,1,1,0.00859094,0.00001377,0.00010053,0.06919680,0.99999406,0.986084,True,False,344,48,51988,76245,128247
1024,Gaussian_s2,431,1,1,1,0.08399970,0.00001303,0.00018276,0.06584756,0.99999747,0.987793,True,False,328,32,50956,76218,127188
1024,Gaussian_s2,432,1,1,1,0.05637332,0.00001403,0.00015172,0.06221554,0.99999528,0.985748,True,False,361,48,49538,80217,129769
1024,Gaussian_s2,433,1,1,1,0.04365409,0.00001396,0.00013182,0.06138487,0.99999385,0.985870,True,False,312,16,56248,76915,133177
1024,Gaussian_s2,434,1,1,1,0.01207032,0.00001358,0.00014062,0.06641671,0.99999373,0.986786,True,False,345,32,54906,77577,132497
1024,Gaussian_s2,435,1,1,1,0.01791928,0.00001368,0.00016628,0.07282235,0.99999663,0.986725,True,False,336,32,58590,77861,136465
1024,Gaussian_s2,436,1,1,1,0.04764005,0.00001554,0.00020801,0.05256556,0.99998883,0.984100,True,False,328,32,52195,76128,128337
1024,Gaussian_s2,437,1,1,1,0.00059657,0.00001696,0.00013266,0.06212300,0.99998420,0.982635,True,False,328,32,53813,76667,130494
1024,Gaussian_s2,438,1,1,1,0.01182951,0.00001507,0.00009416,0.06473383,0.99998730,0.984589,True,False,312,16,62568,78336,140918
1024,Gaussian_s2,439,1,1,1,0.01352074,0.00001460,0.00008849,0.06428831,0.99998996,0.985260,True,False,344,48,51121,76434,127569
1024,Gaussian_s2,440,1,1,1,0.03506358,0.00001613,0.00034063,0.05708708,0.99999298,0.983490,True,False,360,64,48725,107815,156554
1024,Gaussian_s2,441,1,1,1,0.01301301,0.00001358,0.00005379,0.06564145,0.99999173,0.986481,True,False,312,16,51165,76243,127422
1024,Gaussian_s2,442,1,1,1,0.09194516,0.00001355,0.00020228,0.06621145,0.99999712,0.987091,True,False,360,64,47776,75572,123362
1024,Gaussian_s2,443,1,1,1,0.04747061,0.00001318,0.00005918,0.05400990,0.99999358,0.986969,True,False,312,16,61194,77646,138854
1024,Gaussian_s2,444,1,1,1,0.00740134,0.00001443,0.00007863,0.05315954,0.99998580,0.985291,True,False,336,32,52044,76242,128300
1024,Gaussian_s2,445,1,1,1,0.00530331,0.00001311,0.00016605,0.06177960,0.99999500,0.987701,True,False,296,0,48452,76126,124592
1024,Gaussian_s2,446,1,1,1,0.04487861,0.00001536,0.00028265,0.05617069,0.99999201,0.984283,True,False,344,48,54119,76419,130552
1024,Gaussian_s2,447,1,1,1,0.07710099,0.00001496,0.00043407,0.06022984,0.99999539,0.984802,True,False,328,32,50565,76734,127313
1024,Gaussian_s2,448,1,1,1,0.00840097,0.00001387,0.00005903,0.06177659,0.99998883,0.985992,True,False,296,0,51427,76403,127844
1024,Gaussian_s2,449,1,1,1,0.00912150,0.00001400,0.00006771,0.06458334,0.99999088,0.985992,True,False,312,16,53982,76123,130119
1024,Gaussian_s2,450,1,1,1,0.07024390,0.00001365,0.00013309,0.05561809,0.99999431,0.987091,True,False,312,16,51092,76589,127695
1024,Gaussian_s2,451,1,1,1,0.00228947,0.00001399,0.00005741,0.06568367,0.99999078,0.986206,True,False,296,0,51898,76737,128649
1024,Gaussian_s2,452,1,1,1,0.04562879,0.00001314,0.00009410,0.06749061,0.99999669,0.987122,True,False,328,32,63320,78188,141522
1024,Gaussian_s2,453,1,1,1,0.09260413,0.00001236,0.00008794,0.05739776,0.99999568,0.988495,True,False,312,16,52589,76662,129265
1024,Gaussian_s2,454,1,1,1,0.00998609,0.00001752,0.00022876,0.06067180,0.99998587,0.982056,True,False,360,64,46409,82814,129237
1024,Gaussian_s2,455,1,1,1,0.01266182,0.00001384,0.00009444,0.07050581,0.99999592,0.986847,True,False,312,16,50552,76718,127284
1024,Gaussian_s2,456,1,1,1,0.01370720,0.00001481,0.00005086,0.06757489,0.99998527,0.985168,True,False,296,0,49828,76175,126017
1024,Gaussian_s2,457,1,1,1,0.00165954,0.00001467,0.00006318,0.05845972,0.99998444,0.985016,True,False,312,16,53841,77331,131186
1024,Gaussian_s2,458,1,1,1,0.00136257,0.00001330,0.00005329,0.07000423,0.99999462,0.987061,True,False,312,16,53891,76741,130646
1024,Gaussian_s2,459,1,1,1,0.03081933,0.00001343,0.00012463,0.07103581,0.99999483,0.986389,True,False,344,48,49616,76901,126531
1024,Gaussian_s2,460,1,0,N/A,0.00001435,0.00001474,0.00006865,0.05894152,0.99998327,0.984955,True,False,328,32,59791,77326,137131
1024,Gaussian_s2,461,1,1,1,0.03043281,0.00001396,0.00012396,0.06353044,0.99999232,0.985870,True,False,328,32,50404,76858,127276
1024,Gaussian_s2,462,1,1,1,0.00184135,0.00001473,0.00009238,0.06460887,0.99998770,0.984955,True,False,344,48,51259,76311,127584
1024,Gaussian_s2,463,1,1,1,0.04555936,0.00001592,0.00025443,0.06756450,0.99999181,0.983704,True,False,360,64,54493,77090,131597
1024,Gaussian_s2,464,1,1,1,0.03811181,0.00001414,0.00018529,0.05912246,0.99999356,0.985565,True,False,344,48,50454,76422,126890
1024,Gaussian_s2,465,1,1,1,0.01974401,0.00001387,0.00005468,0.06459074,0.99999117,0.986206,True,False,296,0,51859,76217,128090
1024,Gaussian_s2,466,1,1,1,0.02581255,0.00001394,0.00011995,0.05634249,0.99999220,0.985931,True,False,328,32,48659,76210,124883
1024,Gaussian_s2,467,1,1,1,0.10596558,0.00001326,0.00005372,0.07059812,0.99999679,0.987244,True,False,328,32,54125,77448,131587
1024,Gaussian_s2,468,1,1,1,0.00720450,0.00001564,0.00015002,0.06891796,0.99999022,0.984009,True,False,312,16,72547,81182,153743
1024,Gaussian_s2,469,1,1,1,0.02525909,0.00001456,0.00014584,0.06225283,0.99999237,0.985138,True,False,344,48,58189,77312,135515
1024,Gaussian_s2,470,1,1,1,0.00568719,0.00001461,0.00006292,0.05447691,0.99998737,0.985107,True,False,328,32,53469,80950,134433
1024,Gaussian_s2,471,1,1,1,0.00604222,0.00001554,0.00011949,0.06460438,0.99998945,0.984100,True,False,344,48,53548,77345,130907
1024,Gaussian_s2,472,1,1,1,0.00275750,0.00001352,0.00005873,0.06425655,0.99999145,0.986511,True,False,312,16,52961,78036,131011
1024,Gaussian_s2,473,1,1,1,0.05100074,0.00001371,0.00005533,0.06185250,0.99999323,0.986572,True,False,312,16,53556,76004,129574
1024,Gaussian_s2,474,1,1,1,0.00915191,0.00001402,0.00013059,0.07309842,0.99999559,0.986572,True,False,328,32,53995,76558,130567
1024,Gaussian_s2,475,1,1,1,0.03311268,0.00001339,0.00005601,0.05680803,0.99999336,0.986755,True,False,312,16,46338,75421,121773
1024,Gaussian_s2,476,1,1,1,0.05692022,0.00001383,0.00014580,0.06216426,0.99999568,0.986115,True,False,344,48,54226,81781,136021
1024,Gaussian_s2,477,1,1,1,0.01808958,0.00001368,0.00005914,0.05665312,0.99998913,0.986389,True,False,296,0,60537,78433,138984
1024,Gaussian_s2,478,1,1,1,0.04217325,0.00001341,0.00006118,0.05894753,0.99998970,0.986664,True,False,312,16,52113,76499,128626
1024,Gaussian_s2,479,1,1,1,0.01511562,0.00001518,0.00013926,0.05978043,0.99998854,0.984467,True,False,328,32,52870,75990,128874
1024,Gaussian_s2,480,1,1,1,0.07926675,0.00001282,0.00011516,0.05884528,0.99999750,0.987885,True,False,328,32,49465,76530,126009
1024,Gaussian_s2,481,1,1,1,0.09760687,0.00001422,0.00038980,0.05948108,0.99999730,0.985565,True,False,360,64,48335,75910,124259
1024,Gaussian_s2,482,1,1,1,0.01095004,0.00001339,0.00006386,0.05747591,0.99998527,0.986450,True,False,312,16,50658,76515,127187
1024,Gaussian_s2,483,1,1,1,0.00592652,0.00001406,0.00006834,0.06292565,0.99998877,0.985687,True,False,344,48,55548,76679,132241
1024,Gaussian_s2,484,1,1,1,0.01668441,0.00001303,0.00005866,0.05908427,0.99999332,0.987061,True,False,328,32,48073,76361,124448
1024,Gaussian_s2,485,1,1,1,0.00918162,0.00001393,0.00008169,0.07131885,0.99999389,0.986084,True,False,324,16,53323,76829,130166
1024,Gaussian_s2,486,1,1,1,0.00014224,0.00001520,0.00016177,0.07194730,0.99999092,0.984436,True,False,328,32,68265,79345,147624
1024,Gaussian_s2,487,1,1,1,0.03987348,0.00001443,0.00016344,0.05075486,0.99999025,0.985260,True,False,360,64,56295,77141,133450
1024,Gaussian_s2,488,1,1,1,0.45649156,0.00027762,0.14553586,0.10224226,0.99607048,0.985504,True,False,360,64,52139,77967,130120
1024,Gaussian_s2,489,1,1,1,0.01964012,0.00001363,0.00006816,0.05373944,0.99999153,0.986237,True,False,328,32,54172,76825,131011
1024,Gaussian_s2,490,1,1,1,0.03906253,0.00001361,0.00005272,0.06542464,0.99999154,0.986755,True,False,296,0,51818,76314,128146
1024,Gaussian_s2,491,1,1,1,0.02121648,0.00001405,0.00010710,0.05906554,0.99999204,0.985718,True,False,344,48,51077,76764,127855
1024,Gaussian_s2,492,1,1,1,0.05281312,0.00001417,0.00015125,0.06616692,0.99999470,0.985687,True,False,344,48,54250,81300,135564
1024,Gaussian_s2,493,1,1,1,0.01200635,0.00001397,0.00008266,0.05059144,0.99999228,0.985809,True,False,328,32,51125,75947,127086
1024,Gaussian_s2,494,1,1,1,0.22439371,0.00001110,0.00008940,0.04876877,0.99999887,0.990112,True,False,312,16,64670,79721,144405
1024,Gaussian_s2,495,1,1,1,0.01626556,0.00001339,0.00007999,0.05983873,0.99999226,0.986755,True,False,312,16,58416,77309,135739
1024,Gaussian_s2,496,1,1,1,0.05165190,0.00001334,0.00011550,0.05074367,0.99999503,0.986603,True,False,344,48,52688,76660,129362
1024,Gaussian_s2,497,1,1,1,0.26546684,0.00001504,0.00159180,0.06186995,0.99999460,0.991455,True,False,312,16,55704,77162,132880
1024,Gaussian_s2,498,1,1,1,0.00943098,0.00001443,0.00005313,0.07330141,0.99999240,0.985504,True,False,328,32,47014,76136,123164
1024,Gaussian_s2,499,1,1,1,0.00306669,0.00001458,0.00005681,0.06912793,0.99998813,0.985260,True,False,328,32,52177,76520,128711
1024,Gaussian_s2,500,1,1,1,0.01952799,0.00001322,0.00010675,0.06772607,0.99999696,0.986786,True,False,328,32,47129,75510,122653
1024,Gaussian_s2,501,1,1,1,0.11501683,0.00001308,0.00016754,0.06290640,0.99999647,0.988220,True,False,312,16,53067,77571,130652
1024,Gaussian_s2,502,1,1,1,0.09585361,0.00001271,0.00009255,0.06741262,0.99999596,0.988403,True,False,328,32,51435,76280,127729
1024,Gaussian_s2,503,1,1,1,0.21974494,0.00001129,0.00022119,0.04306181,0.99999878,0.989655,True,False,328,32,59772,77120,136906
1024,Gaussian_s2,504,1,1,1,0.03969696,0.00001482,0.00017196,0.06420497,0.99999369,0.985260,True,False,342,32,52108,76019,128141
1024,Gaussian_s2,505,1,1,1,0.02953949,0.00001338,0.00004041,0.05411912,0.99999098,0.986877,True,False,296,0,51988,76778,128780
1024,Gaussian_s2,506,1,1,1,0.00229243,0.00001476,0.00009818,0.06086868,0.99998807,0.984924,True,False,344,48,56607,77099,133720
1024,Gaussian_s2,507,1,1,1,0.00853826,0.00001405,0.00004923,0.05344254,0.99998650,0.985687,True,False,328,32,46597,75700,122311
1024,Gaussian_s2,508,1,1,1,0.02691041,0.00001396,0.00006220,0.05412799,0.99999040,0.986145,True,False,328,32,54522,76127,130663
1024,Gaussian_s2,509,1,1,1,0.01128267,0.00001423,0.00005775,0.06173199,0.99998548,0.985565,True,False,328,32,54966,76619,131599
1024,Gaussian_s2,510,1,1,1,0.01383620,0.00001616,0.00028051,0.05823568,0.99999111,0.983459,True,False,360,64,53282,76382,129678
1024,Gaussian_s2,511,1,1,1,0.05130022,0.00001511,0.00031521,0.06031009,0.99999545,0.984558,True,False,344,48,60826,77306,138146
1024,Gaussian_s2,512,1,1,1,0.01923967,0.00001562,0.00013785,0.06277379,0.99998764,0.984009,True,False,344,48,49636,75974,125624
1024,Gaussian_s2,513,1,1,1,0.05854535,0.00001243,0.00007425,0.05722158,0.99999582,0.988617,True,False,312,16,53948,75987,129949
1024,Gaussian_s2,514,1,1,1,0.02468937,0.00001411,0.00006650,0.06168028,0.99999097,0.985779,True,False,328,32,48453,75627,124094
1024,Gaussian_s2,515,1,1,1,0.00676849,0.00001383,0.00015032,0.06791075,0.99999408,0.986633,True,False,312,16,52325,76523,128862
1024,Gaussian_s2,516,1,1,1,0.07076776,0.00001581,0.00025488,0.07325486,0.99999211,0.983826,True,False,377,64,52412,75899,128325
1024,Gaussian_s2,517,1,1,1,0.00789735,0.00001426,0.00006986,0.06845028,0.99999109,0.985687,True,False,328,32,52138,76432,128584
1024,Gaussian_s2,518,1,1,1,0.00309690,0.00001480,0.00019184,0.06709088,0.99999291,0.984894,True,False,328,32,52665,76840,129519
1024,Gaussian_s2,519,1,1,1,0.00883823,0.00001464,0.00016457,0.06822886,0.99999212,0.985046,True,False,328,32,47091,75593,122698
1024,Gaussian_s2,520,1,1,1,0.03656523,0.00001385,0.00011116,0.06338746,0.99999476,0.986237,True,False,344,48,61511,77599,139124
1024,Gaussian_s2,521,1,1,1,0.00186525,0.00001358,0.00010086,0.06778386,0.99999247,0.986267,True,False,328,32,48002,76088,124104
1024,Gaussian_s2,522,1,1,1,0.05167696,0.00001439,0.00011760,0.07120241,0.99999433,0.985809,True,False,312,16,53559,76073,129646
1024,Gaussian_s2,523,1,1,1,0.01468338,0.00001340,0.00005428,0.05982818,0.99999169,0.986816,True,False,296,0,49376,80414,129804
1024,Gaussian_s2,524,1,1,1,0.11745419,0.00001420,0.00033195,0.07481335,0.99999770,0.988495,True,False,312,16,55450,76433,131897
1024,Gaussian_s2,525,1,1,1,0.10522255,0.00001350,0.00030458,0.06752368,0.99999802,0.988037,True,False,312,16,54869,77342,132225
1024,Gaussian_s2,526,1,1,1,0.02095453,0.00001304,0.00051127,0.05929880,0.99999749,0.989044,True,False,312,16,48009,75496,123519
1024,Gaussian_s2,527,1,1,1,0.09536140,0.00001543,0.00026528,0.06226694,0.99999348,0.984222,True,False,344,48,54947,76823,131784
1024,Gaussian_s2,528,1,1,1,0.08098419,0.00001262,0.00012639,0.05106426,0.99999524,0.988464,True,False,312,16,58512,76503,135029
1024,Gaussian_s2,529,1,1,1,0.01898143,0.00001298,0.00022914,0.05704402,0.99999802,0.987976,True,False,328,32,51171,76373,127558
1024,Gaussian_s2,530,1,1,1,0.00505242,0.00001383,0.00014408,0.06865640,0.99999465,0.985931,True,False,328,32,53640,76923,130577
1024,Gaussian_s2,531,1,1,1,0.09669652,0.00001294,0.00018038,0.05990712,0.99999599,0.987061,True,False,376,80,52541,83371,135926
1024,Gaussian_s2,532,1,1,1,0.02585342,0.00001351,0.00009514,0.05937965,0.99999141,0.986389,True,False,312,16,49711,75704,125429
1024,Gaussian_s2,533,1,1,1,0.08117826,0.00001329,0.00012363,0.06606835,0.99999603,0.988342,True,False,296,0,54111,76787,130912
1024,Gaussian_s2,534,1,1,1,0.04033081,0.00001367,0.00014430,0.06023722,0.99999529,0.986206,True,False,312,16,57073,76286,133373
1024,Gaussian_s2,535,1,1,1,0.01054054,0.00001414,0.00007942,0.05148149,0.99998712,0.985657,True,False,328,32,50800,76096,126910
1024,Gaussian_s2,536,1,1,1,0.01707313,0.00001396,0.00004327,0.05831242,0.99998504,0.985870,True,False,296,0,52755,76593,129362
1024,Gaussian_s2,537,1,1,1,0.02057313,0.00001362,0.00005550,0.05781113,0.99999003,0.986389,True,False,312,16,64130,78427,142571
1024,Gaussian_s2,538,1,1,1,0.19319053,0.00001131,0.00034028,0.04053872,0.99999889,0.991608,True,False,312,16,50793,76179,126986
1024,Gaussian_s2,539,1,1,1,0.05783445,0.00001449,0.00018501,0.05713458,0.99999469,0.985260,True,False,360,64,58044,79201,137259
1024,Gaussian_s2,540,1,1,1,0.00113796,0.00001419,0.00004781,0.06318697,0.99999022,0.985809,True,False,312,16,59661,77898,137573
1024,Gaussian_s2,541,1,1,1,0.02593284,0.00001358,0.00007871,0.05504028,0.99999305,0.986572,True,False,328,32,50061,76046,126121
1024,Gaussian_s2,542,1,1,1,0.13023719,0.00001520,0.00034982,0.06940862,0.99999724,0.984497,True,False,328,32,67398,79373,146785
1024,Gaussian_s2,543,1,1,1,0.06260622,0.00001497,0.00025188,0.06119264,0.99999475,0.984711,True,False,344,48,65931,78678,144623
1024,Gaussian_s2,544,1,1,1,0.05588720,0.00001325,0.00004692,0.06963403,0.99999355,0.987152,True,False,312,16,53659,76538,130211
1024,Gaussian_s2,545,1,1,1,0.01355750,0.00001353,0.00007744,0.05638075,0.99999205,0.986572,True,False,328,32,58524,77596,136134
1024,Gaussian_s2,546,1,1,1,0.01110001,0.00001414,0.00005398,0.05974787,0.99998476,0.985870,True,False,296,0,52004,76422,128440
1024,Gaussian_s2,547,1,1,1,0.01803124,0.00001368,0.00007466,0.06626494,0.99999446,0.986298,True,False,345,32,51272,76251,127537
1024,Gaussian_s2,548,1,1,1,0.01360104,0.00001419,0.00009023,0.05812460,0.99998866,0.985565,True,False,328,32,51419,76569,128002
1024,Gaussian_s2,549,1,1,1,0.10061034,0.00001324,0.00010185,0.05593256,0.99999618,0.987061,True,False,344,48,50891,76569,127474
1024,Gaussian_s2,550,1,1,1,0.06345624,0.00001394,0.00018195,0.06480420,0.99999508,0.985901,True,False,344,48,54863,75970,130847
1024,Gaussian_s2,551,1,1,1,0.00762724,0.00001273,0.00004803,0.05715267,0.99999465,0.987518,True,False,312,16,46874,75699,122587
1024,Gaussian_s2,552,1,1,1,0.03980159,0.00001397,0.00013129,0.05988350,0.99999269,0.985962,True,False,328,32,53301,76467,129782
1024,Gaussian_s2,553,1,1,1,0.29508370,0.00002340,0.00861827,0.06242279,0.99996348,0.988922,True,False,376,80,52035,76121,128170
1024,Gaussian_s2,554,1,1,1,0.06525306,0.00001457,0.00022367,0.05610440,0.99999339,0.985107,True,False,344,48,59822,77867,137703
1024,Gaussian_s2,555,1,1,1,0.05300767,0.00001346,0.00011998,0.06738624,0.99999480,0.987274,True,False,312,16,49988,76565,126567
1024,Gaussian_s2,556,1,1,1,0.00024208,0.00001557,0.00009182,0.06566762,0.99998564,0.984070,True,False,344,48,53456,77119,130589
1024,Gaussian_s2,557,1,1,1,0.00827144,0.00001639,0.00013356,0.05952039,0.99998562,0.983215,True,False,344,48,53978,76354,130346
1024,Gaussian_s2,558,1,1,1,0.10558447,0.00001252,0.00006084,0.06381148,0.99999693,0.987946,True,False,312,16,47292,75974,123280
1024,Gaussian_s2,559,1,1,1,0.04077682,0.00001339,0.00005075,0.05893630,0.99999076,0.986969,True,False,312,16,57662,77242,134918
1024,Gaussian_s2,560,1,1,1,0.13321297,0.00001297,0.00015324,0.06894862,0.99999734,0.987915,True,False,344,48,53123,76529,129666
1024,Gaussian_s2,561,1,1,1,0.03105604,0.00001503,0.00019760,0.05926163,0.99998893,0.984619,True,False,312,16,51491,76240,127745
1024,Gaussian_s2,562,1,1,1,0.01239205,0.00001528,0.00021300,0.06231168,0.99999114,0.984375,True,False,328,32,58085,77326,135425
1024,Gaussian_s2,563,1,1,1,0.04777755,0.00001359,0.00005799,0.05670511,0.99999374,0.986542,True,False,328,32,58036,76944,134994
1024,Gaussian_s2,564,1,1,1,0.06362821,0.00001415,0.00011462,0.05893636,0.99999212,0.985718,True,False,328,32,50474,76249,126737
1024,Gaussian_s2,565,1,1,1,0.00969119,0.00001340,0.00011905,0.06361193,0.99999455,0.987244,True,False,296,0,53888,76602,130504
1024,Gaussian_s2,566,1,1,1,0.00171475,0.00001403,0.00011650,0.06318703,0.99999354,0.985931,True,False,312,16,54741,76662,131417
1024,Gaussian_s2,567,1,1,1,0.00940822,0.00001535,0.00011766,0.05751283,0.99998608,0.984314,True,False,312,16,47582,76638,124234
1024,Gaussian_s2,568,1,1,1,0.07561642,0.00001327,0.00019275,0.06820978,0.99999757,0.987396,True,False,312,16,50355,76174,126543
1024,Gaussian_s2,569,1,1,1,0.01752592,0.00001364,0.00007876,0.06561522,0.99999500,0.987000,True,False,296,0,53755,76240,130009
1024,Gaussian_s2,570,1,1,1,0.11641237,0.00001245,0.00007436,0.05347449,0.99999729,0.988312,True,False,328,32,54508,76559,131081
1024,Gaussian_s2,571,1,1,1,0.01323478,0.00001556,0.00012878,0.05961132,0.99998788,0.984070,True,False,312,16,59795,77041,136850
1024,Gaussian_s2,572,1,1,1,0.00998837,0.00001621,0.00026375,0.07285390,0.99999359,0.983398,True,False,360,64,49468,76210,125692
1024,Gaussian_s2,573,1,1,1,0.00429620,0.00001394,0.00007252,0.06721904,0.99999210,0.985992,True,False,312,16,54585,76790,131389
1024,Gaussian_s2,574,1,1,1,0.12534672,0.00001277,0.00011705,0.06263304,0.99999660,0.988342,True,False,312,16,50736,81940,132690
1024,Gaussian_s2,575,1,1,1,0.06010683,0.00001384,0.00014958,0.06850622,0.99999616,0.986359,True,False,328,32,52420,76908,129342
1024,Gaussian_s2,576,1,1,1,0.02200935,0.00001348,0.00006090,0.06244803,0.99999074,0.986816,True,False,312,16,48773,75931,124718
1024,Gaussian_s2,577,1,1,1,0.00064749,0.00001357,0.00010257,0.06656510,0.99999206,0.986633,True,False,296,0,54269,76992,131275
1024,Gaussian_s2,578,1,1,1,0.00779188,0.00001368,0.00013561,0.05709977,0.99999303,0.986145,True,False,328,32,48744,76183,124941
1024,Gaussian_s2,579,1,1,1,0.09361868,0.00001244,0.00014215,0.05187965,0.99999669,0.988556,True,False,328,32,64039,78543,142596
1024,Gaussian_s2,580,1,1,1,0.29348820,0.00008668,0.04260850,0.05696564,0.99880972,0.991394,True,False,312,16,55463,76812,132289
1024,Gaussian_s2,581,1,1,1,0.03561178,0.00001359,0.00007599,0.05929625,0.99999369,0.987061,True,False,296,0,48709,76362,125085
1024,Gaussian_s2,582,1,1,1,0.00338439,0.00001441,0.00008093,0.05797711,0.99998815,0.985382,True,False,328,32,52225,81529,133768
1024,Gaussian_s2,583,1,1,1,0.02724805,0.00001232,0.00031122,0.06391148,0.99999699,0.988800,True,False,312,16,53530,76923,130467
1024,Gaussian_s2,584,1,1,1,0.03799313,0.00001389,0.00013525,0.05630573,0.99999223,0.985809,True,False,328,32,51209,76541,127764
1024,Gaussian_s2,585,1,1,1,0.05535405,0.00001323,0.00021829,0.07676859,0.99999735,0.987183,True,False,328,32,57076,76815,133905
1024,Gaussian_s2,586,1,1,1,0.00562277,0.00001618,0.00014634,0.06414017,0.99998648,0.983429,True,False,328,32,49813,75998,125825
1024,Gaussian_s2,587,1,1,1,0.01160520,0.00001372,0.00006642,0.06912062,0.99999408,0.986359,True,False,360,64,53462,76368,129844
1024,Gaussian_s2,588,1,1,1,0.03100175,0.00001300,0.00006863,0.05254743,0.99999023,0.986908,True,False,328,32,58713,76491,135218
1024,Gaussian_s2,589,1,1,1,0.00279215,0.00001375,0.00004938,0.06036492,0.99999219,0.986511,True,False,296,0,53032,75977,129023
1024,Gaussian_s2,590,1,1,1,0.00740721,0.00001506,0.00023247,0.06594483,0.99999486,0.984741,True,False,328,32,49025,76180,125219
1024,Gaussian_s2,591,1,1,1,0.00977252,0.00001392,0.00004496,0.05410527,0.99999014,0.986084,True,False,312,16,50782,76153,126949
1024,Gaussian_s2,592,1,1,1,0.00263230,0.00001477,0.00009926,0.05516803,0.99998845,0.984894,True,False,344,48,50304,76481,126799
1024,Gaussian_s2,593,1,1,1,0.03327503,0.00001345,0.00008918,0.05840804,0.99999058,0.986542,True,False,312,16,55554,77756,133324
1024,Gaussian_s2,594,1,1,1,0.01926005,0.00001540,0.00024994,0.06565602,0.99999366,0.984253,True,False,328,32,52093,76194,128301
1024,Gaussian_s2,595,1,1,1,0.00466301,0.00001564,0.00027812,0.06401372,0.99999397,0.984009,True,False,344,48,49839,75667,125520
1024,Gaussian_s2,596,1,1,1,0.05852704,0.00001350,0.00003245,0.04900414,0.99999060,0.986969,True,False,296,0,59898,77367,137279
1024,Gaussian_s2,597,1,1,1,0.15328129,0.00001299,0.00016984,0.05241198,0.99999685,0.988342,True,False,328,32,51909,76387,128310
1024,Gaussian_s2,598,1,1,1,0.10576160,0.00001194,0.00012058,0.05460021,0.99999627,0.989288,True,False,312,16,52507,75532,128053
1024,Gaussian_s2,599,1,1,1,0.06644023,0.00001304,0.00010856,0.06042645,0.99999570,0.987549,True,False,312,16,57250,76421,133685
1024,Dominant,600,1,1,1,0.59344840,0.00001207,0.00297970,0.00317090,0.99999979,0.997070,True,False,328,32,52316,76010,128340
1024,Dominant,601,1,1,1,0.60001332,0.00001443,0.00452578,0.00236344,0.99999971,0.997955,True,False,328,32,50873,77086,127973
1024,Dominant,602,1,1,1,0.59967518,0.00001423,0.00470871,0.00141477,0.99999966,0.998901,True,False,312,16,52571,76352,128937
1024,Dominant,603,1,1,1,0.59717250,0.00001073,0.00098991,0.00642977,0.99999977,0.993866,True,False,328,32,63770,78958,142742
1024,Dominant,604,1,1,1,0.59527355,0.00001335,0.00380653,0.00260080,0.99999966,0.997681,True,False,344,48,55763,77578,133355
1024,Dominant,605,1,1,1,0.59380484,0.00001192,0.00243896,0.00402414,0.99999972,0.996246,True,False,328,32,57153,77078,134245
1024,Dominant,606,1,1,1,0.58955520,0.00001231,0.00163096,0.00674898,0.99999972,0.993561,True,False,312,16,52961,76741,129716
1024,Dominant,607,1,1,1,0.59716308,0.00001249,0.00209856,0.00592911,0.99999976,0.994385,True,False,328,32,54555,76793,131362
1024,Dominant,608,1,1,1,0.59806758,0.00001507,0.00522095,0.00078551,0.99999955,0.999542,True,False,296,0,47993,75736,123743
1024,Dominant,609,1,1,1,0.60240507,0.00001466,0.00502741,0.00127317,0.99999969,0.999054,True,False,328,32,54053,76684,130751
1024,Dominant,610,1,1,1,0.59740084,0.00001502,0.00524652,0.00058328,0.99999975,0.999725,True,False,296,0,52669,76409,129092
1024,Dominant,611,1,1,1,0.60191059,0.00001344,0.00283539,0.00555749,0.99999977,0.994812,True,False,328,32,47660,76315,123989
1024,Dominant,612,1,1,1,0.59827107,0.00001354,0.00309467,0.00564179,0.99999968,0.994690,True,False,328,32,51978,76051,128043
1024,Dominant,613,1,1,1,0.60283983,0.00001471,0.00510937,0.00089810,0.99999961,0.999420,True,False,312,16,64821,78468,143303
1024,Dominant,614,1,1,1,0.59728783,0.00001019,0.00017613,0.00747119,0.99999980,0.992828,True,False,344,48,51638,76570,128222
1024,Dominant,615,1,1,1,0.60255843,0.00001216,0.00160718,0.00687727,0.99999972,0.993469,True,False,328,32,50286,76595,126895
1024,Dominant,616,1,1,1,0.59355885,0.00001214,0.00253564,0.00409951,0.99999979,0.996185,True,False,312,16,53878,76619,130511
1024,Dominant,617,1,1,1,0.60384905,0.00001311,0.00306171,0.00421599,0.99999961,0.996124,True,False,328,32,49903,76249,126166
1024,Dominant,618,1,1,1,0.59937447,0.00001123,0.00043297,0.00906608,0.99999975,0.991272,True,False,328,32,49848,80650,130512
1024,Dominant,619,1,1,1,0.59625047,0.00001514,0.00508803,0.00243101,0.99999952,0.997894,True,False,312,16,52360,76758,129132
1024,Dominant,620,1,1,1,0.59583461,0.00001275,0.00333601,0.00327321,0.99999973,0.997009,True,False,312,16,46609,76304,122927
1024,Dominant,621,1,1,1,0.59853357,0.00001182,0.00136781,0.00731260,0.99999982,0.993011,True,False,328,32,51822,80942,132778
1024,Dominant,622,1,1,1,0.59682518,0.00001368,0.00390387,0.00335717,0.99999959,0.996948,True,False,328,32,60197,77311,137522
1024,Dominant,623,1,1,1,0.60383177,0.00001495,0.00540131,0.00093909,0.99999938,0.999390,True,False,296,0,52736,76299,129049
1024,Dominant,624,1,1,1,0.59654683,0.00001453,0.00467706,0.00274967,0.99999960,0.997559,True,False,312,16,55063,76968,132045
1024,Dominant,625,1,1,1,0.60152137,0.00001270,0.00206625,0.00643619,0.99999962,0.993927,True,False,328,32,52559,76504,129077
1024,Dominant,626,1,1,1,0.60478693,0.00001518,0.00529528,0.00181770,0.99999972,0.998535,True,False,296,0,51581,76307,127902
1024,Dominant,627,1,1,1,0.59294623,0.00001369,0.00476587,0.00001713,0.99999976,1.000244,True,False,312,16,54303,76947,131264
1024,Dominant,628,1,1,1,0.60041636,0.00001224,0.00112861,0.00849054,0.99999971,0.991852,True,False,344,48,51859,76384,128257
1024,Dominant,629,1,1,1,0.60754663,0.00001376,0.00393760,0.00256218,0.99999977,0.997742,True,False,328,32,49036,76957,126007
1024,Dominant,630,1,1,1,0.58852494,0.00001354,0.00425279,0.00141844,0.99999968,0.998840,True,False,312,16,60392,78178,138584
1024,Dominant,631,1,1,1,0.60253680,0.00001183,0.00098878,0.00803924,0.99999983,0.992310,True,False,328,32,49644,76111,125769
1024,Dominant,632,1,1,1,0.59577835,0.00001273,0.00324029,0.00342354,0.99999964,0.996857,True,False,344,48,51599,80657,132270
1024,Dominant,633,1,1,1,0.60334641,0.00001394,0.00402302,0.00260828,0.99999975,0.997711,True,False,312,16,55790,76800,132604
1024,Dominant,634,1,1,1,0.60081285,0.00001200,0.00079262,0.00922493,0.99999974,0.991119,True,False,328,32,51716,76017,127747
1024,Dominant,635,1,1,1,0.60015368,0.00001236,0.00117660,0.00879873,0.99999971,0.991547,True,False,328,32,54245,76284,130543
1024,Dominant,636,1,1,1,0.60356534,0.00001267,0.00169832,0.00754087,0.99999963,0.992828,True,False,328,32,49143,75916,125073
1024,Dominant,637,1,1,1,0.59685022,0.00001439,0.00427181,0.00367370,0.99999963,0.996643,True,False,312,16,52823,77872,130709
1024,Dominant,638,1,1,1,0.59745169,0.00001072,0.00077480,0.00706024,0.99999982,0.993225,True,False,360,64,51501,76587,128102
1024,Dominant,639,1,1,1,0.60607427,0.00001291,0.00241917,0.00570162,0.99999964,0.994659,True,False,328,32,60287,77954,138255
1024,Dominant,640,1,1,1,0.60550356,0.00001367,0.00375330,0.00332669,0.99999977,0.997009,True,False,328,32,51077,76123,127214
1024,Dominant,641,1,1,1,0.59892154,0.00001523,0.00531459,0.00169029,0.99999956,0.998657,True,False,312,16,62944,78278,141236
1024,Dominant,642,1,1,1,0.59804815,0.00001471,0.00530541,0.00061989,0.99999959,0.999695,True,False,296,0,55623,77017,132654
1024,Dominant,643,1,1,1,0.58880353,0.00001258,0.00305283,0.00348519,0.99999968,0.996765,True,False,351,32,47071,76266,123351
1024,Dominant,644,1,1,1,0.60221821,0.00001129,0.00073057,0.00829285,0.99999981,0.992035,True,False,344,48,53784,76451,130249
1024,Dominant,645,1,1,1,0.61243558,0.00001451,0.00484133,0.00122489,0.99999967,0.999084,True,False,312,16,51149,76611,127774
1024,Dominant,646,1,1,1,0.59511399,0.00001064,0.00005949,0.00863049,0.99999975,0.991669,True,False,360,64,58275,77158,135447
1024,Dominant,647,1,1,1,0.59920293,0.00001484,0.00512087,0.00161080,0.99999966,0.998718,True,False,312,16,58780,77206,136000
1024,Dominant,648,1,1,1,0.60482031,0.00001232,0.00242394,0.00454579,0.99999973,0.995789,True,False,328,32,51451,76477,127942
1024,Dominant,649,1,1,1,0.60191453,0.00001186,0.00072843,0.00882118,0.99999970,0.991547,True,False,328,32,52345,76705,129064
1024,Dominant,650,1,1,1,0.59805584,0.00001214,0.00196540,0.00627049,0.99999972,0.994019,True,False,344,48,45711,75814,121539
1024,Dominant,651,1,1,1,0.58718908,0.00001425,0.00506717,0.00011506,0.99999969,1.000153,True,False,296,0,52889,76677,129580
1024,Dominant,652,1,1,1,0.59983265,0.00001397,0.00454986,0.00179859,0.99999968,0.998505,True,False,328,32,53731,76512,130257
1024,Dominant,653,1,1,1,0.59808141,0.00001221,0.00154686,0.00716663,0.99999967,0.993164,True,False,344,48,49303,75628,124945
1024,Dominant,654,1,1,1,0.59709299,0.00001510,0.00534087,0.00098499,0.99999960,0.999329,True,False,296,0,50126,76160,126300
1024,Dominant,655,1,1,1,0.59468323,0.00001307,0.00394088,0.00191445,0.99999960,0.998352,True,False,328,32,52853,77149,130016
1024,Dominant,656,1,1,1,0.60324782,0.00001363,0.00394034,0.00273014,0.99999965,0.997589,True,False,312,16,75076,81799,156889
1024,Dominant,657,1,1,1,0.60600668,0.00001433,0.00413585,0.00367196,0.99999972,0.996674,True,False,344,48,55821,77484,133319
1024,Dominant,658,1,1,1,0.59670460,0.00001504,0.00490755,0.00246633,0.99999964,0.997864,True,False,312,16,55141,76923,132078
1024,Dominant,659,1,1,1,0.59845138,0.00001229,0.00208950,0.00635957,0.99999979,0.993958,True,False,328,32,49762,76365,126141
1024,Dominant,660,1,1,1,0.60317826,0.00001327,0.00296926,0.00522426,0.99999962,0.995117,True,False,360,64,51127,76438,127579
1024,Dominant,661,1,1,1,0.60033917,0.00001255,0.00102210,0.00907766,0.99999968,0.991302,True,False,344,48,55812,76357,132183
1024,Dominant,662,1,1,1,0.59787834,0.00001481,0.00492024,0.00213713,0.99999962,0.998199,True,False,312,16,53770,76862,130646
1024,Dominant,663,1,1,1,0.60608572,0.00001366,0.00298727,0.00524094,0.99999966,0.995148,True,False,344,48,53154,77117,130285
1024,Dominant,664,1,1,1,0.60279995,0.00001434,0.00463140,0.00133243,0.99999972,0.998993,True,False,312,16,57744,77371,135129
1024,Dominant,665,1,1,1,0.59360886,0.00001146,0.00107867,0.00661237,0.99999971,0.993683,True,False,344,48,52664,76816,129494
1024,Dominant,666,1,1,1,0.60529727,0.00001349,0.00316906,0.00438189,0.99999970,0.995972,True,False,328,32,51471,76257,127742
1024,Dominant,667,1,1,1,0.59554565,0.00001453,0.00530404,0.00139833,0.99999955,0.998901,True,False,296,0,52043,76053,128110
1024,Dominant,668,1,1,1,0.60914111,0.00001206,0.00197214,0.00509741,0.99999988,0.995209,True,False,312,16,49797,76929,126740
1024,Dominant,669,1,1,1,0.59937739,0.00001410,0.00403142,0.00261495,0.99999984,0.997711,True,False,328,32,56776,77372,134162
1024,Dominant,670,1,1,1,0.59676099,0.00001338,0.00356764,0.00391408,0.99999988,0.996399,True,False,312,16,55880,77024,132918
1024,Dominant,671,1,1,1,0.60201555,0.00001403,0.00431752,0.00165469,0.99999975,0.998657,True,False,328,32,52929,76031,128974
1024,Dominant,672,1,1,1,0.59612334,0.00001320,0.00365674,0.00326120,0.99999976,0.997040,True,False,312,16,52997,76572,129583
1024,Dominant,673,1,1,1,0.60048407,0.00001415,0.00435728,0.00245643,0.99999968,0.997864,True,False,328,32,59923,78799,138736
1024,Dominant,674,1,1,1,0.59289527,0.00001321,0.00393176,0.00123531,0.99999978,0.999023,True,False,312,16,49569,76538,126121
1024,Dominant,675,1,1,1,0.59693545,0.00001256,0.00248057,0.00485186,0.99999976,0.995453,True,False,344,48,54629,76989,131632
1024,Dominant,676,1,1,1,0.59493846,0.00001112,0.00121176,0.00670716,0.99999974,0.993591,True,False,344,48,54625,76555,131194
1024,Dominant,677,1,1,1,0.59410572,0.00001336,0.00384641,0.00208510,0.99999975,0.998199,True,False,328,32,48098,76107,124219
1024,Dominant,678,1,1,1,0.59740645,0.00001451,0.00436211,0.00315675,0.99999966,0.997162,True,False,328,32,49419,80328,129761
1024,Dominant,679,1,1,1,0.60523331,0.00001198,0.00152344,0.00672614,0.99999968,0.993622,True,False,344,48,54916,78363,133293
1024,Dominant,680,1,1,1,0.59915626,0.00001156,0.00113916,0.00785375,0.99999978,0.992462,True,False,312,16,50711,76304,127029
1024,Dominant,681,1,1,1,0.59219319,0.00001183,0.00197768,0.00553229,0.99999975,0.994751,True,False,312,16,58586,77931,136531
1024,Dominant,682,1,1,1,0.60216725,0.00001211,0.00108361,0.00842094,0.99999965,0.991943,True,False,328,32,50073,76900,126987
1024,Dominant,683,1,1,1,0.59992141,0.00001329,0.00351650,0.00347013,0.99999964,0.996857,True,False,345,32,51862,77080,128956
1024,Dominant,684,1,1,1,0.59737295,0.00001126,0.00127655,0.00636353,0.99999969,0.993927,True,False,344,48,48097,75721,123832
1024,Dominant,685,1,1,1,0.59819472,0.00001333,0.00292963,0.00584989,0.99999977,0.994476,True,False,344,48,50562,77131,127707
1024,Dominant,686,1,1,1,0.59603351,0.00001103,0.00066793,0.00736502,0.99999976,0.992950,True,False,312,16,51965,76908,128887
1024,Dominant,687,1,1,1,0.59890354,0.00001310,0.00233781,0.00642996,0.99999959,0.993896,True,False,328,32,48603,77540,126157
1024,Dominant,688,1,1,1,0.60011071,0.00001308,0.00250465,0.00574208,0.99999962,0.994598,True,False,328,32,54016,77351,131381
1024,Dominant,689,1,1,1,0.59877175,0.00001384,0.00402695,0.00275608,0.99999956,0.997559,True,False,312,16,52041,82481,134536
1024,Dominant,690,1,1,1,0.60037363,0.00001480,0.00510776,0.00087392,0.99999974,0.999451,True,False,312,16,62906,78528,141448
1024,Dominant,691,1,1,1,0.60246021,0.00001469,0.00509644,0.00103436,0.99999957,0.999298,True,False,312,16,49310,75962,125286
1024,Dominant,692,1,1,1,0.60361451,0.00001373,0.00418180,0.00189266,0.99999968,0.998413,True,False,312,16,50707,76010,126731
1024,Dominant,693,1,1,1,0.59809142,0.00001081,0.00086230,0.00722256,0.99999978,0.993073,True,False,344,48,54148,77065,131227
1024,Dominant,694,1,1,1,0.59802812,0.00001241,0.00242531,0.00580525,0.99999964,0.994507,True,False,328,32,53135,77132,130281
1024,Dominant,695,1,1,1,0.59736162,0.00001296,0.00287473,0.00506566,0.99999964,0.995239,True,False,312,16,53805,76497,130316
1024,Dominant,696,1,1,1,0.60568899,0.00001425,0.00494099,0.00040611,0.99999978,0.999878,True,False,312,16,49328,76649,125991
1024,Dominant,697,1,1,1,0.60419524,0.00001451,0.00420952,0.00293803,0.99999967,0.997406,True,False,312,16,51577,81308,132899
1024,Dominant,698,1,1,1,0.59478533,0.00001204,0.00264853,0.00325627,0.99999981,0.997009,True,False,344,48,67139,79119,146272
1024,Dominant,699,1,1,1,0.60494149,0.00001317,0.00242507,0.00554559,0.99999968,0.994812,True,False,328,32,54623,77082,131719
1024,Dominant,700,1,1,1,0.60389113,0.00001444,0.00417912,0.00309757,0.99999971,0.997253,True,False,312,16,62034,78131,140179
1024,Dominant,701,1,1,1,0.60084575,0.00001449,0.00405657,0.00334142,0.99999965,0.997009,True,False,312,16,49671,76492,126177
1024,Dominant,702,1,1,1,0.60006994,0.00001416,0.00440544,0.00194828,0.99999984,0.998383,True,False,312,16,52289,77179,129482
1024,Dominant,703,1,1,1,0.59540045,0.00001400,0.00450689,0.00215633,0.99999981,0.998138,True,False,312,16,46575,76188,122777
1024,Dominant,704,1,1,1,0.59460008,0.00001447,0.00518334,0.00093222,0.99999958,0.999359,True,False,296,0,53712,77009,130735
1024,Dominant,705,1,1,1,0.59553021,0.00001326,0.00388533,0.00228477,0.99999971,0.997986,True,False,312,16,58188,77913,136115
1024,Dominant,706,1,1,1,0.59549737,0.00001423,0.00468028,0.00219657,0.99999969,0.998108,True,False,328,32,57981,78020,136015
1024,Dominant,707,1,1,1,0.59911227,0.00001487,0.00515336,0.00130170,0.99999974,0.999023,True,False,324,16,69926,81350,151290
1024,Dominant,708,1,1,1,0.59802473,0.00001354,0.00294417,0.00586259,0.99999970,0.994476,True,False,312,16,52309,76502,128825
1024,Dominant,709,1,1,1,0.59548914,0.00001279,0.00340819,0.00334244,0.99999961,0.996948,True,False,312,16,59944,77846,137804
1024,Dominant,710,1,1,1,0.60058862,0.00001217,0.00138569,0.00760347,0.99999978,0.992737,True,False,361,48,47684,80913,128611
1024,Dominant,711,1,1,1,0.60283136,0.00001148,0.00096762,0.00802602,0.99999973,0.992310,True,False,360,64,53028,76152,129194
1024,Dominant,712,1,1,1,0.60701621,0.00001440,0.00465238,0.00114579,0.99999980,0.999146,True,False,312,16,51123,75903,127040
1024,Dominant,713,1,1,1,0.60009104,0.00001254,0.00209588,0.00628163,0.99999963,0.994049,True,False,344,48,59823,76750,136587
1024,Dominant,714,1,1,1,0.59934968,0.00001427,0.00478965,0.00164802,0.99999970,0.998657,True,False,328,32,53268,77040,130322
1024,Dominant,715,1,1,1,0.60115570,0.00001246,0.00173008,0.00682178,0.99999979,0.993530,True,False,344,48,58522,77034,135570
1024,Dominant,716,1,1,1,0.59845966,0.00001113,0.00055760,0.00832410,0.99999979,0.992004,True,False,312,16,60538,78057,138609
1024,Dominant,717,1,1,1,0.60410696,0.00001555,0.00552052,0.00123916,0.99999971,0.999115,True,False,296,0,52715,76048,128777
1024,Dominant,718,1,1,1,0.60278934,0.00001296,0.00274938,0.00497261,0.99999976,0.995361,True,False,344,48,51731,76487,128232
1024,Dominant,719,1,1,1,0.59713417,0.00001196,0.00188375,0.00616474,0.99999974,0.994141,True,False,312,16,52667,76250,128931
1024,Dominant,720,1,1,1,0.59986687,0.00001251,0.00134176,0.00846844,0.99999971,0.991882,True,False,344,48,49514,75939,125467
1024,Dominant,721,1,1,1,0.59802032,0.00001165,0.00108612,0.00756058,0.99999969,0.992767,True,False,360,64,59490,76922,136426
1024,Dominant,722,1,1,1,0.60637057,0.00001233,0.00166517,0.00697767,0.99999970,0.993378,True,False,312,16,49970,75750,125734
1024,Dominant,723,1,1,1,0.60299200,0.00001340,0.00282145,0.00562091,0.99999975,0.994751,True,False,344,48,60520,78204,138738
1024,Dominant,724,1,1,1,0.60311246,0.00001364,0.00300580,0.00522269,0.99999965,0.995148,True,False,328,32,50975,75772,126761
1024,Dominant,725,1,1,1,0.60118836,0.00001165,0.00008231,0.01047657,0.99999975,0.989899,True,False,312,16,52808,76311,129133
1024,Dominant,726,1,1,1,0.59941757,0.00001344,0.00295156,0.00525941,0.99999969,0.995087,True,False,328,32,51081,76088,127183
1024,Dominant,727,1,1,1,0.59891719,0.00001233,0.00144023,0.00825242,0.99999970,0.992096,True,False,360,64,48147,75673,123834
1024,Dominant,728,1,1,1,0.59269941,0.00001143,0.00174534,0.00517931,0.99999974,0.995087,True,False,344,48,55246,76992,132252
1024,Dominant,729,1,1,1,0.59510976,0.00001138,0.00210905,0.00415321,0.99999972,0.996124,True,False,312,16,51210,75959,127183
1024,Dominant,730,1,1,1,0.60156524,0.00001368,0.00339675,0.00435605,0.99999959,0.996002,True,False,328,32,51987,76439,128440
1024,Dominant,731,1,1,1,0.60283029,0.00001163,0.00182319,0.00562782,0.99999970,0.994690,True,False,344,48,49512,75705,125231
1024,Dominant,732,1,1,1,0.60113049,0.00001397,0.00389439,0.00374636,0.99999958,0.996582,True,False,328,32,63892,78111,142017
1024,Dominant,733,1,1,1,0.59612340,0.00001199,0.00210041,0.00514658,0.99999972,0.995148,True,False,360,64,62369,78067,140450
1024,Dominant,734,1,1,1,0.59561831,0.00001463,0.00499117,0.00216479,0.99999972,0.998138,True,False,312,16,49820,75574,125408
1024,Dominant,735,1,1,1,0.59487224,0.00001135,0.00170940,0.00527559,0.99999969,0.994995,True,False,344,48,53576,76107,129697
1024,Dominant,736,1,1,1,0.59408772,0.00001397,0.00481582,0.00079329,0.99999949,0.999481,True,False,312,16,49378,75882,125274
1024,Dominant,737,1,1,1,0.60595077,0.00001366,0.00303191,0.00552761,0.99999961,0.994843,True,False,328,32,51199,76636,127849
1024,Dominant,738,1,1,1,0.60840750,0.00001352,0.00429338,0.00122204,0.99999968,0.999054,True,False,312,16,52331,76166,128511
1024,Dominant,739,1,1,1,0.60486972,0.00001228,0.00124645,0.00793795,0.99999969,0.992432,True,False,360,64,53490,76079,129583
1024,Dominant,740,1,1,1,0.59481966,0.00001386,0.00429231,0.00196730,0.99999971,0.998322,True,False,312,16,59000,82165,141179
1024,Dominant,741,1,1,1,0.59712607,0.00001237,0.00228673,0.00546910,0.99999983,0.994843,True,False,328,32,51807,76875,128696
1024,Dominant,742,1,1,1,0.59749663,0.00001163,0.00127447,0.00697563,0.99999972,0.993347,True,False,360,64,48822,76250,125086
1024,Dominant,743,1,1,1,0.60507256,0.00001300,0.00269049,0.00526912,0.99999969,0.995087,True,False,328,32,63383,78798,142195
1024,Dominant,744,1,1,1,0.59980613,0.00001438,0.00482124,0.00181110,0.99999970,0.998505,True,False,328,32,52898,76150,129062
1024,Dominant,745,1,1,1,0.59637374,0.00001283,0.00319529,0.00345534,0.99999965,0.996826,True,False,328,32,46512,75115,121641
1024,Dominant,746,1,1,1,0.60060722,0.00001296,0.00206667,0.00668366,0.99999965,0.993683,True,False,344,48,56824,77008,133846
1024,Dominant,747,1,1,1,0.59604293,0.00001167,0.00193673,0.00496025,0.99999969,0.995331,True,False,312,16,51888,76184,128086
1024,Dominant,748,1,1,1,0.60576427,0.00001461,0.00410366,0.00390648,0.99999974,0.996460,True,False,312,16,52597,81389,134000
1024,Dominant,749,1,1,1,0.60330641,0.00001226,0.00122344,0.00802522,0.99999968,0.992340,True,False,344,48,58322,77127,135463
1024,Dominant,750,1,1,1,0.60361755,0.00001340,0.00323266,0.00442548,0.99999970,0.995911,True,False,344,48,53551,76550,130115
1024,Dominant,751,1,1,1,0.60683972,0.00001493,0.00549829,-0.00031239,0.99999961,1.000610,True,False,296,0,51133,76385,127532
1024,Dominant,752,1,1,1,0.60074484,0.00001463,0.00485736,0.00182980,0.99999965,0.998505,True,False,312,16,46341,75213,121568
1024,Dominant,753,1,1,1,0.59728265,0.00001177,0.00164145,0.00680183,0.99999971,0.993500,True,False,344,48,55137,77190,132341
1024,Dominant,754,1,1,1,0.59736556,0.00001092,0.00067425,0.00766492,0.99999985,0.992645,True,False,376,80,56136,77001,133151
1024,Dominant,755,1,1,1,0.59954965,0.00001406,0.00452930,0.00177043,0.99999984,0.998535,True,False,312,16,48077,75944,124035
1024,Dominant,756,1,1,1,0.59572393,0.00001176,0.00167781,0.00580558,0.99999968,0.994507,True,False,328,32,48883,75800,124697
1024,Dominant,757,1,1,1,0.60500979,0.00001407,0.00357801,0.00417141,0.99999969,0.996185,True,False,312,16,60059,78058,138131
1024,Dominant,758,1,1,1,0.60146278,0.00001205,0.00081265,0.00897320,0.99999967,0.991394,True,False,344,48,50348,75924,126286
1024,Dominant,759,1,1,1,0.59805948,0.00001073,0.00089532,0.00653722,0.99999978,0.993744,True,False,344,48,52887,81960,134861
1024,Dominant,760,1,1,1,0.59964597,0.00001215,0.00116634,0.00850587,0.99999973,0.991821,True,False,344,48,53967,77572,131553
1024,Dominant,761,1,1,1,0.59461182,0.00001262,0.00316018,0.00330645,0.99999988,0.996979,True,False,328,32,48532,76070,124616
1024,Dominant,762,1,1,1,0.59347057,0.00001408,0.00509375,-0.00050240,0.99999948,1.000763,True,False,296,0,58138,77143,135295
1024,Dominant,763,1,1,1,0.60816216,0.00001148,0.00216037,0.00405730,0.99999972,0.996216,True,False,344,48,49593,76092,125699
1024,Dominant,764,1,1,1,0.59694922,0.00001296,0.00289583,0.00496425,0.99999986,0.995331,True,False,328,32,51125,75718,126857
1024,Dominant,765,1,1,1,0.59888840,0.00001358,0.00302368,0.00527837,0.99999977,0.995056,True,False,312,16,53620,77196,130830
1024,Dominant,766,1,1,1,0.59714019,0.00001462,0.00459337,0.00252174,0.99999956,0.997803,True,False,312,16,63140,77983,141137
1024,Dominant,767,1,1,1,0.60275477,0.00001387,0.00312203,0.00523559,0.99999981,0.995148,True,False,312,16,56364,82145,138523
1024,Dominant,768,1,1,1,0.60262018,0.00001423,0.00457186,0.00107404,0.99999963,0.999237,True,False,328,32,48931,75879,124824
1024,Dominant,769,1,1,1,0.59660167,0.00001222,0.00238681,0.00499732,0.99999964,0.995300,True,False,328,32,50851,76220,127085
1024,Dominant,770,1,1,1,0.60501117,0.00001224,0.00162297,0.00657881,0.99999968,0.993774,True,False,360,64,49481,75618,125113
1024,Dominant,771,1,1,1,0.59945190,0.00001274,0.00200224,0.00714116,0.99999972,0.993195,True,False,328,32,52133,76182,128329
1024,Dominant,772,1,1,1,0.60171080,0.00001257,0.00208998,0.00646601,0.99999968,0.993896,True,False,360,64,51973,76050,128037
1024,Dominant,773,1,1,1,0.59633386,0.00001488,0.00518692,0.00135692,0.99999982,0.998962,True,False,313,0,53108,76877,129999
1024,Dominant,774,1,1,1,0.58825147,0.00001309,0.00397205,0.00159735,0.99999968,0.998657,True,False,328,32,59426,77803,137243
1024,Dominant,775,1,1,1,0.59147847,0.00001347,0.00415820,0.00142717,0.99999963,0.998840,True,False,312,16,52677,76450,129141
1024,Dominant,776,1,1,1,0.59716791,0.00001321,0.00331289,0.00421203,0.99999955,0.996094,True,False,328,32,52376,76498,128888
1024,Dominant,777,1,1,1,0.60043728,0.00001256,0.00122905,0.00848030,0.99999972,0.991882,True,False,344,48,53381,76894,130289
1024,Dominant,778,1,1,1,0.59450507,0.00001337,0.00356835,0.00320050,0.99999986,0.997101,True,False,328,32,52116,81292,133422
1024,Dominant,779,1,1,1,0.59451592,0.00001128,0.00136036,0.00624633,0.99999973,0.994049,True,False,328,32,50148,76184,126346
1024,Dominant,780,1,1,1,0.59940159,0.00001376,0.00380033,0.00371287,0.99999977,0.996613,True,False,328,32,50746,75979,126739
1024,Dominant,781,1,1,1,0.60101807,0.00001433,0.00437003,0.00269537,0.99999958,0.997620,True,False,312,16,56193,76734,132941
1024,Dominant,782,1,1,1,0.58997643,0.00001234,0.00258040,0.00467698,0.99999971,0.995605,True,False,328,32,47380,75519,122913
1024,Dominant,783,1,1,1,0.60220653,0.00001469,0.00495023,0.00080117,0.99999982,0.999512,True,False,312,16,61681,78016,139711
1024,Dominant,784,1,1,1,0.59772289,0.00001346,0.00327909,0.00507763,0.99999970,0.995239,True,False,328,32,47436,76252,123702
1024,Dominant,785,1,1,1,0.59762985,0.00001110,0.00086838,0.00745323,0.99999972,0.992859,True,False,328,32,51250,76850,128114
1024,Dominant,786,1,1,1,0.59681898,0.00001466,0.00497735,0.00146846,0.99999963,0.998840,True,False,312,16,49843,75652,125509
1024,Dominant,787,1,1,1,0.59294289,0.00001247,0.00311875,0.00301076,0.99999973,0.997253,True,False,312,16,51954,76079,128047
1024,Dominant,788,1,1,1,0.59869313,0.00001234,0.00172406,0.00732190,0.99999972,0.993011,True,False,344,48,52005,76191,128210
1024,Dominant,789,1,1,1,0.60119164,0.00001334,0.00273418,0.00510745,0.99999971,0.995239,True,False,312,16,51347,80710,132071
1024,Dominant,790,1,1,1,0.60511267,0.00001324,0.00310719,0.00421612,0.99999969,0.996124,True,False,328,32,52353,76306,128673
1024,Dominant,791,1,1,1,0.60680348,0.00001174,0.00089866,0.00823418,0.99999969,0.992126,True,False,344,48,58640,77143,135797
1024,Dominant,792,1,1,1,0.60424125,0.00001476,0.00477570,0.00198960,0.99999971,0.998352,True,False,312,16,49814,76423,126251
1024,Dominant,793,1,1,1,0.60120767,0.00001291,0.00250238,0.00570604,0.99999976,0.994629,True,False,312,16,51437,76269,127720
1024,Dominant,794,1,1,1,0.59717208,0.00001266,0.00233257,0.00567958,0.99999976,0.994629,True,False,344,48,49594,75869,125477
1024,Dominant,795,1,1,1,0.60369235,0.00001415,0.00447637,0.00230154,0.99999967,0.998016,True,False,312,16,51803,76597,128414
1024,Dominant,796,1,1,1,0.60305995,0.00001480,0.00507247,0.00121311,0.99999961,0.999146,True,False,328,32,51726,76710,128450
1024,Dominant,797,1,1,1,0.60080701,0.00001197,0.00095022,0.00848911,0.99999976,0.991852,True,False,328,32,53413,76724,130151
1024,Dominant,798,1,1,1,0.60208207,0.00001324,0.00284648,0.00507792,0.99999971,0.995270,True,False,328,32,50811,75656,126481
1024,Dominant,799,1,1,1,0.60678488,0.00001521,0.00549150,0.00066863,0.99999956,0.999634,True,False,296,0,51779,76054,127847
1024,Near_Zero,800,0,0,N/A,0.00000004,0.00001373,0.00002950,0.01416956,0.99993720,0.985992,True,False,312,16,58601,84271,142886
1024,Near_Zero,801,0,0,N/A,0.00000004,0.00001463,0.00002981,0.01513135,0.99993523,0.985046,True,False,296,0,54508,76628,131150
1024,Near_Zero,802,1,0,N/A,0.00000002,0.00001383,0.00002956,0.01429210,0.99993851,0.985870,True,False,312,16,46865,75950,122829
1024,Near_Zero,803,0,0,N/A,0.00000004,0.00001436,0.00002993,0.01485218,0.99993560,0.985321,True,False,312,16,51928,81485,133427
1024,Near_Zero,804,0,0,N/A,0.00000001,0.00001338,0.00002939,0.01379730,0.99993819,0.986359,True,False,313,0,52453,76362,128829
1024,Near_Zero,805,0,0,N/A,0.00000001,0.00001334,0.00002942,0.01376556,0.99993896,0.986389,True,False,312,16,46669,76064,122747
1024,Near_Zero,806,0,0,N/A,0.00000000,0.00001457,0.00002978,0.01506893,0.99993571,0.985107,True,False,312,16,54348,75787,130149
1024,Near_Zero,807,0,0,N/A,0.00000002,0.00001361,0.00002952,0.01404539,0.99993756,0.986115,True,False,296,0,56089,76847,132950
1024,Near_Zero,808,0,0,N/A,0.00000002,0.00001477,0.00002980,0.01528601,0.99993572,0.984894,True,False,296,0,63869,78244,142127
1024,Near_Zero,809,0,0,N/A,0.00000001,0.00001387,0.00002950,0.01432252,0.99993910,0.985840,True,False,296,0,49660,75880,125554
1024,Near_Zero,810,0,0,N/A,0.00000001,0.00001292,0.00002927,0.01330254,0.99993805,0.986847,True,False,296,0,51350,77357,128721
1024,Near_Zero,811,0,0,N/A,0.00000002,0.00001459,0.00002978,0.01509889,0.99993686,0.985077,True,False,312,16,54104,82409,136527
1024,Near_Zero,812,0,0,N/A,0.00000002,0.00001402,0.00002965,0.01447795,0.99993835,0.985687,True,False,296,0,48542,75908,124464
1024,Near_Zero,813,0,0,N/A,0.00000005,0.00001391,0.00002975,0.01438506,0.99993834,0.985779,True,False,296,0,50583,75950,126547
1024,Near_Zero,814,0,0,N/A,0.00000003,0.00001365,0.00002933,0.01407512,0.99993887,0.986084,True,False,296,0,49800,100029,149843
1024,Near_Zero,815,0,0,N/A,0.00000003,0.00001393,0.00002953,0.01438378,0.99993971,0.985779,True,False,312,16,53762,76276,130052
1024,Near_Zero,816,0,0,N/A,0.00000001,0.00001468,0.00002990,0.01519146,0.99993724,0.984985,True,False,312,16,46884,75546,122444
1024,Near_Zero,817,0,0,N/A,0.00000003,0.00001390,0.00002957,0.01435449,0.99993798,0.985809,True,False,296,0,65148,78664,143826
1024,Near_Zero,818,0,0,N/A,0.00000000,0.00001381,0.00002945,0.01425987,0.99993978,0.985901,True,False,296,0,53623,76415,130052
1024,Near_Zero,819,0,0,N/A,0.00000003,0.00001313,0.00002951,0.01354871,0.99993919,0.986603,True,False,312,16,50234,76552,126800
1024,Near_Zero,820,0,0,N/A,0.00000000,0.00001477,0.00002987,0.01528306,0.99993841,0.984894,True,False,312,16,52475,76111,128600
1024,Near_Zero,821,0,0,N/A,0.00000001,0.00001378,0.00002950,0.01423019,0.99993855,0.985931,True,False,296,0,47576,75667,123257
1024,Near_Zero,822,1,0,N/A,0.00000001,0.00001331,0.00002947,0.01373745,0.99993627,0.986420,True,False,312,16,53250,76348,129612
1024,Near_Zero,823,0,0,N/A,0.00000001,0.00001390,0.00002954,0.01435493,0.99993757,0.985809,True,False,312,16,45962,76789,122765
1024,Near_Zero,824,1,0,N/A,0.00000004,0.00001435,0.00002973,0.01482186,0.99993508,0.985352,True,False,328,32,53933,76203,130150
1024,Near_Zero,825,0,0,N/A,0.00000000,0.00001420,0.00002965,0.01466365,0.99993832,0.985504,True,False,296,0,58975,77617,136606
1024,Near_Zero,826,1,0,N/A,0.00000000,0.00001276,0.00002932,0.01314622,0.99993983,0.987000,True,False,296,0,74819,80706,155539
1024,Near_Zero,827,0,0,N/A,0.00000003,0.00001395,0.00002961,0.01441768,0.99993679,0.985748,True,False,296,0,59465,77402,136881
1024,Near_Zero,828,1,0,N/A,0.00000000,0.00001403,0.00002983,0.01451111,0.99993615,0.985657,True,False,312,16,51533,75931,127478
1024,Near_Zero,829,0,0,N/A,0.00000002,0.00001337,0.00002949,0.01379786,0.99993756,0.986359,True,False,296,0,55153,76675,131842
1024,Near_Zero,830,0,0,N/A,0.00000002,0.00001267,0.00002940,0.01305489,0.99993827,0.987091,True,False,312,16,52132,76415,128561
1024,Near_Zero,831,0,0,N/A,0.00000001,0.00001438,0.00002995,0.01488187,0.99993698,0.985291,True,False,296,0,55120,76991,132125
1024,Near_Zero,832,0,0,N/A,0.00000001,0.00001387,0.00002960,0.01432445,0.99993698,0.985840,True,False,296,0,51060,75717,126791
1024,Near_Zero,833,1,0,N/A,0.00000001,0.00001457,0.00002975,0.01506723,0.99993731,0.985107,True,False,296,0,52252,76607,128873
1024,Near_Zero,834,0,0,N/A,0.00000003,0.00001407,0.00002973,0.01454023,0.99993805,0.985626,True,False,296,0,63923,78233,142170
1024,Near_Zero,835,0,0,N/A,0.00000001,0.00001482,0.00003024,0.01534828,0.99993521,0.984833,True,False,312,16,53670,82150,135834
1024,Near_Zero,836,1,0,N/A,0.00000003,0.00001465,0.00002999,0.01516201,0.99993552,0.985016,True,False,312,16,52136,76097,128247
1024,Near_Zero,837,1,0,N/A,0.00000002,0.00001415,0.00002987,0.01463414,0.99993710,0.985535,True,False,296,0,46345,75370,121729
1024,Near_Zero,838,0,0,N/A,0.00000001,0.00001422,0.00002965,0.01469462,0.99993831,0.985474,True,False,296,0,55228,76285,131527
1024,Near_Zero,839,0,0,N/A,0.00000000,0.00001434,0.00002963,0.01481824,0.99993872,0.985352,True,False,312,16,48432,75860,124306
1024,Near_Zero,840,0,0,N/A,0.00000002,0.00001305,0.00002937,0.01345684,0.99993836,0.986694,True,False,312,16,50710,75763,126487
1024,Near_Zero,841,0,0,N/A,0.00000001,0.00001382,0.00002957,0.01426256,0.99993700,0.985901,True,False,312,16,57243,76586,133843
1024,Near_Zero,842,0,0,N/A,0.00000001,0.00001295,0.00002936,0.01333576,0.99993584,0.986816,True,False,296,0,62490,77530,140034
1024,Near_Zero,843,1,0,N/A,0.00000003,0.00001427,0.00002978,0.01475765,0.99993710,0.985413,True,False,296,0,53107,81411,134532
1024,Near_Zero,844,0,0,N/A,0.00000000,0.00001448,0.00002984,0.01497552,0.99993632,0.985199,True,False,296,0,48301,75860,124175
1024,Near_Zero,845,0,0,N/A,0.00000004,0.00001448,0.00002975,0.01497364,0.99993814,0.985199,True,False,312,16,64693,78420,143127
1024,Near_Zero,846,1,0,N/A,0.00000003,0.00001380,0.00002966,0.01426104,0.99993862,0.985901,True,False,312,16,49506,75714,125234
1024,Near_Zero,847,0,0,N/A,0.00000001,0.00001362,0.00002954,0.01404525,0.99993786,0.986115,True,False,296,0,51028,76072,127114
1024,Near_Zero,848,0,0,N/A,0.00000003,0.00001345,0.00002940,0.01385971,0.99993765,0.986298,True,False,296,0,47112,75668,122794
1024,Near_Zero,849,0,0,N/A,0.00000006,0.00001475,0.00002982,0.01525209,0.99993847,0.984924,True,False,312,16,54347,76531,130892
1024,Near_Zero,850,0,0,N/A,0.00000000,0.00001442,0.00002979,0.01491380,0.99993600,0.985260,True,False,296,0,52799,80303,133116
1024,Near_Zero,851,0,0,N/A,0.00000002,0.00001439,0.00002980,0.01488239,0.99993653,0.985291,True,False,312,16,52179,80587,132780
1024,Near_Zero,852,0,0,N/A,0.00000004,0.00001430,0.00002967,0.01478932,0.99993657,0.985382,True,False,312,16,54028,76594,130636
1024,Near_Zero,853,0,0,N/A,0.00000001,0.00001344,0.00002947,0.01386074,0.99993670,0.986298,True,False,296,0,51032,76719,127765
1024,Near_Zero,854,0,0,N/A,0.00000000,0.00001378,0.00002958,0.01423155,0.99993722,0.985931,True,False,312,16,63467,79069,142550
1024,Near_Zero,855,0,0,N/A,0.00000001,0.00001343,0.00002941,0.01382941,0.99993698,0.986328,True,False,296,0,53664,76196,129874
1024,Near_Zero,856,0,0,N/A,0.00000003,0.00001400,0.00002950,0.01444794,0.99993735,0.985718,True,False,312,16,52773,75510,128297
1024,Near_Zero,857,0,0,N/A,0.00000001,0.00001448,0.00002976,0.01497588,0.99993584,0.985199,True,False,312,16,51386,76098,127498
1024,Near_Zero,858,0,0,N/A,0.00000001,0.00001513,0.00002995,0.01565583,0.99993757,0.984528,True,False,312,16,50846,75884,126744
1024,Near_Zero,859,0,0,N/A,0.00000003,0.00001443,0.00002973,0.01491326,0.99993658,0.985260,True,False,312,16,60211,77368,137593
1024,Near_Zero,860,0,0,N/A,0.00000003,0.00001427,0.00002988,0.01475952,0.99993544,0.985413,True,False,312,16,52171,77543,129728
1024,Near_Zero,861,0,0,N/A,0.00000003,0.00001414,0.00002993,0.01463374,0.99993741,0.985535,True,False,296,0,50921,75899,126834
1024,Near_Zero,862,1,0,N/A,0.00000002,0.00001441,0.00002963,0.01488259,0.99993630,0.985291,True,False,312,16,46700,75301,122015
1024,Near_Zero,863,0,0,N/A,0.00000010,0.00001392,0.00002965,0.01438787,0.99993557,0.985779,True,False,296,0,52541,77104,129659
1024,Near_Zero,864,0,0,N/A,0.00000001,0.00001351,0.00002936,0.01392085,0.99993831,0.986237,True,False,296,0,57269,76661,133944
1024,Near_Zero,865,0,0,N/A,0.00000008,0.00001374,0.00002971,0.01420053,0.99993712,0.985962,True,False,312,16,52240,75988,128242
1024,Near_Zero,866,1,0,N/A,0.00000001,0.00001364,0.00002967,0.01407636,0.99993757,0.986084,True,False,312,16,52157,75955,128126
1024,Near_Zero,867,0,0,N/A,0.00000001,0.00001439,0.00002975,0.01488230,0.99993645,0.985291,True,False,312,16,58244,78206,136464
1024,Near_Zero,868,0,0,N/A,0.00000001,0.00001369,0.00002967,0.01413792,0.99993797,0.986023,True,False,296,0,52342,76255,128611
1024,Near_Zero,869,0,0,N/A,0.00000000,0.00001451,0.00002976,0.01500653,0.99993628,0.985168,True,False,296,0,49064,76036,125114
1024,Near_Zero,870,0,0,N/A,0.00000005,0.00001381,0.00002970,0.01426302,0.99993655,0.985901,True,False,312,16,52796,76221,129031
1024,Near_Zero,871,0,0,N/A,0.00000001,0.00001461,0.00002994,0.01512909,0.99993753,0.985046,True,False,296,0,51139,75901,127054
1024,Near_Zero,872,0,0,N/A,0.00000003,0.00001480,0.00002992,0.01531565,0.99993690,0.984863,True,False,296,0,46554,75230,121798
1024,Near_Zero,873,0,0,N/A,0.00000003,0.00001430,0.00002974,0.01478697,0.99993904,0.985382,True,False,312,16,51160,76197,127371
1024,Near_Zero,874,0,0,N/A,0.00000003,0.00001390,0.00002964,0.01435520,0.99993735,0.985809,True,False,296,0,49218,75913,125145
1024,Near_Zero,875,0,0,N/A,0.00000002,0.00001387,0.00002967,0.01432327,0.99993824,0.985840,True,False,312,16,51914,76286,128214
1024,Near_Zero,876,0,0,N/A,0.00000002,0.00001369,0.00002948,0.01413767,0.99993816,0.986023,True,False,296,0,58931,77472,136417
1024,Near_Zero,877,0,0,N/A,0.00000001,0.00001478,0.00002990,0.01528632,0.99993519,0.984894,True,False,296,0,52954,76366,129334
1024,Near_Zero,878,0,0,N/A,0.00000000,0.00001417,0.00002957,0.01463468,0.99993656,0.985535,True,False,312,16,50164,75764,125942
1024,Near_Zero,879,0,0,N/A,0.00000001,0.00001322,0.00002961,0.01364282,0.99993801,0.986511,True,False,312,16,54954,81858,136826
1024,Near_Zero,880,0,0,N/A,0.00000000,0.00001386,0.00002972,0.01432221,0.99993918,0.985840,True,False,312,16,51776,75817,127607
1024,Near_Zero,881,0,0,N/A,0.00000001,0.00001361,0.00002951,0.01404649,0.99993654,0.986115,True,False,312,16,52418,76542,128974
1024,Near_Zero,882,0,0,N/A,0.00000003,0.00001382,0.00002952,0.01426044,0.99993917,0.985901,True,False,312,16,51666,76146,127826
1024,Near_Zero,883,1,0,N/A,0.00000000,0.00001369,0.00002967,0.01413928,0.99993658,0.986023,True,False,312,16,48429,75308,123751
1024,Near_Zero,884,0,0,N/A,0.00000001,0.00001382,0.00002962,0.01426138,0.99993821,0.985901,True,False,312,16,63020,80944,143978
1024,Near_Zero,885,0,0,N/A,0.00000001,0.00001400,0.00002956,0.01444926,0.99993614,0.985718,True,False,296,0,56202,77068,133284
1024,Near_Zero,886,0,0,N/A,0.00000001,0.00001392,0.00002965,0.01438614,0.99993730,0.985779,True,False,296,0,48703,76050,124767
1024,Near_Zero,887,0,0,N/A,0.00000000,0.00001361,0.00002951,0.01404440,0.99993842,0.986115,True,False,312,16,52282,76064,128360
1024,Near_Zero,888,1,0,N/A,0.00000005,0.00001460,0.00002984,0.01509801,0.99993781,0.985077,True,False,296,0,48530,75889,124433
1024,Near_Zero,889,0,0,N/A,0.00000000,0.00001333,0.00002941,0.01373665,0.99993675,0.986420,True,False,296,0,53973,76224,130211
1024,Near_Zero,890,0,0,N/A,0.00000000,0.00001463,0.00002979,0.01512864,0.99993810,0.985046,True,False,312,16,46113,75485,121612
1024,Near_Zero,891,0,0,N/A,0.00000000,0.00001364,0.00002959,0.01407611,0.99993779,0.986084,True,False,296,0,52117,76249,128380
1024,Near_Zero,892,0,0,N/A,0.00000001,0.00001416,0.00002974,0.01463359,0.99993774,0.985535,True,False,312,16,49364,75771,125149
1024,Near_Zero,893,0,0,N/A,0.00000001,0.00001456,0.00002994,0.01506971,0.99993502,0.985107,True,False,296,0,59960,77812,137786
1024,Near_Zero,894,1,0,N/A,0.00000007,0.00001401,0.00002956,0.01447833,0.99993795,0.985687,True,False,296,0,51195,76290,127499
1024,Near_Zero,895,0,0,N/A,0.00000001,0.00001354,0.00002962,0.01398286,0.99993810,0.986176,True,False,296,0,49599,76502,126115
1024,Near_Zero,896,1,0,N/A,0.00000001,0.00001380,0.00002959,0.01423224,0.99993657,0.985931,True,False,296,0,54828,76679,131521
1024,Near_Zero,897,0,0,N/A,0.00000001,0.00001364,0.00002952,0.01407699,0.99993681,0.986084,True,False,312,16,49812,76778,126604
1024,Near_Zero,898,0,0,N/A,0.00000001,0.00001395,0.00002968,0.01441733,0.99993715,0.985748,True,False,296,0,55047,77556,132617
1024,Near_Zero,899,1,0,N/A,0.00000003,0.00001347,0.00002955,0.01389123,0.99993712,0.986267,True,False,312,16,50744,76461,127219
1024,Near_Zero,900,0,0,N/A,0.00000001,0.00001358,0.00002950,0.01401308,0.99993882,0.986145,True,False,312,16,51365,75832,127211
1024,Near_Zero,901,0,0,N/A,0.00000001,0.00001392,0.00002973,0.01438659,0.99993687,0.985779,True,False,296,0,59373,78352,137739
1024,Near_Zero,902,0,0,N/A,0.00000004,0.00001448,0.00002972,0.01497579,0.99993600,0.985199,True,False,312,16,55742,77675,133431
1024,Near_Zero,903,0,0,N/A,0.00000003,0.00001427,0.00002985,0.01475808,0.99993700,0.985413,True,False,296,0,53119,78010,131143
1024,Near_Zero,904,0,0,N/A,0.00000005,0.00001433,0.00002968,0.01482067,0.99993607,0.985352,True,False,328,32,48982,75500,124496
1024,Near_Zero,905,1,0,N/A,0.00000000,0.00001413,0.00002966,0.01460387,0.99993615,0.985565,True,False,296,0,51766,75742,127522
1024,Near_Zero,906,0,0,N/A,0.00000001,0.00001452,0.00002966,0.01500344,0.99993939,0.985168,True,False,312,16,51072,76197,127283
1024,Near_Zero,907,0,0,N/A,0.00000000,0.00001390,0.00002953,0.01435567,0.99993692,0.985809,True,False,296,0,60235,76813,137062
1024,Near_Zero,908,1,0,N/A,0.00000000,0.00001384,0.00002956,0.01429323,0.99993726,0.985870,True,False,345,32,45976,75064,121054
1024,Near_Zero,909,0,0,N/A,0.00000000,0.00001334,0.00002927,0.01373552,0.99993805,0.986420,True,False,312,16,53156,81564,134734
1024,Near_Zero,910,0,0,N/A,0.00000000,0.00001332,0.00002935,0.01373599,0.99993750,0.986420,True,False,328,32,60529,77598,138141
1024,Near_Zero,911,0,0,N/A,0.00000001,0.00001420,0.00002959,0.01466542,0.99993670,0.985504,True,False,312,16,49205,76051,125270
1024,Near_Zero,912,0,0,N/A,0.00000000,0.00001447,0.00002989,0.01497495,0.99993690,0.985199,True,False,296,0,54648,76442,131104
1024,Near_Zero,913,0,0,N/A,0.00000003,0.00001451,0.00002972,0.01500495,0.99993778,0.985168,True,False,312,16,53149,76478,129641
1024,Near_Zero,914,1,0,N/A,0.00000002,0.00001348,0.00002949,0.01388927,0.99993897,0.986267,True,False,312,16,51619,76264,127897
1024,Near_Zero,915,1,0,N/A,0.00000002,0.00001395,0.00002969,0.01441724,0.99993718,0.985748,True,False,312,16,48430,75421,123865
1024,Near_Zero,916,0,0,N/A,0.00000004,0.00001360,0.00002945,0.01401399,0.99993806,0.986145,True,False,296,0,55078,76015,131107
1024,Near_Zero,917,1,0,N/A,0.00000001,0.00001448,0.00002966,0.01497413,0.99993754,0.985199,True,False,312,16,59097,77769,136880
1024,Near_Zero,918,0,0,N/A,0.00000001,0.00001405,0.00002956,0.01451068,0.99993648,0.985657,True,False,312,16,63204,77686,140904
1024,Near_Zero,919,0,0,N/A,0.00000002,0.00001283,0.00002931,0.01320949,0.99993825,0.986938,True,False,296,0,55076,77192,132282
1024,Near_Zero,920,0,0,N/A,0.00000000,0.00001359,0.00002942,0.01401495,0.99993718,0.986145,True,False,312,16,50289,77004,127307
1024,Near_Zero,921,0,0,N/A,0.00000000,0.00001395,0.00002950,0.01441578,0.99993851,0.985748,True,False,312,16,49775,76058,125847
1024,Near_Zero,922,1,0,N/A,0.00000000,0.00001339,0.00002945,0.01379617,0.99993918,0.986359,True,False,296,0,51151,75969,127134
1024,Near_Zero,923,0,0,N/A,0.00000000,0.00001404,0.00002970,0.01451034,0.99993688,0.985657,True,False,296,0,55511,76775,132300
1024,Near_Zero,924,1,0,N/A,0.00000000,0.00001451,0.00002972,0.01500682,0.99993603,0.985168,True,False,296,0,66357,78848,145219
1024,Near_Zero,925,0,0,N/A,0.00000000,0.00001477,0.00002993,0.01528355,0.99993814,0.984894,True,False,296,0,50033,76168,126215
1024,Near_Zero,926,0,0,N/A,0.00000000,0.00001409,0.00002971,0.01457153,0.99993765,0.985596,True,False,312,16,54970,76038,131022
1024,Near_Zero,927,1,0,N/A,0.00000001,0.00001327,0.00002939,0.01367381,0.99993784,0.986481,True,False,312,16,58604,77478,136096
1024,Near_Zero,928,0,0,N/A,0.00000002,0.00001392,0.00002965,0.01438692,0.99993655,0.985779,True,False,328,32,52608,77280,129902
1024,Near_Zero,929,0,0,N/A,0.00000000,0.00001396,0.00002965,0.01441784,0.99993661,0.985748,True,False,312,16,48637,75536,124187
1024,Near_Zero,930,0,0,N/A,0.00000002,0.00001413,0.00002965,0.01460173,0.99993842,0.985565,True,False,296,0,51882,75824,127720
1024,Near_Zero,931,0,0,N/A,0.00000000,0.00001335,0.00002944,0.01376675,0.99993780,0.986389,True,False,312,16,51332,75844,127190
1024,Near_Zero,932,0,0,N/A,0.00000001,0.00001412,0.00002980,0.01460263,0.99993768,0.985565,True,False,296,0,53112,75731,128857
1024,Near_Zero,933,0,0,N/A,0.00000001,0.00001388,0.00002949,0.01432415,0.99993730,0.985840,True,False,296,0,51267,75784,127065
1024,Near_Zero,934,0,0,N/A,0.00000000,0.00001362,0.00002954,0.01404526,0.99993773,0.986115,True,False,296,0,47326,75429,122769
1024,Near_Zero,935,0,0,N/A,0.00000001,0.00001416,0.00002969,0.01463451,0.99993658,0.985535,True,False,312,16,60302,77604,137920
1024,Near_Zero,936,1,0,N/A,0.00000002,0.00001410,0.00002972,0.01457311,0.99993600,0.985596,True,False,312,16,51417,75836,127267
1024,Near_Zero,937,0,0,N/A,0.00000000,0.00001405,0.00002962,0.01450966,0.99993774,0.985657,True,False,312,16,53874,76168,130056
1024,Near_Zero,938,0,0,N/A,0.00000000,0.00001435,0.00002978,0.01484919,0.99993876,0.985321,True,False,296,0,51595,76542,128151
1024,Near_Zero,939,0,0,N/A,0.00000001,0.00001437,0.00002970,0.01485237,0.99993551,0.985321,True,False,296,0,53727,76494,130235
1024,Near_Zero,940,0,0,N/A,0.00000001,0.00001373,0.00002952,0.01416879,0.99993804,0.985992,True,False,296,0,51044,80324,131382
1024,Near_Zero,941,0,0,N/A,0.00000003,0.00001463,0.00002971,0.01513017,0.99993638,0.985046,True,False,296,0,49579,75570,125163
1024,Near_Zero,942,0,0,N/A,0.00000002,0.00001396,0.00002966,0.01441713,0.99993724,0.985748,True,False,328,32,56029,76771,132814
1024,Near_Zero,943,0,0,N/A,0.00000001,0.00001423,0.00002982,0.01472624,0.99993784,0.985443,True,False,296,0,62614,78267,140895
1024,Near_Zero,944,0,0,N/A,0.00000001,0.00001393,0.00002979,0.01438954,0.99993391,0.985779,True,False,312,16,61052,78446,139512
1024,Near_Zero,945,0,0,N/A,0.00000000,0.00001293,0.00002940,0.01330133,0.99993937,0.986847,True,False,296,0,51705,76735,128454
1024,Near_Zero,946,1,0,N/A,0.00000003,0.00001434,0.00002978,0.01482033,0.99993652,0.985352,True,False,296,0,51618,76022,127654
1024,Near_Zero,947,0,0,N/A,0.00000001,0.00001410,0.00002968,0.01457079,0.99993846,0.985596,True,False,312,16,65098,78074,143186
1024,Near_Zero,948,0,0,N/A,0.00000004,0.00001360,0.00002961,0.01404310,0.99993964,0.986115,True,False,296,0,50983,76153,127150
1024,Near_Zero,949,1,0,N/A,0.00000002,0.00001401,0.00002964,0.01447810,0.99993824,0.985687,True,False,296,0,52270,76281,128565
1024,Near_Zero,950,0,0,N/A,0.00000001,0.00001427,0.00002981,0.01475795,0.99993702,0.985413,True,False,296,0,67973,81048,149035
1024,Near_Zero,951,0,0,N/A,0.00000002,0.00001395,0.00002972,0.01441732,0.99993715,0.985748,True,False,296,0,70817,79963,150794
1024,Near_Zero,952,0,0,N/A,0.00000001,0.00001474,0.00002987,0.01525308,0.99993749,0.984924,True,False,312,16,73062,81008,154084
1024,Near_Zero,953,0,0,N/A,0.00000005,0.00001453,0.00002999,0.01503766,0.99993593,0.985138,True,False,312,16,71561,83873,155448
1024,Near_Zero,954,0,0,N/A,0.00000001,0.00001428,0.00002959,0.01475733,0.99993775,0.985413,True,False,296,0,65143,78475,143632
1024,Near_Zero,955,0,0,N/A,0.00000003,0.00001404,0.00002970,0.01450885,0.99993846,0.985657,True,False,312,16,51624,76406,128044
1024,Near_Zero,956,0,0,N/A,0.00000000,0.00001323,0.00002946,0.01364283,0.99993807,0.986511,True,False,296,0,54371,76449,130834
1024,Near_Zero,957,1,0,N/A,0.00000003,0.00001436,0.00002978,0.01485059,0.99993731,0.985321,True,False,296,0,47189,75534,122737
1024,Near_Zero,958,0,0,N/A,0.00000002,0.00001397,0.00002957,0.01441625,0.99993808,0.985748,True,False,312,16,56302,76441,132757
1024,Near_Zero,959,0,0,N/A,0.00000002,0.00001420,0.00002990,0.01469682,0.99993631,0.985474,True,False,312,16,49679,75509,125202
1024,Near_Zero,960,0,0,N/A,0.00000004,0.00001363,0.00002957,0.01407426,0.99993978,0.986084,True,False,296,0,52408,76163,128585
1024,Near_Zero,961,0,0,N/A,0.00000001,0.00001357,0.00002937,0.01398191,0.99993922,0.986176,True,False,296,0,63815,77506,141335
1024,Near_Zero,962,0,0,N/A,0.00000002,0.00001383,0.00002963,0.01429188,0.99993886,0.985870,True,False,312,16,49601,80834,130449
1024,Near_Zero,963,0,0,N/A,0.00000001,0.00001370,0.00002958,0.01413859,0.99993724,0.986023,True,False,296,0,52124,76230,128368
1024,Near_Zero,964,0,0,N/A,0.00000002,0.00001462,0.00002976,0.01512915,0.99993748,0.985046,True,False,296,0,46587,75277,121878
1024,Near_Zero,965,0,0,N/A,0.00000005,0.00001413,0.00002971,0.01460153,0.99993849,0.985565,True,False,296,0,52264,80372,132650
1024,Near_Zero,966,0,0,N/A,0.00000001,0.00001491,0.00003007,0.01544063,0.99993578,0.984741,True,False,296,0,53728,76197,129939
1024,Near_Zero,967,0,0,N/A,0.00000002,0.00001475,0.00002986,0.01525400,0.99993671,0.984924,True,False,312,16,50917,76172,127103
1024,Near_Zero,968,0,0,N/A,0.00000003,0.00001399,0.00002970,0.01444844,0.99993691,0.985718,True,False,312,16,45678,75311,121003
1024,Near_Zero,969,0,0,N/A,0.00000003,0.00001368,0.00002944,0.01410839,0.99993654,0.986053,True,False,296,0,60498,77240,137752
1024,Near_Zero,970,0,0,N/A,0.00000000,0.00001361,0.00002940,0.01404531,0.99993786,0.986115,True,False,296,0,54628,75957,130599
1024,Near_Zero,971,1,0,N/A,0.00000005,0.00001430,0.00002977,0.01478879,0.99993708,0.985382,True,False,312,16,46500,81078,127592
1024,Near_Zero,972,0,0,N/A,0.00000001,0.00001412,0.00002958,0.01457228,0.99993694,0.985596,True,False,312,16,53551,76162,129727
1024,Near_Zero,973,0,0,N/A,0.00000001,0.00001421,0.00002984,0.01469564,0.99993744,0.985474,True,False,312,16,49717,75873,125604
1024,Near_Zero,974,0,0,N/A,0.00000002,0.00001329,0.00002944,0.01370516,0.99993747,0.986450,True,False,312,16,53032,82775,135821
1024,Near_Zero,975,0,0,N/A,0.00000001,0.00001306,0.00002931,0.01345654,0.99993861,0.986694,True,False,296,0,47379,75204,122597
1024,Near_Zero,976,1,0,N/A,0.00000002,0.00001422,0.00002968,0.01469721,0.99993594,0.985474,True,False,296,0,55661,76562,132237
1024,Near_Zero,977,0,0,N/A,0.00000000,0.00001465,0.00002988,0.01516128,0.99993624,0.985016,True,False,296,0,52633,81615,134262
1024,Near_Zero,978,0,0,N/A,0.00000000,0.00001386,0.00002942,0.01429333,0.99993729,0.985870,True,False,312,16,59752,77571,137337
1024,Near_Zero,979,0,0,N/A,0.00000000,0.00001415,0.00002969,0.01463452,0.99993672,0.985535,True,False,296,0,50826,76239,127079
1024,Near_Zero,980,0,0,N/A,0.00000001,0.00001428,0.00002971,0.01475812,0.99993676,0.985413,True,False,296,0,57527,76218,133759
1024,Near_Zero,981,0,0,N/A,0.00000000,0.00001428,0.00002962,0.01475805,0.99993696,0.985413,True,False,312,16,56348,76528,132890
1024,Near_Zero,982,0,0,N/A,0.00000001,0.00001386,0.00002967,0.01432383,0.99993761,0.985840,True,False,312,16,47937,75573,123524
1024,Near_Zero,983,0,0,N/A,0.00000001,0.00001329,0.00002935,0.01370278,0.99993979,0.986450,True,False,312,16,51902,76638,128554
1024,Near_Zero,984,0,0,N/A,0.00000000,0.00001448,0.00002969,0.01497293,0.99993867,0.985199,True,False,296,0,52133,75902,128049
1024,Near_Zero,985,0,0,N/A,0.00000003,0.00001398,0.00002974,0.01444749,0.99993793,0.985718,True,False,312,16,51227,75764,127005
1024,Near_Zero,986,0,0,N/A,0.00000000,0.00001441,0.00002985,0.01491188,0.99993802,0.985260,True,False,296,0,59782,78044,137840
1024,Near_Zero,987,1,0,N/A,0.00000005,0.00001368,0.00002960,0.01410829,0.99993668,0.986053,True,False,296,0,53575,76017,129606
1024,Near_Zero,988,1,0,N/A,0.00000000,0.00001400,0.00002977,0.01447946,0.99993691,0.985687,True,False,312,16,50755,75903,126672
1024,Near_Zero,989,0,0,N/A,0.00000005,0.00001341,0.00002941,0.01382983,0.99993662,0.986328,True,False,312,16,51128,75794,126936
1024,Near_Zero,990,0,0,N/A,0.00000001,0.00001376,0.00002940,0.01420102,0.99993672,0.985962,True,False,296,0,51913,76507,128434
1024,Near_Zero,991,0,0,N/A,0.00000002,0.00001423,0.00002966,0.01469590,0.99993724,0.985474,True,False,312,16,53752,76361,130127
1024,Near_Zero,992,0,0,N/A,0.00000003,0.00001405,0.00002969,0.01451092,0.99993639,0.985657,True,False,312,16,52609,76241,128864
1024,Near_Zero,993,0,0,N/A,0.00000003,0.00001380,0.00002970,0.01426318,0.99993641,0.985901,True,False,296,0,60688,77691,138393
1024,Near_Zero,994,0,0,N/A,0.00000000,0.00001411,0.00002947,0.01457285,0.99993634,0.985596,True,False,312,16,46597,75754,122365
1024,Near_Zero,995,0,0,N/A,0.00000004,0.00001448,0.00002975,0.01497463,0.99993704,0.985199,True,False,312,16,59101,77626,136741
1024,Near_Zero,996,0,0,N/A,0.00000003,0.00001425,0.00002975,0.01472668,0.99993736,0.985443,True,False,312,16,81505,90766,172285
1024,Near_Zero,997,0,0,N/A,0.00000001,0.00001410,0.00002960,0.01457089,0.99993826,0.985596,True,False,312,16,67058,78701,145773
1024,Near_Zero,998,0,0,N/A,0.00000000,0.00001398,0.00002975,0.01444735,0.99993797,0.985718,True,False,312,16,51964,75882,127860
1024,Near_Zero,999,0,0,N/A,0.00000001,0.00001362,0.00002947,0.01404767,0.99993542,0.986115,True,False,296,0,58306,76372,134692
1024,Ascending,1000,1,0,N/A,0.00002150,0.00001452,0.00004453,0.07309261,0.99997231,0.985138,True,False,408,112,55316,76629,131959
1024,Ascending,1001,1,1,1,0.00010574,0.00001502,0.00003819,0.07466122,0.99997000,0.984619,True,False,408,112,52774,75988,128776
1024,Ascending,1002,1,0,N/A,0.00002408,0.00001467,0.00003852,0.07909952,0.99997229,0.984985,True,False,408,112,52519,76026,128559
1024,Ascending,1003,1,1,1,0.00009395,0.00001431,0.00004284,0.06678124,0.99997453,0.985352,True,False,408,112,64481,78898,143393
1024,Ascending,1004,1,0,N/A,0.00002452,0.00001441,0.00004159,0.06710957,0.99997284,0.985260,True,False,408,112,57603,76493,134110
1024,Ascending,1005,1,1,1,0.00013591,0.00001449,0.00004225,0.06674174,0.99997427,0.985168,True,False,408,112,51847,76215,128076
1024,Ascending,1006,1,1,1,0.00018186,0.00001410,0.00004423,0.07473302,0.99997332,0.985565,True,False,425,112,52528,77049,129591
1024,Ascending,1007,1,0,N/A,0.00004703,0.00001416,0.00003693,0.07680499,0.99997414,0.985504,True,False,408,112,54137,76283,130434
1024,Ascending,1008,1,0,N/A,0.00004630,0.00001443,0.00004080,0.06767979,0.99997230,0.985229,True,False,408,112,51899,75718,127631
1024,Ascending,1009,1,0,N/A,0.00000746,0.00001478,0.00004280,0.07117852,0.99997166,0.984863,True,False,408,112,51868,76160,128042
1024,Ascending,1010,1,0,N/A,0.00000103,0.00001410,0.00004221,0.07276783,0.99997357,0.985565,True,False,408,112,49528,75378,124920
1024,Ascending,1011,1,1,1,0.00008904,0.00001433,0.00004449,0.07191349,0.99997443,0.985321,True,False,408,112,52706,76409,129129
1024,Ascending,1012,1,0,N/A,0.00004852,0.00001396,0.00003945,0.07043123,0.99997408,0.985718,True,False,408,112,59756,76545,136315
1024,Ascending,1013,1,0,N/A,0.00001178,0.00001433,0.00004074,0.07137760,0.99997284,0.985352,True,False,408,112,50606,81309,131929
1024,Ascending,1014,1,1,1,0.00008130,0.00001443,0.00004406,0.06519366,0.99997048,0.985229,True,False,408,112,49980,75665,125659
1024,Ascending,1015,1,1,1,0.00024219,0.00001451,0.00004456,0.07219066,0.99997528,0.985138,True,False,408,112,55229,76460,131703
1024,Ascending,1016,1,0,N/A,0.00004084,0.00001451,0.00004548,0.06870580,0.99997452,0.985138,True,False,408,112,50909,81328,132251
1024,Ascending,1017,1,0,N/A,0.00003717,0.00001420,0.00003687,0.07148585,0.99997303,0.985474,True,False,408,112,49935,75987,125936
1024,Ascending,1018,1,0,N/A,0.00004312,0.00001514,0.00004159,0.07175727,0.99997127,0.984497,True,False,408,112,52353,75933,128300
1024,Ascending,1019,1,0,N/A,0.00002136,0.00001538,0.00004635,0.07139830,0.99997094,0.984253,True,False,408,112,50120,75853,125987
1024,Ascending,1020,1,0,N/A,0.00002638,0.00001428,0.00004311,0.06864656,0.99997412,0.985382,True,False,408,112,58625,78186,136825
1024,Ascending,1021,1,0,N/A,0.00002404,0.00001499,0.00004571,0.07313048,0.99997148,0.984650,True,False,408,112,51267,75338,126619
1024,Ascending,1022,1,1,1,0.00010849,0.00001445,0.00003871,0.07034389,0.99997300,0.985199,True,False,408,112,50688,76274,126976
1024,Ascending,1023,1,0,N/A,0.00001161,0.00001499,0.00004261,0.06676355,0.99997143,0.984650,True,False,408,112,47804,76149,123967
1024,Ascending,1024,1,0,N/A,0.00002639,0.00001442,0.00004442,0.07246880,0.99997342,0.985229,True,False,408,112,51632,76477,128123
1024,Ascending,1025,1,0,N/A,0.00003863,0.00001455,0.00003919,0.07225693,0.99997132,0.985107,True,False,408,112,51182,75998,127194
1024,Ascending,1026,1,0,N/A,0.00004805,0.00001541,0.00004760,0.07526269,0.99997210,0.984222,True,False,408,112,50563,76023,126600
1024,Ascending,1027,1,1,1,0.00011206,0.00001520,0.00004230,0.07160646,0.99996937,0.984436,True,False,408,112,51113,76329,127456
1024,Ascending,1028,1,0,N/A,0.00005974,0.00001511,0.00004053,0.07519528,0.99997368,0.984528,True,False,408,112,45928,76494,122436
1024,Ascending,1029,1,0,N/A,0.00003022,0.00001364,0.00003852,0.06590789,0.99997579,0.986053,True,False,408,112,61204,77689,138907
1024,Ascending,1030,1,0,N/A,0.00001101,0.00001446,0.00003990,0.07245218,0.99997177,0.985229,True,False,408,112,48875,75420,124309
1024,Ascending,1031,1,0,N/A,0.00002393,0.00001514,0.00004265,0.07447642,0.99997228,0.984497,True,False,408,112,51453,75866,127333
1024,Ascending,1032,1,1,1,0.00013943,0.00001458,0.00003818,0.06788412,0.99997288,0.985077,True,False,408,112,50937,75517,126468
1024,Ascending,1033,1,0,N/A,0.00004255,0.00001446,0.00004133,0.06877658,0.99997222,0.985199,True,False,408,112,53729,75768,129511
1024,Ascending,1034,1,0,N/A,0.00000205,0.00001478,0.00004229,0.06947304,0.99997308,0.984863,True,False,408,112,54505,76840,131359
1024,Ascending,1035,1,1,1,0.00009601,0.00001416,0.00004642,0.07289769,0.99997365,0.985504,True,False,408,112,49063,76228,125305
1024,Ascending,1036,1,0,N/A,0.00005890,0.00001425,0.00003825,0.07162507,0.99997355,0.985413,True,False,408,112,52481,76206,128701
1024,Ascending,1037,1,0,N/A,0.00001403,0.00001445,0.00003991,0.06554484,0.99997240,0.985199,True,False,408,112,59081,77933,137028
1024,Ascending,1038,1,1,1,0.00008133,0.00001464,0.00004559,0.07360894,0.99997229,0.985016,True,False,408,112,50434,76340,126788
1024,Ascending,1039,1,0,N/A,0.00000295,0.00001466,0.00004109,0.06806204,0.99997290,0.984985,True,False,408,112,50815,76290,127119
1024,Ascending,1040,1,0,N/A,0.00003332,0.00001419,0.00004367,0.06753581,0.99997364,0.985474,True,False,408,112,48876,75964,124854
1024,Ascending,1041,1,0,N/A,0.00001536,0.00001403,0.00004188,0.07015737,0.99997214,0.985657,True,False,408,112,53456,76606,130076
1024,Ascending,1042,1,1,1,0.00050064,0.00001496,0.00004727,0.07343497,0.99997256,0.984680,True,False,408,112,46378,75836,122228
1024,Ascending,1043,1,0,N/A,0.00003078,0.00001428,0.00004183,0.06960518,0.99997271,0.985382,True,False,408,112,56953,76642,133609
1024,Ascending,1044,1,0,N/A,0.00002594,0.00001502,0.00004512,0.07538120,0.99997253,0.984619,True,False,408,112,50758,76772,127544
1024,Ascending,1045,1,0,N/A,0.00002371,0.00001465,0.00003870,0.07156819,0.99997050,0.985016,True,False,408,112,52370,76131,128515
1024,Ascending,1046,1,1,1,0.00008113,0.00001478,0.00004517,0.07299370,0.99997310,0.984863,True,False,408,112,62649,78106,140769
1024,Ascending,1047,1,1,1,0.00020374,0.00001422,0.00004091,0.07262314,0.99997379,0.985443,True,False,408,112,51148,76313,127475
1024,Ascending,1048,1,0,N/A,0.00002749,0.00001396,0.00003776,0.07077995,0.99997296,0.985718,True,False,408,112,47684,75058,122756
1024,Ascending,1049,1,1,1,0.00020007,0.00001441,0.00003867,0.06649351,0.99997000,0.985260,True,False,408,112,64526,78792,143332
1024,Ascending,1050,1,1,1,0.00010118,0.00001370,0.00004242,0.07218052,0.99997429,0.985992,True,False,408,112,60955,77590,138559
1024,Ascending,1051,1,0,N/A,0.00002109,0.00001487,0.00004048,0.07478748,0.99997359,0.984772,True,False,408,112,52502,76188,128704
1024,Ascending,1052,0,0,N/A,0.00000077,0.00001419,0.00003802,0.06678667,0.99997190,0.985474,True,False,408,112,49762,75627,125403
1024,Ascending,1053,1,1,1,0.00019683,0.00001469,0.00004741,0.06921306,0.99997418,0.984955,True,False,408,112,50688,77467,128169
1024,Ascending,1054,1,0,N/A,0.00001367,0.00001455,0.00003550,0.06800937,0.99997042,0.985107,True,False,408,112,59269,77270,136553
1024,Ascending,1055,1,0,N/A,0.00003838,0.00001478,0.00004019,0.07332476,0.99997343,0.984863,True,False,408,112,53727,76508,130249
1024,Ascending,1056,1,0,N/A,0.00002446,0.00001420,0.00004068,0.06587217,0.99997229,0.985474,True,False,408,112,51108,75336,126458
1024,Ascending,1057,1,1,1,0.00012561,0.00001373,0.00003762,0.07186542,0.99997325,0.985962,True,False,408,112,70293,81501,151808
1024,Ascending,1058,1,0,N/A,0.00001806,0.00001487,0.00004506,0.07329265,0.99997267,0.984772,True,False,408,112,53807,76595,130416
1024,Ascending,1059,1,0,N/A,0.00002308,0.00001568,0.00004369,0.06955043,0.99997020,0.983948,True,False,408,112,55218,76714,131946
1024,Ascending,1060,1,0,N/A,0.00001372,0.00001401,0.00004045,0.06885341,0.99997357,0.985657,True,False,408,112,47072,75944,123030
1024,Ascending,1061,1,0,N/A,0.00001065,0.00001408,0.00003889,0.07109971,0.99997056,0.985596,True,False,408,112,54243,76925,131182
1024,Ascending,1062,1,0,N/A,0.00001366,0.00001420,0.00003976,0.07317901,0.99997394,0.985474,True,False,408,112,51140,76578,127732
1024,Ascending,1063,1,0,N/A,0.00002526,0.00001499,0.00004437,0.06852057,0.99997197,0.984650,True,False,408,112,59825,77341,137180
1024,Ascending,1064,1,0,N/A,0.00003613,0.00001463,0.00004182,0.07002992,0.99997243,0.985016,True,False,408,112,50729,76146,126889
1024,Ascending,1065,1,0,N/A,0.00004122,0.00001417,0.00004179,0.07184953,0.99997309,0.985504,True,False,408,112,52709,76236,128959
1024,Ascending,1066,1,0,N/A,0.00000880,0.00001443,0.00003854,0.07334614,0.99997398,0.985229,True,False,408,112,50572,75838,126424
1024,Ascending,1067,1,0,N/A,0.00001833,0.00001398,0.00003662,0.06648485,0.99997353,0.985687,True,False,408,112,48779,75946,124739
1024,Ascending,1068,1,0,N/A,0.00001673,0.00001443,0.00004253,0.07127709,0.99997338,0.985229,True,False,408,112,56745,77155,133914
1024,Ascending,1069,1,1,1,0.00010057,0.00001472,0.00003894,0.07329871,0.99997136,0.984924,True,False,408,112,54424,77528,131966
1024,Ascending,1070,1,1,1,0.00006369,0.00001505,0.00004134,0.07482081,0.99997184,0.984589,True,False,408,112,52594,81492,134100
1024,Ascending,1071,1,0,N/A,0.00001301,0.00001478,0.00004276,0.07160227,0.99997400,0.984863,True,False,408,112,60944,77507,138465
1024,Ascending,1072,1,0,N/A,0.00004303,0.00001448,0.00003846,0.06271837,0.99997160,0.985199,True,False,408,112,53218,76515,129747
1024,Ascending,1073,1,0,N/A,0.00002184,0.00001467,0.00004580,0.06829814,0.99997261,0.984985,True,False,408,112,55715,76505,132234
1024,Ascending,1074,1,0,N/A,0.00000136,0.00001435,0.00003947,0.06987329,0.99997217,0.985321,True,False,408,112,48532,75655,124201
1024,Ascending,1075,1,0,N/A,0.00003477,0.00001447,0.00003996,0.08055759,0.99997197,0.985199,True,False,408,112,54713,76720,131447
1024,Ascending,1076,1,0,N/A,0.00005023,0.00001472,0.00004033,0.07198419,0.99997312,0.984924,True,False,408,112,53900,75678,129592
1024,Ascending,1077,1,0,N/A,0.00004874,0.00001460,0.00004237,0.06796929,0.99997329,0.985046,True,False,408,112,51600,76311,127925
1024,Ascending,1078,1,0,N/A,0.00005049,0.00001404,0.00003610,0.07257109,0.99997320,0.985626,True,False,408,112,53482,77212,130708
1024,Ascending,1079,1,1,1,0.00009977,0.00001363,0.00003541,0.07148525,0.99997441,0.986053,True,False,408,112,51220,82715,133949
1024,Ascending,1080,1,0,N/A,0.00001354,0.00001523,0.00004057,0.06890523,0.99997240,0.984406,True,False,408,112,58953,77344,136311
1024,Ascending,1081,1,0,N/A,0.00000492,0.00001538,0.00004505,0.07516693,0.99997159,0.984253,True,False,408,112,50119,75935,126068
1024,Ascending,1082,1,1,1,0.00028970,0.00001449,0.00004250,0.07059255,0.99997284,0.985168,True,False,408,112,51051,82048,133113
1024,Ascending,1083,1,0,N/A,0.00005760,0.00001387,0.00003980,0.06926703,0.99997418,0.985809,True,False,408,112,69718,78794,148526
1024,Ascending,1084,1,0,N/A,0.00001657,0.00001408,0.00003992,0.07430497,0.99997354,0.985596,True,False,408,112,52518,75790,128322
1024,Ascending,1085,1,0,N/A,0.00002983,0.00001398,0.00004035,0.06979959,0.99997388,0.985687,True,False,408,112,49087,75819,124920
1024,Ascending,1086,1,0,N/A,0.00003155,0.00001411,0.00004106,0.07379580,0.99997282,0.985565,True,False,408,112,51332,75871,127217
1024,Ascending,1087,1,1,1,0.00012380,0.00001472,0.00003876,0.07361881,0.99997095,0.984924,True,False,408,112,55550,77227,132791
1024,Ascending,1088,1,1,1,0.00006559,0.00001443,0.00003970,0.07137648,0.99997389,0.985229,True,False,408,112,63503,79126,142643
1024,Ascending,1089,1,0,N/A,0.00004266,0.00001443,0.00004199,0.06585304,0.99997284,0.985229,True,False,408,112,53569,76447,130030
1024,Ascending,1090,1,1,1,0.00006263,0.00001461,0.00004179,0.07250320,0.99997393,0.985046,True,False,408,112,50352,76577,126943
1024,Ascending,1091,1,0,N/A,0.00004777,0.00001380,0.00004143,0.07376008,0.99997585,0.985870,True,False,408,112,51630,80778,132422
1024,Ascending,1092,1,0,N/A,0.00000592,0.00001428,0.00003948,0.06278541,0.99997250,0.985382,True,False,408,112,50865,75743,126622
1024,Ascending,1093,1,0,N/A,0.00002253,0.00001437,0.00003957,0.06884551,0.99997142,0.985291,True,False,408,112,49605,75876,125495
1024,Ascending,1094,1,0,N/A,0.00004898,0.00001454,0.00004247,0.07615510,0.99997285,0.985107,True,False,408,112,48375,75927,124316
1024,Ascending,1095,1,0,N/A,0.00004313,0.00001416,0.00003958,0.07323020,0.99997343,0.985504,True,False,408,112,52145,76432,128591
1024,Ascending,1096,1,1,1,0.00009684,0.00001490,0.00004447,0.07192771,0.99997304,0.984741,True,False,408,112,52243,76465,128722
1024,Ascending,1097,1,1,1,0.00008470,0.00001442,0.00003686,0.07601958,0.99997200,0.985260,True,False,408,112,61368,77170,138552
1024,Ascending,1098,1,1,1,0.00007970,0.00001374,0.00003799,0.06511140,0.99997269,0.985962,True,False,408,112,61370,77698,139082
1024,Ascending,1099,1,0,N/A,0.00004618,0.00001425,0.00004387,0.06485617,0.99997045,0.985413,True,False,408,112,51129,76141,127284
1024,Ascending,1100,1,1,1,0.00008936,0.00001469,0.00004231,0.07034872,0.99997093,0.984955,True,False,408,112,53312,76218,129544
1024,Ascending,1101,1,1,1,0.00011187,0.00001472,0.00003500,0.07276419,0.99997044,0.984924,True,False,408,112,50983,76234,127231
1024,Ascending,1102,1,0,N/A,0.00000299,0.00001454,0.00004492,0.06960075,0.99997349,0.985107,True,False,408,112,55293,77333,132640
1024,Ascending,1103,1,0,N/A,0.00003199,0.00001502,0.00004011,0.07109412,0.99997199,0.984619,True,False,408,112,49786,75807,125607
1024,Ascending,1104,1,0,N/A,0.00003492,0.00001422,0.00004420,0.07344960,0.99997568,0.985443,True,False,408,112,52076,76052,128142
1024,Ascending,1105,1,0,N/A,0.00005326,0.00001396,0.00003954,0.06889481,0.99997435,0.985718,True,False,408,112,59432,77910,137356
1024,Ascending,1106,1,0,N/A,0.00003060,0.00001493,0.00004120,0.07309073,0.99997254,0.984711,True,False,408,112,53514,76180,129708
1024,Ascending,1107,1,1,1,0.00012586,0.00001379,0.00003848,0.07417881,0.99997378,0.985901,True,False,408,112,54930,76600,131544
1024,Ascending,1108,1,1,1,0.00006436,0.00001415,0.00003749,0.07327776,0.99997348,0.985535,True,False,408,112,50755,76017,126786
1024,Ascending,1109,1,1,1,0.00006637,0.00001461,0.00004357,0.07465600,0.99997218,0.985046,True,False,408,112,53285,76506,129805
1024,Ascending,1110,1,0,N/A,0.00003404,0.00001417,0.00004210,0.06970076,0.99997213,0.985504,True,False,408,112,49314,75800,125128
1024,Ascending,1111,1,0,N/A,0.00002021,0.00001405,0.00003829,0.07405723,0.99997255,0.985626,True,False,408,112,54851,77126,131991
1024,Ascending,1112,1,0,N/A,0.00004398,0.00001408,0.00004185,0.07605677,0.99997388,0.985596,True,False,408,112,55630,76719,132363
1024,Ascending,1113,1,1,1,0.00006243,0.00001484,0.00004275,0.07539960,0.99997158,0.984802,True,False,408,112,55365,76986,132365
1024,Ascending,1114,1,0,N/A,0.00001617,0.00001437,0.00004109,0.06685685,0.99997231,0.985291,True,False,408,112,58282,77010,135306
1024,Ascending,1115,1,0,N/A,0.00001580,0.00001422,0.00003496,0.06712094,0.99997380,0.985443,True,False,408,112,56626,76764,133404
1024,Ascending,1116,1,0,N/A,0.00001796,0.00001532,0.00005013,0.07730013,0.99997286,0.984314,True,False,408,112,53185,76252,129451
1024,Ascending,1117,1,1,1,0.00006441,0.00001414,0.00003650,0.06345673,0.99997309,0.985535,True,False,408,112,50245,76209,126468
1024,Ascending,1118,1,0,N/A,0.00001523,0.00001454,0.00004363,0.07219124,0.99997389,0.985107,True,False,408,112,54803,82118,136935
1024,Ascending,1119,1,0,N/A,0.00001738,0.00001502,0.00004519,0.07378701,0.99997302,0.984619,True,False,408,112,52815,76110,128939
1024,Ascending,1120,1,0,N/A,0.00000887,0.00001464,0.00004382,0.07040857,0.99997257,0.985016,True,False,408,112,48715,75993,124722
1024,Ascending,1121,0,0,N/A,0.00000092,0.00001443,0.00004127,0.07435408,0.99997311,0.985229,True,False,408,112,52892,76664,129570
1024,Ascending,1122,1,0,N/A,0.00003279,0.00001365,0.00003613,0.06608364,0.99997393,0.986023,True,False,408,112,59683,77173,136870
1024,Ascending,1123,1,1,1,0.00007362,0.00001448,0.00004746,0.06877452,0.99997286,0.985168,True,False,425,112,52976,76193,129183
1024,Ascending,1124,1,1,1,0.00007819,0.00001442,0.00004314,0.06428275,0.99997410,0.985229,True,False,408,112,51345,75445,126804
1024,Ascending,1125,1,1,1,0.00007527,0.00001434,0.00004094,0.06513606,0.99997403,0.985321,True,False,408,112,51690,76276,127980
1024,Ascending,1126,1,0,N/A,0.00005154,0.00001413,0.00004005,0.07269708,0.99997489,0.985535,True,False,408,112,49715,75519,125248
1024,Ascending,1127,1,0,N/A,0.00004885,0.00001526,0.00004491,0.07575900,0.99997324,0.984375,True,False,408,112,52060,76270,128344
1024,Ascending,1128,1,1,1,0.00012043,0.00001484,0.00004351,0.07437513,0.99997168,0.984802,True,False,408,112,50910,76048,126972
1024,Ascending,1129,1,0,N/A,0.00001369,0.00001511,0.00004266,0.06642505,0.99996990,0.984528,True,False,408,112,51911,76532,128457
1024,Ascending,1130,1,0,N/A,0.00000694,0.00001490,0.00004426,0.06781260,0.99997139,0.984741,True,False,408,112,52485,76396,128895
1024,Ascending,1131,1,0,N/A,0.00005574,0.00001401,0.00003809,0.06909674,0.99997451,0.985687,True,False,408,112,69161,79293,148468
1024,Ascending,1132,1,1,1,0.00008147,0.00001404,0.00003886,0.07081116,0.99997231,0.985657,True,False,408,112,54090,77308,131412
1024,Ascending,1133,1,0,N/A,0.00001539,0.00001363,0.00003716,0.06979342,0.99997426,0.986084,True,False,408,112,50348,76063,126425
1024,Ascending,1134,1,0,N/A,0.00004797,0.00001487,0.00003970,0.07368304,0.99997180,0.984772,True,False,408,112,50020,76107,126141
1024,Ascending,1135,1,1,1,0.00016516,0.00001488,0.00004064,0.07759709,0.99997172,0.984772,True,False,408,112,50714,75941,126669
1024,Ascending,1136,1,0,N/A,0.00000827,0.00001476,0.00004114,0.07707725,0.99997321,0.984894,True,False,408,112,60302,78838,139154
1024,Ascending,1137,1,0,N/A,0.00001876,0.00001378,0.00003813,0.07118719,0.99997273,0.985901,True,False,425,112,50886,76443,127343
1024,Ascending,1138,1,1,1,0.00012956,0.00001419,0.00004184,0.06887800,0.99997449,0.985474,True,False,408,112,49690,76409,126113
1024,Ascending,1139,1,0,N/A,0.00002495,0.00001436,0.00004371,0.06943001,0.99997665,0.985291,True,False,408,112,59335,84084,143433
1024,Ascending,1140,1,0,N/A,0.00001739,0.00001400,0.00004192,0.07116760,0.99997234,0.985687,True,False,408,112,50501,76295,126810
1024,Ascending,1141,1,0,N/A,0.00000458,0.00001375,0.00003517,0.07086190,0.99997357,0.985931,True,False,408,112,51129,76326,127469
1024,Ascending,1142,1,0,N/A,0.00002532,0.00001434,0.00004452,0.06668837,0.99997280,0.985321,True,False,408,112,51929,81080,133023
1024,Ascending,1143,1,1,1,0.00009239,0.00001410,0.00003805,0.06598145,0.99997243,0.985565,True,False,408,112,52503,76836,129353
1024,Ascending,1144,1,1,1,0.00007904,0.00001357,0.00004228,0.06347757,0.99997402,0.986145,True,False,408,112,51057,77763,128834
1024,Ascending,1145,1,0,N/A,0.00003457,0.00001441,0.00004060,0.07088150,0.99997252,0.985260,True,False,408,112,51510,80688,132212
1024,Ascending,1146,1,0,N/A,0.00002337,0.00001387,0.00003754,0.06585669,0.99997333,0.985809,True,False,408,112,50222,76365,126601
1024,Ascending,1147,1,0,N/A,0.00005590,0.00001408,0.00003715,0.06237912,0.99997239,0.985596,True,False,408,112,54445,76967,131426
1024,Ascending,1148,1,1,1,0.00008295,0.00001505,0.00004480,0.07043210,0.99997087,0.984589,True,False,408,112,64145,77901,142060
1024,Ascending,1149,1,1,1,0.00007598,0.00001451,0.00004596,0.07109623,0.99997298,0.985138,True,False,408,112,51703,76629,128346
1024,Ascending,1150,1,1,1,0.00008223,0.00001435,0.00003901,0.06997838,0.99997108,0.985321,True,False,408,112,51237,76261,127512
1024,Ascending,1151,1,1,1,0.00010488,0.00001415,0.00003748,0.07353907,0.99997355,0.985535,True,False,408,112,64009,78825,142848
1024,Ascending,1152,1,0,N/A,0.00001453,0.00001475,0.00003819,0.07070945,0.99996992,0.984894,True,False,408,112,53837,76919,130770
1024,Ascending,1153,1,0,N/A,0.00001378,0.00001421,0.00003742,0.06881636,0.99997192,0.985474,True,False,408,112,51300,76033,127347
1024,Ascending,1154,1,0,N/A,0.00002936,0.00001505,0.00004234,0.07106429,0.99997300,0.984589,True,False,408,112,54715,76655,131384
1024,Ascending,1155,1,0,N/A,0.00002699,0.00001413,0.00003939,0.06976937,0.99997255,0.985535,True,False,408,112,50096,76098,126208
1024,Ascending,1156,1,1,1,0.00015141,0.00001481,0.00004040,0.07310600,0.99997298,0.984833,True,False,408,112,60024,77554,137592
1024,Ascending,1157,1,1,1,0.00008689,0.00001424,0.00003764,0.07110721,0.99997269,0.985443,True,False,408,112,56638,76402,133054
1024,Ascending,1158,1,0,N/A,0.00001369,0.00001393,0.00004558,0.06748371,0.99997423,0.985748,True,False,408,112,52552,75808,128374
1024,Ascending,1159,1,0,N/A,0.00001819,0.00001443,0.00004366,0.06988797,0.99997287,0.985229,True,False,408,112,49728,75816,125558
1024,Ascending,1160,1,1,1,0.00006981,0.00001360,0.00003689,0.06334316,0.99997358,0.986084,True,False,408,112,49939,75932,125885
1024,Ascending,1161,1,0,N/A,0.00002469,0.00001437,0.00004147,0.06587871,0.99997144,0.985291,True,False,408,112,51983,76425,128422
1024,Ascending,1162,1,0,N/A,0.00000632,0.00001345,0.00003812,0.07174556,0.99997366,0.986237,True,False,408,112,51846,76110,127970
1024,Ascending,1163,1,0,N/A,0.00004611,0.00001478,0.00003823,0.07089244,0.99996978,0.984863,True,False,408,112,50389,76433,126836
1024,Ascending,1164,1,0,N/A,0.00002861,0.00001445,0.00004331,0.06939837,0.99997267,0.985199,True,False,408,112,51720,76357,128091
1024,Ascending,1165,1,0,N/A,0.00000343,0.00001391,0.00003935,0.07057206,0.99997423,0.985779,True,False,408,112,62940,77179,140133
1024,Ascending,1166,1,1,1,0.00009206,0.00001472,0.00004292,0.07458147,0.99997208,0.984924,True,False,408,112,52242,75953,128209
1024,Ascending,1167,1,1,1,0.00009396,0.00001460,0.00004513,0.06900933,0.99997131,0.985046,True,False,408,112,74822,81187,156023
1024,Ascending,1168,1,0,N/A,0.00000840,0.00001416,0.00003658,0.06757255,0.99997316,0.985504,True,False,408,112,55647,76971,132632
1024,Ascending,1169,1,1,1,0.00008292,0.00001369,0.00003831,0.07262577,0.99997325,0.986023,True,False,408,112,52125,76367,128506
1024,Ascending,1170,1,0,N/A,0.00004429,0.00001401,0.00004281,0.07209849,0.99997270,0.985657,True,False,408,112,52913,76435,129362
1024,Ascending,1171,1,0,N/A,0.00003844,0.00001451,0.00004073,0.06375213,0.99997140,0.985138,True,False,408,112,54447,76964,131425
1024,Ascending,1172,1,0,N/A,0.00003766,0.00001490,0.00004544,0.06962557,0.99997424,0.984741,True,False,408,112,47680,75942,123636
1024,Ascending,1173,1,1,1,0.00009832,0.00001410,0.00003795,0.06978037,0.99997234,0.985565,True,False,408,112,59937,78773,138724
1024,Ascending,1174,1,0,N/A,0.00004322,0.00001422,0.00004507,0.06873002,0.99997362,0.985443,True,False,425,112,53613,76659,130286
1024,Ascending,1175,1,0,N/A,0.00004342,0.00001484,0.00004133,0.07008200,0.99997324,0.984802,True,False,408,112,54840,76638,131492
1024,Ascending,1176,1,0,N/A,0.00003104,0.00001469,0.00004205,0.07283505,0.99997198,0.984955,True,False,408,112,51924,76796,128734
1024,Ascending,1177,1,1,1,0.00010008,0.00001448,0.00004173,0.07202591,0.99997372,0.985168,True,False,408,112,47021,75882,122917
1024,Ascending,1178,1,0,N/A,0.00003107,0.00001437,0.00003733,0.06999718,0.99997155,0.985291,True,False,408,112,51737,75650,127401
1024,Ascending,1179,1,0,N/A,0.00000585,0.00001383,0.00003854,0.06814365,0.99997420,0.985840,True,False,408,112,50320,75655,125989
1024,Ascending,1180,1,0,N/A,0.00003914,0.00001472,0.00004102,0.07563288,0.99997532,0.984924,True,False,408,112,51225,76154,127393
1024,Ascending,1181,1,0,N/A,0.00002262,0.00001496,0.00004279,0.07479836,0.99997062,0.984680,True,False,408,112,58240,77531,135785
1024,Ascending,1182,1,1,1,0.00006923,0.00001421,0.00003527,0.07205729,0.99997234,0.985474,True,False,408,112,59311,77899,137224
1024,Ascending,1183,1,1,1,0.00029674,0.00001428,0.00004191,0.07374685,0.99997400,0.985382,True,False,408,112,52925,76363,129302
1024,Ascending,1184,1,0,N/A,0.00000308,0.00001407,0.00003979,0.07347240,0.99997313,0.985596,True,False,408,112,48340,76247,124601
1024,Ascending,1185,1,0,N/A,0.00000928,0.00001437,0.00003846,0.07142050,0.99997161,0.985291,True,False,408,112,51362,76342,127718
1024,Ascending,1186,1,0,N/A,0.00002490,0.00001455,0.00004457,0.07571884,0.99997352,0.985107,True,False,408,112,68557,77390,145961
1024,Ascending,1187,1,1,1,0.00010958,0.00001466,0.00004541,0.07717471,0.99997366,0.984985,True,False,408,112,52125,76434,128573
1024,Ascending,1188,1,1,1,0.00010660,0.00001472,0.00004375,0.07466204,0.99997242,0.984924,True,False,408,112,53828,76791,130633
1024,Ascending,1189,1,1,1,0.00009849,0.00001469,0.00004729,0.07323014,0.99997206,0.984955,True,False,408,112,53472,76398,129884
1024,Ascending,1190,1,0,N/A,0.00000703,0.00001449,0.00004260,0.07286448,0.99997227,0.985168,True,False,408,112,49200,76308,125522
1024,Ascending,1191,1,1,1,0.00012470,0.00001399,0.00004011,0.06335691,0.99997283,0.985687,True,False,408,112,58963,77439,136416
1024,Ascending,1192,1,1,1,0.00009753,0.00001460,0.00004169,0.06853391,0.99997184,0.985046,True,False,408,112,51945,76525,128484
1024,Ascending,1193,1,0,N/A,0.00001052,0.00001353,0.00004095,0.06486628,0.99997330,0.986176,True,False,408,112,56489,77294,133797
1024,Ascending,1194,1,0,N/A,0.00003311,0.00001469,0.00004239,0.07072680,0.99997217,0.984955,True,False,408,112,51289,76591,127894
1024,Ascending,1195,1,0,N/A,0.00000422,0.00001446,0.00003762,0.06987463,0.99997195,0.985199,True,False,408,112,52195,76993,129202
1024,Ascending,1196,1,1,1,0.00007044,0.00001400,0.00004146,0.06542806,0.99997425,0.985687,True,False,408,112,54058,76903,130975
1024,Ascending,1197,1,1,1,0.00015376,0.00001496,0.00004248,0.07393982,0.99997373,0.984680,True,False,408,112,50833,76722,127569
1024,Ascending,1198,1,0,N/A,0.00001717,0.00001481,0.00004517,0.07808032,0.99997198,0.984833,True,False,408,112,52196,76306,128516
1024,Ascending,1199,1,0,N/A,0.00000517,0.00001466,0.00004164,0.07158449,0.99997344,0.984985,True,False,408,112,78300,91695,170009
1024,Descending,1200,1,1,1,0.00010777,0.00001362,0.00003798,0.07129593,0.99997210,0.986084,True,False,296,0,65972,78974,144960
1024,Descending,1201,1,0,N/A,0.00004280,0.00001357,0.00003924,0.06997169,0.99997263,0.986176,True,False,296,0,52933,76807,129754
1024,Descending,1202,1,0,N/A,0.00000322,0.00001380,0.00004066,0.06483303,0.99997257,0.985931,True,False,296,0,52610,76955,129579
1024,Descending,1203,1,0,N/A,0.00004601,0.00001386,0.00003260,0.07124056,0.99997234,0.985840,True,False,296,0,55160,77297,132471
1024,Descending,1204,1,1,1,0.00008343,0.00001358,0.00003408,0.06963303,0.99997140,0.986176,True,False,296,0,52866,76144,129024
1024,Descending,1205,1,0,N/A,0.00001364,0.00001370,0.00004217,0.06647663,0.99997338,0.986023,True,False,296,0,52858,76422,129294
1024,Descending,1206,1,0,N/A,0.00002306,0.00001403,0.00003349,0.07388929,0.99997280,0.985687,True,False,296,0,50976,76486,127476
1024,Descending,1207,1,1,1,0.00007100,0.00001368,0.00003960,0.07136938,0.99997280,0.986053,True,False,296,0,57494,79375,136883
1024,Descending,1208,1,1,1,0.00012416,0.00001336,0.00003954,0.07044182,0.99997109,0.986420,True,False,296,0,64181,77671,141866
1024,Descending,1209,1,0,N/A,0.00003261,0.00001392,0.00003508,0.06613179,0.99997361,0.985779,True,False,296,0,52537,77111,129662
1024,Descending,1210,1,0,N/A,0.00003339,0.00001393,0.00003218,0.07073586,0.99997140,0.985809,True,False,296,0,50909,76804,127727
1024,Descending,1211,1,0,N/A,0.00001340,0.00001358,0.00003531,0.07458440,0.99997335,0.986145,True,False,296,0,54276,76697,130987
1024,Descending,1212,1,1,1,0.00023366,0.00001412,0.00003579,0.07063212,0.99996853,0.985626,True,False,296,0,53641,76586,130241
1024,Descending,1213,1,0,N/A,0.00000165,0.00001331,0.00003810,0.07219039,0.99997434,0.986420,True,False,296,0,49271,76494,125779
1024,Descending,1214,1,1,1,0.00008727,0.00001346,0.00003335,0.06306829,0.99997268,0.986267,True,False,296,0,52319,76660,128993
1024,Descending,1215,1,0,N/A,0.00002901,0.00001389,0.00003397,0.06870892,0.99997435,0.985840,True,False,296,0,56596,77307,133917
1024,Descending,1216,1,0,N/A,0.00000519,0.00001344,0.00003852,0.07293681,0.99997148,0.986298,True,False,296,0,59038,77528,136580
1024,Descending,1217,1,1,1,0.00013580,0.00001344,0.00003583,0.07504495,0.99997273,0.986267,True,False,296,0,51667,76511,128192
1024,Descending,1218,1,0,N/A,0.00004915,0.00001346,0.00003855,0.06949823,0.99997168,0.986298,True,False,296,0,50914,77643,128571
1024,Descending,1219,1,0,N/A,0.00001274,0.00001406,0.00003357,0.06537273,0.99997030,0.985687,True,False,296,0,52190,76400,128604
1024,Descending,1220,1,0,N/A,0.00003242,0.00001363,0.00003541,0.06764855,0.99997325,0.986115,True,False,296,0,50498,76018,126530
1024,Descending,1221,1,1,1,0.00011132,0.00001455,0.00003581,0.07290301,0.99997267,0.985107,True,False,296,0,55217,77582,132813
1024,Descending,1222,1,1,1,0.00010724,0.00001302,0.00003477,0.06939635,0.99997473,0.986725,True,False,296,0,54377,80826,135217
1024,Descending,1223,1,0,N/A,0.00004607,0.00001323,0.00003510,0.06311079,0.99997234,0.986511,True,False,296,0,51835,76388,128237
1024,Descending,1224,1,1,1,0.00009243,0.00001380,0.00003686,0.07239170,0.99997089,0.985931,True,False,296,0,57649,78974,136637
1024,Descending,1225,1,0,N/A,0.00000959,0.00001366,0.00003520,0.06819278,0.99997326,0.986084,True,False,296,0,54857,82325,137196
1024,Descending,1226,1,0,N/A,0.00000405,0.00001368,0.00003568,0.07284257,0.99997336,0.986053,True,False,296,0,51482,76482,127978
1024,Descending,1227,1,0,N/A,0.00000975,0.00001382,0.00003371,0.07655013,0.99997398,0.985870,True,False,296,0,51474,76480,127968
1024,Descending,1228,1,0,N/A,0.00004167,0.00001388,0.00003561,0.06856537,0.99997390,0.985870,True,False,296,0,49734,80255,130003
1024,Descending,1229,1,0,N/A,0.00004766,0.00001392,0.00003443,0.07103101,0.99997178,0.985779,True,False,296,0,52122,76077,128213
1024,Descending,1230,1,0,N/A,0.00002137,0.00001381,0.00003561,0.06833538,0.99997164,0.985901,True,False,296,0,48116,76100,124230
1024,Descending,1231,1,0,N/A,0.00000569,0.00001410,0.00003561,0.07034618,0.99997194,0.985596,True,False,296,0,50561,76087,126662
1024,Descending,1232,1,1,1,0.00007162,0.00001405,0.00003590,0.06640203,0.99997325,0.985718,True,False,296,0,51116,75966,127096
1024,Descending,1233,1,0,N/A,0.00001504,0.00001387,0.00003335,0.06445385,0.99997113,0.985870,True,False,296,0,60143,77563,137720
1024,Descending,1234,1,1,1,0.00013615,0.00001371,0.00003314,0.06376282,0.99997176,0.986023,True,False,296,0,51751,76319,128084
1024,Descending,1235,1,1,1,0.00009736,0.00001386,0.00003356,0.07354689,0.99997248,0.985870,True,False,296,0,52493,76562,129069
1024,Descending,1236,1,1,1,0.00006187,0.00001313,0.00003430,0.07170800,0.99997596,0.986633,True,False,296,0,51596,76553,128163
1024,Descending,1237,1,0,N/A,0.00005897,0.00001327,0.00003789,0.06170558,0.99997325,0.986481,True,False,296,0,46028,75885,121927
1024,Descending,1238,1,1,1,0.00012644,0.00001369,0.00003808,0.07051360,0.99997254,0.986053,True,False,296,0,54374,76779,131167
1024,Descending,1239,1,0,N/A,0.00000652,0.00001369,0.00003759,0.07488137,0.99997309,0.986023,True,False,296,0,50356,76605,126975
1024,Descending,1240,1,0,N/A,0.00003423,0.00001367,0.00003608,0.06785237,0.99997327,0.986053,True,False,296,0,51141,76486,127641
1024,Descending,1241,1,0,N/A,0.00001389,0.00001358,0.00003626,0.06959706,0.99997355,0.986145,True,False,296,0,51429,76482,127925
1024,Descending,1242,1,0,N/A,0.00000730,0.00001410,0.00003572,0.07024031,0.99997088,0.985596,True,False,296,0,59079,76863,135956
1024,Descending,1243,1,0,N/A,0.00004915,0.00001361,0.00003746,0.06469209,0.99997272,0.986084,True,False,296,0,49160,76019,125193
1024,Descending,1244,1,0,N/A,0.00006028,0.00001383,0.00003609,0.06887087,0.99997378,0.985901,True,False,296,0,52320,76661,128995
1024,Descending,1245,1,0,N/A,0.00002891,0.00001396,0.00003604,0.06553444,0.99997151,0.985748,True,False,296,0,50599,76622,127235
1024,Descending,1246,1,0,N/A,0.00000467,0.00001374,0.00003645,0.06913253,0.99997294,0.985992,True,False,296,0,51087,76353,127454
1024,Descending,1247,1,0,N/A,0.00004861,0.00001322,0.00003490,0.07087052,0.99997348,0.986481,True,False,296,0,52050,77024,129088
1024,Descending,1248,1,0,N/A,0.00004900,0.00001336,0.00003383,0.07198941,0.99997480,0.986359,True,False,296,0,50153,76195,126362
1024,Descending,1249,1,0,N/A,0.00001004,0.00001414,0.00003941,0.07161304,0.99997292,0.985596,True,False,296,0,57921,77438,135373
1024,Descending,1250,1,1,1,0.00009569,0.00001352,0.00003820,0.06555498,0.99997314,0.986206,True,False,296,0,63193,78282,141489
1024,Descending,1251,1,0,N/A,0.00001855,0.00001395,0.00003767,0.07115152,0.99997281,0.985748,True,False,296,0,50843,76542,127399
1024,Descending,1252,1,1,1,0.00006783,0.00001390,0.00003709,0.07025216,0.99997026,0.985809,True,False,296,0,50562,77012,127588
1024,Descending,1253,1,0,N/A,0.00001826,0.00001406,0.00003639,0.07118461,0.99997206,0.985626,True,False,296,0,64611,78945,143570
1024,Descending,1254,1,1,1,0.00020974,0.00001388,0.00003863,0.07985324,0.99997226,0.985809,True,False,296,0,52797,76347,129158
1024,Descending,1255,1,0,N/A,0.00000460,0.00001388,0.00003632,0.06869274,0.99997186,0.985809,True,False,296,0,55564,77379,132957
1024,Descending,1256,1,0,N/A,0.00005814,0.00001360,0.00003776,0.07164307,0.99997442,0.986115,True,False,296,0,55456,77253,132723
1024,Descending,1257,1,1,1,0.00006724,0.00001371,0.00003215,0.06435541,0.99997078,0.986023,True,False,296,0,49094,76579,125687
1024,Descending,1258,1,0,N/A,0.00002805,0.00001401,0.00003750,0.07323092,0.99997243,0.985687,True,False,296,0,52123,76649,128786
1024,Descending,1259,1,0,N/A,0.00000491,0.00001329,0.00003541,0.06435681,0.99997416,0.986420,True,False,296,0,59640,78359,138013
1024,Descending,1260,1,0,N/A,0.00000516,0.00001357,0.00003573,0.06576002,0.99997290,0.986176,True,False,296,0,53522,78117,131653
1024,Descending,1261,1,0,N/A,0.00000390,0.00001319,0.00003584,0.06758471,0.99997337,0.986542,True,False,296,0,51782,76302,128098
1024,Descending,1262,1,1,1,0.00006366,0.00001359,0.00003243,0.07113623,0.99997165,0.986145,True,False,296,0,47197,76420,123631
1024,Descending,1263,1,1,1,0.00007066,0.00001366,0.00003682,0.06982676,0.99997230,0.986084,True,False,296,0,50953,76734,127701
1024,Descending,1264,1,0,N/A,0.00003420,0.00001368,0.00003843,0.07304619,0.99997383,0.986053,True,False,296,0,55173,76970,132157
1024,Descending,1265,1,0,N/A,0.00003899,0.00001384,0.00003242,0.07101004,0.99997122,0.985870,True,False,296,0,51162,76627,127803
1024,Descending,1266,1,0,N/A,0.00003643,0.00001372,0.00003997,0.06878798,0.99997095,0.985992,True,False,296,0,52746,76607,129367
1024,Descending,1267,1,1,1,0.00010372,0.00001379,0.00003682,0.06935546,0.99997348,0.985931,True,False,296,0,59608,77848,137470
1024,Descending,1268,1,0,N/A,0.00002121,0.00001350,0.00003614,0.06281486,0.99997241,0.986237,True,False,296,0,51890,78164,130068
1024,Descending,1269,1,0,N/A,0.00003508,0.00001400,0.00003436,0.07312530,0.99997285,0.985687,True,False,296,0,49864,76238,126116
1024,Descending,1270,1,1,1,0.00011056,0.00001364,0.00003760,0.07282270,0.99997290,0.986084,True,False,296,0,53953,77258,131225
1024,Descending,1271,1,0,N/A,0.00000999,0.00001353,0.00003981,0.06775048,0.99997277,0.986176,True,False,296,0,50178,76689,126881
1024,Descending,1272,1,1,1,0.00006142,0.00001315,0.00003427,0.06990652,0.99997359,0.986572,True,False,308,0,54599,77423,132036
1024,Descending,1273,1,1,1,0.00008660,0.00001358,0.00003584,0.06802848,0.99997141,0.986145,True,False,296,0,51329,76788,128131
1024,Descending,1274,1,1,1,0.00022934,0.00001397,0.00004007,0.06943009,0.99997221,0.985748,True,False,296,0,49417,75444,124875
1024,Descending,1275,1,0,N/A,0.00005714,0.00001367,0.00003503,0.06856698,0.99997332,0.986023,True,False,296,0,49496,76099,125609
1024,Descending,1276,1,1,1,0.00014450,0.00001399,0.00003216,0.06610384,0.99997205,0.985718,True,False,296,0,61357,77911,139282
1024,Descending,1277,1,1,1,0.00010298,0.00001359,0.00003401,0.06528424,0.99997263,0.986145,True,False,296,0,52565,76200,128779
1024,Descending,1278,1,1,1,0.00006464,0.00001383,0.00003520,0.06984908,0.99997426,0.985870,True,False,296,0,49639,76505,126158
1024,Descending,1279,1,0,N/A,0.00001599,0.00001354,0.00003658,0.06505754,0.99997268,0.986176,True,False,296,0,52974,77225,130213
1024,Descending,1280,1,1,1,0.00012949,0.00001378,0.00003630,0.07365070,0.99997197,0.985931,True,False,296,0,54399,76750,131163
1024,Descending,1281,1,0,N/A,0.00003929,0.00001357,0.00003461,0.07195217,0.99997420,0.986145,True,False,296,0,49551,76305,125870
1024,Descending,1282,1,0,N/A,0.00000110,0.00001407,0.00003726,0.07100049,0.99997365,0.985626,True,False,296,0,51563,76500,128077
1024,Descending,1283,1,1,1,0.00009958,0.00001393,0.00003626,0.06879208,0.99997235,0.985779,True,False,296,0,63725,78735,142474
1024,Descending,1284,1,0,N/A,0.00002924,0.00001388,0.00003702,0.07066425,0.99997296,0.985840,True,False,296,0,68299,78954,147267
1024,Descending,1285,1,1,1,0.00015318,0.00001350,0.00003463,0.06479550,0.99997056,0.986237,True,False,296,0,52918,76323,129255
1024,Descending,1286,1,1,1,0.00013108,0.00001352,0.00003650,0.06544363,0.99997236,0.986206,True,False,296,0,52418,77149,129581
1024,Descending,1287,1,0,N/A,0.00000365,0.00001357,0.00003390,0.06801781,0.99997304,0.986145,True,False,296,0,51898,76895,128807
1024,Descending,1288,1,0,N/A,0.00002193,0.00001344,0.00003652,0.07470596,0.99997438,0.986298,True,False,296,0,50363,76127,126504
1024,Descending,1289,1,0,N/A,0.00002919,0.00001366,0.00003691,0.06693902,0.99997451,0.986053,True,False,296,0,67393,77806,145213
1024,Descending,1290,1,0,N/A,0.00002388,0.00001411,0.00003492,0.07589680,0.99997099,0.985565,True,False,296,0,64544,78244,142802
1024,Descending,1291,1,0,N/A,0.00000906,0.00001381,0.00003433,0.06887704,0.99997230,0.985901,True,False,296,0,51082,76831,127927
1024,Descending,1292,1,0,N/A,0.00004351,0.00001368,0.00003651,0.06615515,0.99997163,0.986053,True,False,296,0,52003,76367,128384
1024,Descending,1293,1,0,N/A,0.00002806,0.00001335,0.00003655,0.06697331,0.99997224,0.986359,True,False,296,0,60054,78407,138475
1024,Descending,1294,1,0,N/A,0.00001571,0.00001341,0.00004000,0.06567971,0.99997274,0.986328,True,False,296,0,50422,76445,126881
1024,Descending,1295,1,0,N/A,0.00002825,0.00001331,0.00003760,0.06464757,0.99997298,0.986420,True,False,296,0,53455,81610,135079
1024,Descending,1296,1,0,N/A,0.00003323,0.00001365,0.00003375,0.07808436,0.99997361,0.986084,True,False,296,0,52309,77379,129702
1024,Descending,1297,1,0,N/A,0.00002249,0.00001388,0.00003623,0.06863902,0.99997293,0.985809,True,False,296,0,53071,76479,129564
1024,Descending,1298,1,0,N/A,0.00002964,0.00001403,0.00003565,0.07394556,0.99997297,0.985657,True,False,296,0,51743,82060,133817
1024,Descending,1299,1,0,N/A,0.00003559,0.00001336,0.00003504,0.07169812,0.99997538,0.986359,True,False,296,0,51936,76446,128396
1024,Descending,1300,1,1,1,0.00008128,0.00001385,0.00003491,0.06521054,0.99997152,0.985870,True,False,296,0,52919,76983,129916
1024,Descending,1301,1,0,N/A,0.00004169,0.00001430,0.00003495,0.06316936,0.99997074,0.985413,True,False,296,0,63429,79671,143114
1024,Descending,1302,1,0,N/A,0.00003320,0.00001371,0.00003580,0.07303080,0.99997505,0.986053,True,False,296,0,50958,76192,127164
1024,Descending,1303,1,1,1,0.00014097,0.00001360,0.00003360,0.06755559,0.99997378,0.986115,True,False,296,0,48967,76698,125679
1024,Descending,1304,1,1,1,0.00008482,0.00001363,0.00003516,0.06732863,0.99997295,0.986115,True,False,296,0,56324,76817,133155
1024,Descending,1305,1,1,1,0.00007138,0.00001358,0.00003494,0.06390019,0.99997244,0.986115,True,False,296,0,51063,76385,127462
1024,Descending,1306,1,1,1,0.00009405,0.00001359,0.00004109,0.07250064,0.99997404,0.986145,True,False,296,0,56526,77768,134308
1024,Descending,1307,1,0,N/A,0.00003181,0.00001380,0.00003882,0.07292009,0.99997205,0.985901,True,False,296,0,60798,77938,138750
1024,Descending,1308,1,0,N/A,0.00002268,0.00001394,0.00003376,0.07183370,0.99997233,0.985748,True,False,296,0,52935,77216,130165
1024,Descending,1309,1,1,1,0.00007543,0.00001386,0.00003408,0.07889495,0.99997326,0.985870,True,False,296,0,50808,76740,127562
1024,Descending,1310,1,0,N/A,0.00000833,0.00001375,0.00003401,0.07027376,0.99997302,0.985962,True,False,296,0,59735,77927,137676
1024,Descending,1311,1,1,1,0.00013175,0.00001345,0.00003797,0.07209559,0.99997473,0.986267,True,False,296,0,52842,76359,129215
1024,Descending,1312,1,1,1,0.00019250,0.00001346,0.00003720,0.06982181,0.99997194,0.986267,True,False,296,0,50982,77442,128438
1024,Descending,1313,1,0,N/A,0.00005862,0.00001350,0.00003789,0.07015463,0.99997336,0.986237,True,False,296,0,52571,76756,129341
1024,Descending,1314,1,1,1,0.00009165,0.00001388,0.00003488,0.06818590,0.99997493,0.985840,True,False,296,0,52192,76237,128443
1024,Descending,1315,1,0,N/A,0.00004210,0.00001325,0.00003416,0.06304314,0.99997294,0.986450,True,False,296,0,50561,76445,127020
1024,Descending,1316,1,0,N/A,0.00006024,0.00001353,0.00003367,0.06872544,0.99997189,0.986206,True,False,296,0,61620,78300,139934
1024,Descending,1317,1,0,N/A,0.00004948,0.00001375,0.00003468,0.06812158,0.99997187,0.985962,True,False,296,0,51554,76970,128538
1024,Descending,1318,1,0,N/A,0.00001260,0.00001345,0.00003730,0.06676771,0.99997300,0.986267,True,False,296,0,61298,77768,139080
1024,Descending,1319,1,0,N/A,0.00003337,0.00001404,0.00003428,0.07356336,0.99997170,0.985657,True,False,296,0,56265,77183,133462
1024,Descending,1320,1,0,N/A,0.00001210,0.00001355,0.00003499,0.07152764,0.99997283,0.986145,True,False,296,0,50198,76384,126596
1024,Descending,1321,1,0,N/A,0.00000210,0.00001374,0.00003403,0.07550692,0.99997264,0.985992,True,False,296,0,50323,76159,126496
1024,Descending,1322,1,0,N/A,0.00000179,0.00001314,0.00003401,0.06652440,0.99997438,0.986603,True,False,296,0,54128,76082,130224
1024,Descending,1323,1,1,1,0.00007844,0.00001348,0.00003381,0.06915681,0.99997315,0.986267,True,False,296,0,52117,76488,128619
1024,Descending,1324,1,0,N/A,0.00004147,0.00001345,0.00003606,0.06840345,0.99997105,0.986298,True,False,296,0,54653,76332,130999
1024,Descending,1325,1,0,N/A,0.00001176,0.00001385,0.00003690,0.06660008,0.99997254,0.985901,True,False,296,0,51957,76740,128711
1024,Descending,1326,1,0,N/A,0.00005848,0.00001327,0.00003511,0.06911904,0.99997341,0.986450,True,False,296,0,52490,77497,130001
1024,Descending,1327,1,0,N/A,0.00002256,0.00001331,0.00003729,0.06327466,0.99997441,0.986450,True,False,296,0,64433,78145,142592
1024,Descending,1328,1,0,N/A,0.00001695,0.00001344,0.00003660,0.07139823,0.99997415,0.986298,True,False,296,0,49905,76565,126484
1024,Descending,1329,1,1,1,0.00013405,0.00001320,0.00003543,0.06497008,0.99997504,0.986542,True,False,296,0,52570,76455,129039
1024,Descending,1330,1,0,N/A,0.00000085,0.00001344,0.00003731,0.06033804,0.99997384,0.986267,True,False,296,0,51908,76675,128597
1024,Descending,1331,1,0,N/A,0.00004008,0.00001363,0.00003389,0.07065434,0.99997409,0.986053,True,False,296,0,50935,76202,127151
1024,Descending,1332,1,0,N/A,0.00000481,0.00001328,0.00003623,0.06950443,0.99997415,0.986450,True,False,296,0,52198,76557,128769
1024,Descending,1333,1,0,N/A,0.00001778,0.00001402,0.00003846,0.07150812,0.99997103,0.985718,True,False,296,0,54654,77309,131977
1024,Descending,1334,1,0,N/A,0.00000918,0.00001401,0.00003899,0.07127997,0.99997349,0.985687,True,False,296,0,51609,76865,128488
1024,Descending,1335,1,0,N/A,0.00005322,0.00001371,0.00003344,0.07486838,0.99997246,0.986023,True,False,296,0,59944,77857,137815
1024,Descending,1336,1,1,1,0.00014413,0.00001375,0.00003589,0.07139319,0.99997162,0.986023,True,False,296,0,52061,76140,128215
1024,Descending,1337,1,1,1,0.00010207,0.00001344,0.00003237,0.06677694,0.99997433,0.986328,True,False,296,0,49003,76014,125031
1024,Descending,1338,1,0,N/A,0.00001963,0.00001387,0.00003519,0.07339019,0.99997235,0.985840,True,False,296,0,66652,85257,151923
1024,Descending,1339,1,0,N/A,0.00000959,0.00001391,0.00003533,0.06977346,0.99997028,0.985809,True,False,296,0,54791,77342,132147
1024,Descending,1340,1,0,N/A,0.00003005,0.00001413,0.00003831,0.07284445,0.99997246,0.985596,True,False,296,0,55710,77255,132979
1024,Descending,1341,1,0,N/A,0.00000912,0.00001350,0.00003423,0.06860004,0.99997302,0.986206,True,False,296,0,52686,76764,129464
1024,Descending,1342,1,0,N/A,0.00000111,0.00001387,0.00003802,0.07125449,0.99997200,0.985840,True,False,296,0,57495,77744,135253
1024,Descending,1343,1,0,N/A,0.00000010,0.00001390,0.00003622,0.07088721,0.99997178,0.985809,True,False,296,0,52955,76477,129446
1024,Descending,1344,1,0,N/A,0.00002297,0.00001404,0.00003643,0.07100067,0.99997189,0.985657,True,False,296,0,59821,78475,138310
1024,Descending,1345,1,1,1,0.00007964,0.00001416,0.00003966,0.07446028,0.99997138,0.985535,True,False,296,0,54951,76437,131402
1024,Descending,1346,1,0,N/A,0.00001424,0.00001339,0.00003460,0.06424755,0.99997406,0.986359,True,False,296,0,53271,76645,129930
1024,Descending,1347,1,1,1,0.00019062,0.00001391,0.00003495,0.07304870,0.99997352,0.985809,True,False,296,0,53102,76400,129516
1024,Descending,1348,1,1,1,0.00006310,0.00001339,0.00003492,0.06543728,0.99997442,0.986359,True,False,296,0,49868,76090,125972
1024,Descending,1349,1,1,1,0.00014537,0.00001379,0.00003707,0.07058398,0.99997159,0.985931,True,False,296,0,48991,76603,125608
1024,Descending,1350,1,0,N/A,0.00005983,0.00001374,0.00003762,0.06715726,0.99997536,0.985962,True,False,296,0,52695,76415,129124
1024,Descending,1351,1,1,1,0.00033256,0.00001416,0.00003922,0.07108673,0.99997372,0.985565,True,False,296,0,53771,76564,130349
1024,Descending,1352,1,0,N/A,0.00000744,0.00001319,0.00003638,0.06474111,0.99997304,0.986572,True,False,296,0,58853,77559,136426
1024,Descending,1353,1,0,N/A,0.00005532,0.00001362,0.00003631,0.07052393,0.99997344,0.986084,True,False,296,0,53538,76647,130199
1024,Descending,1354,1,0,N/A,0.00000076,0.00001312,0.00003589,0.07025392,0.99997348,0.986603,True,False,296,0,53063,76667,129744
1024,Descending,1355,1,0,N/A,0.00005881,0.00001390,0.00003515,0.07028602,0.99997250,0.985840,True,False,296,0,63508,78950,142472
1024,Descending,1356,1,0,N/A,0.00005059,0.00001349,0.00003317,0.06822802,0.99997438,0.986206,True,False,296,0,51912,76486,128412
1024,Descending,1357,1,1,1,0.00007066,0.00001375,0.00003689,0.06618554,0.99997387,0.985992,True,False,296,0,54398,77030,131442
1024,Descending,1358,1,1,1,0.00008648,0.00001344,0.00003604,0.07063920,0.99997400,0.986267,True,False,296,0,52329,80826,133169
1024,Descending,1359,1,0,N/A,0.00004074,0.00001368,0.00003861,0.07228838,0.99997231,0.986023,True,False,296,0,52463,76640,129117
1024,Descending,1360,1,0,N/A,0.00004097,0.00001394,0.00003417,0.06762109,0.99997182,0.985779,True,False,296,0,52291,76310,128615
1024,Descending,1361,1,0,N/A,0.00000551,0.00001353,0.00003250,0.07179013,0.99997329,0.986206,True,False,296,0,64621,78759,143394
1024,Descending,1362,1,0,N/A,0.00000913,0.00001377,0.00004059,0.06836755,0.99997184,0.985962,True,False,296,0,49303,76704,126021
1024,Descending,1363,1,1,1,0.00006639,0.00001388,0.00003620,0.07167095,0.99997083,0.985840,True,False,296,0,51829,76346,128189
1024,Descending,1364,1,0,N/A,0.00003440,0.00001383,0.00003963,0.07128305,0.99997319,0.985870,True,False,296,0,54767,76857,131638
1024,Descending,1365,1,0,N/A,0.00001731,0.00001325,0.00003377,0.07018750,0.99997358,0.986481,True,False,296,0,51985,76713,128712
1024,Descending,1366,1,0,N/A,0.00002733,0.00001360,0.00003526,0.07124276,0.99997361,0.986115,True,False,296,0,48133,76282,124429
1024,Descending,1367,1,0,N/A,0.00001679,0.00001370,0.00003363,0.07359364,0.99997263,0.986023,True,False,296,0,52369,77215,129598
1024,Descending,1368,1,0,N/A,0.00005531,0.00001403,0.00003462,0.06770361,0.99997193,0.985657,True,False,296,0,50556,76504,127074
1024,Descending,1369,1,0,N/A,0.00002377,0.00001372,0.00003506,0.06288711,0.99997166,0.986023,True,False,296,0,60062,77904,137980
1024,Descending,1370,1,0,N/A,0.00000307,0.00001361,0.00003332,0.06976993,0.99997257,0.986115,True,False,296,0,52857,76331,129202
1024,Descending,1371,1,1,1,0.00009913,0.00001391,0.00003301,0.07692906,0.99997348,0.985809,True,False,313,0,52818,76254,129086
1024,Descending,1372,1,1,1,0.00016142,0.00001337,0.00003392,0.06602399,0.99997302,0.986389,True,False,296,0,50194,76006,126214
1024,Descending,1373,1,0,N/A,0.00003281,0.00001386,0.00003795,0.07297972,0.99997294,0.985870,True,False,296,0,50396,76742,127152
1024,Descending,1374,1,0,N/A,0.00000036,0.00001355,0.00003828,0.07332324,0.99997486,0.986176,True,False,296,0,53522,77466,131002
1024,Descending,1375,1,0,N/A,0.00005097,0.00001341,0.00003639,0.07274173,0.99997298,0.986298,True,False,296,0,52118,76764,128896
1024,Descending,1376,1,1,1,0.00019114,0.00001379,0.00003447,0.06978842,0.99997099,0.985962,True,False,296,0,50446,76302,126762
1024,Descending,1377,1,1,1,0.00045314,0.00001367,0.00003627,0.06754200,0.99997280,0.986053,True,False,296,0,50645,75673,126332
1024,Descending,1378,1,1,1,0.00008525,0.00001377,0.00003413,0.06916596,0.99997236,0.985931,True,False,296,0,60644,77586,138244
1024,Descending,1379,1,1,1,0.00014083,0.00001398,0.00003406,0.07679761,0.99997233,0.985748,True,False,313,0,53029,78466,131509
1024,Descending,1380,1,0,N/A,0.00005773,0.00001396,0.00003836,0.07020536,0.99997010,0.985748,True,False,296,0,49856,76776,126646
1024,Descending,1381,1,0,N/A,0.00005523,0.00001316,0.00003758,0.06832638,0.99997432,0.986572,True,False,296,0,53217,77330,130561
1024,Descending,1382,1,1,1,0.00008890,0.00001327,0.00003516,0.07270794,0.99997303,0.986450,True,False,296,0,54985,77614,132613
1024,Descending,1383,1,0,N/A,0.00004141,0.00001378,0.00003617,0.06773650,0.99997368,0.985931,True,False,296,0,51510,77152,128676
1024,Descending,1384,1,1,1,0.00007274,0.00001392,0.00003277,0.06502602,0.99997175,0.985809,True,False,296,0,50916,77483,128413
1024,Descending,1385,1,0,N/A,0.00005236,0.00001427,0.00003537,0.06842987,0.99996895,0.985443,True,False,296,0,58507,78646,137167
1024,Descending,1386,1,0,N/A,0.00003070,0.00001359,0.00003617,0.06963196,0.99997450,0.986115,True,False,296,0,58397,86347,144758
1024,Descending,1387,1,1,1,0.00006111,0.00001332,0.00003517,0.07083154,0.99997442,0.986389,True,False,296,0,56429,78647,135090
1024,Descending,1388,1,0,N/A,0.00005438,0.00001414,0.00003573,0.06934670,0.99997041,0.985565,True,False,296,0,50156,77599,127769
1024,Descending,1389,1,1,1,0.00007149,0.00001387,0.00003484,0.07128539,0.99997115,0.985901,True,False,296,0,52170,76622,128806
1024,Descending,1390,1,0,N/A,0.00001003,0.00001370,0.00003729,0.06596122,0.99997279,0.986053,True,False,296,0,51053,76533,127600
1024,Descending,1391,1,0,N/A,0.00002170,0.00001374,0.00003530,0.06818136,0.99997151,0.985962,True,False,296,0,51212,76271,127497
1024,Descending,1392,1,0,N/A,0.00004585,0.00001389,0.00003436,0.07549886,0.99997147,0.985840,True,False,296,0,56095,77128,133237
1024,Descending,1393,1,0,N/A,0.00004249,0.00001334,0.00003304,0.06174022,0.99997363,0.986389,True,False,296,0,53134,78315,131463
1024,Descending,1394,1,1,1,0.00006605,0.00001370,0.00003286,0.07437835,0.99997288,0.986053,True,False,296,0,51870,76082,127966
1024,Descending,1395,1,1,1,0.00006581,0.00001374,0.00003758,0.07056389,0.99997277,0.985962,True,False,313,0,60114,77540,137668
1024,Descending,1396,1,1,1,0.00014577,0.00001298,0.00003426,0.06792511,0.99997575,0.986755,True,False,296,0,50412,76088,126514
1024,Descending,1397,1,0,N/A,0.00004436,0.00001406,0.00003649,0.07288605,0.99997256,0.985626,True,False,296,0,52467,76247,128728
1024,Descending,1398,1,0,N/A,0.00005374,0.00001357,0.00003653,0.06023259,0.99997338,0.986145,True,False,296,0,51547,76240,127801
1024,Descending,1399,1,0,N/A,0.00001610,0.00001340,0.00003733,0.06227652,0.99997191,0.986359,True,False,296,0,47794,75809,123617
2048,Uniform_Small,0,1,0,N/A,0.00000950,0.00001504,0.00003178,0.03320896,0.99980283,0.969208,True,False,568,16,69876,92200,162090
2048,Uniform_Small,1,1,0,N/A,0.00000450,0.00001560,0.00003342,0.03441038,0.99979865,0.968048,True,False,584,32,55482,77815,133311
2048,Uniform_Small,2,1,0,N/A,0.00000303,0.00001596,0.00003428,0.03521492,0.99979450,0.967316,True,False,600,48,59229,78386,137629
2048,Uniform_Small,3,1,0,N/A,0.00000042,0.00001529,0.00003285,0.03385890,0.99980172,0.968689,True,False,568,16,62230,78606,140850
2048,Uniform_Small,4,1,0,N/A,0.00000556,0.00001523,0.00003266,0.03363739,0.99980231,0.968811,True,False,584,32,57676,78032,135722
2048,Uniform_Small,5,1,0,N/A,0.00000950,0.00001584,0.00003393,0.03499378,0.99979881,0.967560,True,False,600,48,57766,78066,135846
2048,Uniform_Small,6,1,0,N/A,0.00000354,0.00001566,0.00003461,0.03462206,0.99980230,0.967926,True,False,584,32,72799,78868,151681
2048,Uniform_Small,7,1,0,N/A,0.00000442,0.00001620,0.00003499,0.03576493,0.99979435,0.966827,True,False,600,48,59896,77822,137732
2048,Uniform_Small,8,1,0,N/A,0.00000557,0.00001494,0.00003332,0.03294222,0.99980047,0.969421,True,False,601,32,60872,79609,140495
2048,Uniform_Small,9,1,0,N/A,0.00000093,0.00001584,0.00003317,0.03499039,0.99978856,0.967560,True,False,600,48,59325,78480,137819
2048,Uniform_Small,10,1,0,N/A,0.00001722,0.00001538,0.00003336,0.03391958,0.99980348,0.968506,True,False,600,48,55862,77125,133001
2048,Uniform_Small,11,1,0,N/A,0.00000021,0.00001523,0.00003173,0.03355001,0.99979654,0.968811,True,False,616,64,58527,77571,136112
2048,Uniform_Small,12,1,0,N/A,0.00000216,0.00001520,0.00003236,0.03369891,0.99979892,0.968872,True,False,600,48,65015,79841,144870
2048,Uniform_Small,13,1,0,N/A,0.00000623,0.00001559,0.00003243,0.03449147,0.99978875,0.968079,True,False,568,16,57783,78237,136034
2048,Uniform_Small,14,1,0,N/A,0.00000057,0.00001508,0.00003146,0.03342956,0.99980179,0.969116,True,False,552,0,55189,77811,133014
2048,Uniform_Small,15,1,0,N/A,0.00000888,0.00001612,0.00003402,0.03553170,0.99979677,0.966980,True,False,600,48,57418,78195,135627
2048,Uniform_Small,16,1,0,N/A,0.00000107,0.00001632,0.00003604,0.03599336,0.99979569,0.966583,True,False,617,48,62406,78973,141393
2048,Uniform_Small,17,1,0,N/A,0.00000374,0.00001580,0.00003435,0.03482920,0.99980319,0.967651,True,False,584,32,55456,77566,133036
2048,Uniform_Small,18,1,0,N/A,0.00000265,0.00001520,0.00003239,0.03358839,0.99979708,0.968872,True,False,568,16,57953,79035,137002
2048,Uniform_Small,19,1,0,N/A,0.00000553,0.00001563,0.00003406,0.03443339,0.99980179,0.967987,True,False,584,32,54763,77392,132169
2048,Uniform_Small,20,1,0,N/A,0.00000069,0.00001503,0.00003211,0.03307450,0.99980767,0.969238,True,False,584,32,55874,77637,133525
2048,Uniform_Small,21,1,0,N/A,0.00000146,0.00001548,0.00003192,0.03428006,0.99979295,0.968292,True,False,568,16,64381,78821,143216
2048,Uniform_Small,22,1,0,N/A,0.00000186,0.00001696,0.00003977,0.03735622,0.99980064,0.965271,True,False,633,64,64731,79850,144595
2048,Uniform_Small,23,1,0,N/A,0.00000508,0.00001590,0.00003429,0.03501407,0.99980021,0.967438,True,False,600,48,58055,77721,135790
2048,Uniform_Small,24,1,0,N/A,0.00001220,0.00001572,0.00003477,0.03452590,0.99979844,0.967804,True,False,616,64,59488,78618,138120
2048,Uniform_Small,25,1,0,N/A,0.00000256,0.00001608,0.00003612,0.03530989,0.99980923,0.967072,True,False,616,64,61966,79720,141700
2048,Uniform_Small,26,1,0,N/A,0.00000349,0.00001547,0.00003163,0.03419913,0.99979140,0.968323,True,False,584,32,65391,79751,145156
2048,Uniform_Small,27,1,0,N/A,0.00001427,0.00001633,0.00003520,0.03601294,0.99979457,0.966553,True,False,600,48,57352,77961,135327
2048,Uniform_Small,28,1,0,N/A,0.00002332,0.00001559,0.00003264,0.03448081,0.99979232,0.968079,True,False,568,16,56588,79571,136173
2048,Uniform_Small,29,1,0,N/A,0.00000338,0.00001541,0.00003140,0.03402994,0.99979750,0.968445,True,False,584,32,59594,77969,137577
2048,Uniform_Small,30,1,0,N/A,0.00000481,0.00001542,0.00003279,0.03412501,0.99980163,0.968414,True,False,568,16,60227,78923,139164
2048,Uniform_Small,31,1,0,N/A,0.00000852,0.00001688,0.00003710,0.03713007,0.99980340,0.965424,True,False,665,96,54867,77675,132556
2048,Uniform_Small,32,1,0,N/A,0.00000260,0.00001603,0.00003525,0.03544773,0.99979877,0.967163,True,False,616,64,58563,78492,137069
2048,Uniform_Small,33,1,0,N/A,0.00000460,0.00001585,0.00003504,0.03490587,0.99980250,0.967529,True,False,584,32,55934,77889,133837
2048,Uniform_Small,34,1,0,N/A,0.00000400,0.00001548,0.00003171,0.03422698,0.99979202,0.968292,True,False,600,48,64795,79247,144056
2048,Uniform_Small,35,1,0,N/A,0.00000348,0.00001498,0.00003135,0.03310436,0.99980582,0.969330,True,False,584,32,57800,78094,135908
2048,Uniform_Small,36,1,0,N/A,0.00000224,0.00001507,0.00003135,0.03331026,0.99979993,0.969147,True,False,552,0,55969,78278,134261
2048,Uniform_Small,37,1,0,N/A,0.00000222,0.00001597,0.00003403,0.03541140,0.99978872,0.967285,True,False,616,64,57371,77550,134935
2048,Uniform_Small,38,1,0,N/A,0.00000030,0.00001527,0.00003219,0.03375808,0.99980208,0.968719,True,False,600,48,71775,83292,155081
2048,Uniform_Small,39,0,0,N/A,0.00000012,0.00001568,0.00003312,0.03467014,0.99979920,0.967896,True,False,568,16,65168,80053,145235
2048,Uniform_Small,40,1,0,N/A,0.00000146,0.00001569,0.00003380,0.03464248,0.99979807,0.967865,True,False,584,32,67346,78722,146082
2048,Uniform_Small,41,1,0,N/A,0.00001290,0.00001514,0.00003230,0.03346057,0.99979649,0.968994,True,False,552,0,55549,77527,133090
2048,Uniform_Small,42,1,0,N/A,0.00000113,0.00001621,0.00003552,0.03582148,0.99979594,0.966797,True,False,616,64,59718,78424,138156
2048,Uniform_Small,43,1,0,N/A,0.00000030,0.00001538,0.00003259,0.03389411,0.99980127,0.968506,True,False,584,32,62116,79411,141541
2048,Uniform_Small,44,1,0,N/A,0.00000542,0.00001559,0.00003186,0.03448900,0.99979763,0.968079,True,False,568,16,63402,79235,142651
2048,Uniform_Small,45,1,0,N/A,0.00000519,0.00001535,0.00003306,0.03390473,0.99980786,0.968567,True,False,584,32,56225,77886,134125
2048,Uniform_Small,46,1,0,N/A,0.00000590,0.00001529,0.00003266,0.03375328,0.99979688,0.968689,True,False,584,32,57665,77797,135476
2048,Uniform_Small,47,1,0,N/A,0.00000240,0.00001510,0.00003169,0.03331640,0.99980288,0.969086,True,False,568,16,62987,80284,143285
2048,Uniform_Small,48,1,0,N/A,0.00000136,0.00291470,0.00380918,-1.27980744,0.58503055,6.969299,False,False,584,32,57737,77567,135318
2048,Uniform_Small,49,1,0,N/A,0.00000747,0.00001536,0.00003455,0.03393238,0.99980035,0.968536,True,False,584,32,67326,80778,148118
2048,Uniform_Small,50,1,0,N/A,0.00000611,0.00001617,0.00003431,0.03570356,0.99979658,0.966888,True,False,616,64,60355,79232,139601
2048,Uniform_Small,51,1,0,N/A,0.00000596,0.00001568,0.00003309,0.03463584,0.99979315,0.967896,True,False,584,32,56471,77698,134183
2048,Uniform_Small,52,0,0,N/A,0.00000004,0.00001574,0.00003476,0.03477257,0.99980287,0.967773,True,False,584,32,63972,79801,143787
2048,Uniform_Small,53,1,0,N/A,0.00000063,0.00001545,0.00003336,0.03410598,0.99980250,0.968353,True,False,600,48,57274,87276,144564
2048,Uniform_Small,54,1,0,N/A,0.00000020,0.00001516,0.00003144,0.03352556,0.99980194,0.968964,True,False,568,16,55839,77634,133487
2048,Uniform_Small,55,1,0,N/A,0.00000471,0.00001537,0.00003252,0.03407226,0.99979466,0.968536,True,False,568,16,56902,77920,134836
2048,Uniform_Small,56,1,0,N/A,0.00000680,0.00001468,0.00003091,0.03252347,0.99980533,0.969940,True,False,552,0,63712,81360,145086
2048,Uniform_Small,57,1,0,N/A,0.00000280,0.00001501,0.00003275,0.03310365,0.99980590,0.969269,True,False,600,48,60282,78775,139071
2048,Uniform_Small,58,1,0,N/A,0.00000676,0.00001612,0.00003710,0.03551869,0.99979965,0.966980,True,False,616,64,54188,77215,131417
2048,Uniform_Small,59,1,0,N/A,0.00000748,0.00001569,0.00003355,0.03463441,0.99979701,0.967865,True,False,600,48,57045,77589,134648
2048,Uniform_Small,60,1,0,N/A,0.00000612,0.00001543,0.00003211,0.03411716,0.99979563,0.968414,True,False,584,32,63616,79197,142827
2048,Uniform_Small,61,0,0,N/A,0.00000018,0.00001517,0.00003212,0.03350798,0.99979639,0.968933,True,False,568,16,59608,77811,137433
2048,Uniform_Small,62,1,0,N/A,0.00000200,0.00001489,0.00003275,0.03282374,0.99980638,0.969513,True,False,568,16,73893,87987,161894
2048,Uniform_Small,63,1,0,N/A,0.00000166,0.00001520,0.00003307,0.03358359,0.99980337,0.968872,True,False,568,16,67190,79402,146606
2048,Uniform_Small,64,1,0,N/A,0.00000344,0.00001609,0.00003545,0.03558002,0.99979759,0.967041,True,False,584,32,59289,78788,138091
2048,Uniform_Small,65,1,0,N/A,0.00000312,0.00001617,0.00003409,0.03556343,0.99979475,0.966888,True,False,584,32,60391,78926,139331
2048,Uniform_Small,66,1,0,N/A,0.00000047,0.00001510,0.00003157,0.03335553,0.99980356,0.969086,True,False,568,16,59862,79669,139545
2048,Uniform_Small,67,1,0,N/A,0.00000270,0.00001507,0.00003305,0.03325053,0.99980465,0.969147,True,False,584,32,60037,83858,143909
2048,Uniform_Small,68,1,0,N/A,0.00000287,0.00001501,0.00003329,0.03306945,0.99980887,0.969269,True,False,584,32,57173,78133,135320
2048,Uniform_Small,69,1,0,N/A,0.00000515,0.00001580,0.00003258,0.03484492,0.99980130,0.967651,True,False,568,16,64445,79323,143782
2048,Uniform_Small,70,1,0,N/A,0.00001009,0.00001678,0.00003839,0.03701707,0.99979902,0.965637,True,False,632,80,59591,78335,137940
2048,Uniform_Small,71,1,0,N/A,0.00000012,0.00001593,0.00003340,0.03509130,0.99979301,0.967377,True,False,632,80,57569,77912,135495
2048,Uniform_Small,72,1,0,N/A,0.00000576,0.00001520,0.00003237,0.03366511,0.99979920,0.968872,True,False,585,16,55787,77526,133327
2048,Uniform_Small,73,1,0,N/A,0.00000806,0.00001618,0.00003387,0.03558583,0.99979180,0.966858,True,False,600,48,58334,77751,136099
2048,Uniform_Small,74,1,0,N/A,0.00000265,0.00001577,0.00003481,0.03486341,0.99980428,0.967712,True,False,584,32,64543,79093,143650
2048,Uniform_Small,75,1,0,N/A,0.00000110,0.00001539,0.00003236,0.03402171,0.99980831,0.968475,True,False,584,32,64502,79513,144029
2048,Uniform_Small,76,1,0,N/A,0.00000099,0.00001498,0.00003184,0.03313223,0.99979597,0.969330,True,False,568,16,55559,78473,134046
2048,Uniform_Small,77,1,0,N/A,0.00000101,0.00001496,0.00003139,0.03303930,0.99980422,0.969360,True,False,584,32,67192,79944,147150
2048,Uniform_Small,78,1,0,N/A,0.00000535,0.00001588,0.00003360,0.03505067,0.99979086,0.967468,True,False,568,16,62165,78652,140831
2048,Uniform_Small,79,1,0,N/A,0.00000369,0.00001578,0.00003270,0.03478794,0.99979737,0.967682,True,False,584,32,57574,78400,135988
2048,Uniform_Small,80,1,0,N/A,0.00001074,0.00001742,0.00004042,0.03839834,0.99978845,0.964325,True,False,632,80,57948,77908,135870
2048,Uniform_Small,81,1,0,N/A,0.00000387,0.00001516,0.00003134,0.03358630,0.99979887,0.968964,True,False,568,16,56468,77946,134428
2048,Uniform_Small,82,1,0,N/A,0.00000462,0.00001666,0.00003603,0.03668177,0.99979825,0.965881,True,False,584,32,61572,78825,140411
2048,Uniform_Small,83,1,0,N/A,0.00000258,0.00001523,0.00003259,0.03363147,0.99980400,0.968811,True,False,600,48,56719,77946,134679
2048,Uniform_Small,84,1,0,N/A,0.00000058,0.00001511,0.00003179,0.03332128,0.99980556,0.969055,True,False,584,32,56603,77498,134115
2048,Uniform_Small,85,1,0,N/A,0.00000715,0.00001529,0.00003238,0.03375817,0.99980132,0.968689,True,False,584,32,57531,78267,135812
2048,Uniform_Small,86,1,0,N/A,0.00000201,0.00001587,0.00003206,0.03503358,0.99979126,0.967499,True,False,585,16,57748,84392,142154
2048,Uniform_Small,87,1,0,N/A,0.00000640,0.00001516,0.00003153,0.03350982,0.99979852,0.968964,True,False,552,0,61865,78315,140194
2048,Uniform_Small,88,1,0,N/A,0.00000358,0.00001632,0.00003550,0.03591118,0.99979801,0.966583,True,False,600,48,67339,81181,148534
2048,Uniform_Small,89,1,0,N/A,0.00000228,0.00001591,0.00003426,0.03525870,0.99980318,0.967407,True,False,600,48,59558,77910,137482
2048,Uniform_Small,90,1,0,N/A,0.00000141,0.00001523,0.00003220,0.03358411,0.99980374,0.968811,True,False,584,32,58569,82828,141411
2048,Uniform_Small,91,1,0,N/A,0.00000472,0.00001650,0.00003476,0.03631908,0.99978671,0.966217,True,False,584,32,62321,79707,142042
2048,Uniform_Small,92,1,0,N/A,0.00000602,0.00001549,0.00003357,0.03431166,0.99979680,0.968292,True,False,600,48,58746,78348,137108
2048,Uniform_Small,93,1,0,N/A,0.00000271,0.00001559,0.00003346,0.03444782,0.99980146,0.968079,True,False,568,16,59579,78882,138475
2048,Uniform_Small,94,1,0,N/A,0.00000153,0.00001522,0.00003258,0.03360668,0.99979519,0.968842,True,False,584,32,57163,77967,135144
2048,Uniform_Small,95,1,0,N/A,0.00000379,0.00001498,0.00003135,0.03307863,0.99980265,0.969330,True,False,568,16,54753,77319,132086
2048,Uniform_Small,96,1,0,N/A,0.00000741,0.00001623,0.00003532,0.03576585,0.99979845,0.966766,True,False,600,48,64969,79797,144780
2048,Uniform_Small,97,1,0,N/A,0.00000635,0.00001520,0.00003187,0.03358937,0.99979669,0.968872,True,False,568,16,55605,77947,133566
2048,Uniform_Small,98,1,0,N/A,0.00000159,0.00001513,0.00003289,0.03338921,0.99980388,0.969025,True,False,568,16,57416,77656,135086
2048,Uniform_Small,99,1,0,N/A,0.00000185,0.00001600,0.00003461,0.03532034,0.99979974,0.967224,True,False,600,48,56043,79231,135288
2048,Uniform_Small,100,1,0,N/A,0.00001693,0.00001565,0.00003369,0.03447854,0.99980719,0.967957,True,False,600,48,61994,84271,146279
2048,Uniform_Small,101,1,0,N/A,0.00000075,0.00001632,0.00003483,0.03611547,0.99979402,0.966583,True,False,600,48,57051,77491,134556
2048,Uniform_Small,102,1,0,N/A,0.00000222,0.00001578,0.00003524,0.03475063,0.99979420,0.967682,True,False,616,64,56175,77808,133997
2048,Uniform_Small,103,1,0,N/A,0.00000674,0.00001618,0.00003497,0.03574931,0.99979674,0.966858,True,False,600,48,60655,79184,139853
2048,Uniform_Small,104,1,0,N/A,0.00000018,0.00001566,0.00003201,0.03459421,0.99979681,0.967926,True,False,584,32,61758,79102,140874
2048,Uniform_Small,105,1,0,N/A,0.00000146,0.00001614,0.00003468,0.03563056,0.99979479,0.966949,True,False,616,64,58791,78631,137436
2048,Uniform_Small,106,1,0,N/A,0.00000067,0.00001602,0.00003482,0.03519913,0.99980174,0.967194,True,False,616,64,58129,83709,141852
2048,Uniform_Small,107,1,0,N/A,0.00000202,0.00001563,0.00003381,0.03452928,0.99979997,0.967987,True,False,600,48,57866,77994,135874
2048,Uniform_Small,108,1,0,N/A,0.00001177,0.00001546,0.00003257,0.03422009,0.99979637,0.968353,True,False,568,16,66208,79499,145721
2048,Uniform_Small,109,1,0,N/A,0.00000015,0.00001533,0.00003217,0.03395510,0.99979398,0.968628,True,False,585,16,61190,79026,140230
2048,Uniform_Small,110,1,0,N/A,0.00000216,0.00001541,0.00003166,0.03406391,0.99979768,0.968445,True,False,584,32,56441,77872,134327
2048,Uniform_Small,111,1,0,N/A,0.00000399,0.00001606,0.00003589,0.03538010,0.99980247,0.967102,True,False,584,32,55906,77138,133058
2048,Uniform_Small,112,1,0,N/A,0.00000277,0.00001569,0.00003221,0.03474845,0.99979087,0.967865,True,False,584,32,56914,77141,134069
2048,Uniform_Small,113,1,0,N/A,0.00000438,0.00001712,0.00003636,0.03781748,0.99978996,0.964935,True,False,600,48,63307,79036,142357
2048,Uniform_Small,114,1,0,N/A,0.00000902,0.00001533,0.00003251,0.03375946,0.99979425,0.968628,True,False,552,0,58852,79136,138002
2048,Uniform_Small,115,1,0,N/A,0.00000730,0.00001588,0.00003392,0.03504031,0.99979570,0.967468,True,False,584,32,56654,77581,134249
2048,Uniform_Small,116,1,0,N/A,0.00000134,0.00001504,0.00003201,0.03320655,0.99980687,0.969208,True,False,568,16,55389,77791,133194
2048,Uniform_Small,117,1,0,N/A,0.00000052,0.00001545,0.00003346,0.03415520,0.99980631,0.968353,True,False,616,64,55272,77137,132423
2048,Uniform_Small,118,1,0,N/A,0.00000270,0.00001492,0.00003240,0.03295203,0.99979916,0.969452,True,False,552,0,64666,84017,148697
2048,Uniform_Small,119,1,0,N/A,0.00000179,0.00001594,0.00003460,0.03520866,0.99980163,0.967346,True,False,616,64,56258,77828,134100
2048,Uniform_Small,120,1,0,N/A,0.00000282,0.00001542,0.00003219,0.03397715,0.99980334,0.968414,True,False,568,16,58434,79229,137677
2048,Uniform_Small,121,1,0,N/A,0.00000206,0.00001614,0.00003462,0.03570402,0.99979755,0.966949,True,False,681,112,56902,78149,135065
2048,Uniform_Small,122,1,0,N/A,0.00000059,0.00001542,0.00003312,0.03403380,0.99979567,0.968414,True,False,584,32,61589,79012,140615
2048,Uniform_Small,123,0,0,N/A,0.00000002,0.00001627,0.00003539,0.03584985,0.99980133,0.966675,True,False,616,64,58573,77708,136295
2048,Uniform_Small,124,1,0,N/A,0.00000261,0.00001611,0.00003568,0.03562670,0.99979516,0.967010,True,False,584,32,57129,77922,135065
2048,Uniform_Small,125,1,0,N/A,0.00000202,0.00001575,0.00003522,0.03483020,0.99980100,0.967743,True,False,616,64,56186,77875,134075
2048,Uniform_Small,126,1,0,N/A,0.00000038,0.00001538,0.00003180,0.03401268,0.99979483,0.968506,True,False,584,32,62678,79289,141981
2048,Uniform_Small,127,1,0,N/A,0.00000978,0.00001550,0.00003309,0.03419266,0.99980123,0.968262,True,False,600,48,56472,77736,134222
2048,Uniform_Small,128,1,0,N/A,0.00001113,0.00001566,0.00003341,0.03461015,0.99978887,0.967926,True,False,584,32,64531,80330,144875
2048,Uniform_Small,129,1,0,N/A,0.00000017,0.00001534,0.00003212,0.03390903,0.99979682,0.968597,True,False,568,16,57002,77810,134826
2048,Uniform_Small,130,1,0,N/A,0.00000110,0.00001519,0.00003188,0.03350743,0.99980122,0.968903,True,False,568,16,58239,78541,136794
2048,Uniform_Small,131,1,0,N/A,0.00000652,0.00001591,0.00003437,0.03513189,0.99979289,0.967407,True,False,600,48,66107,79581,145702
2048,Uniform_Small,132,1,0,N/A,0.00000102,0.00001568,0.00003295,0.03453076,0.99979960,0.967896,True,False,600,48,57560,78309,135883
2048,Uniform_Small,133,1,0,N/A,0.00000396,0.00001550,0.00003369,0.03424779,0.99979862,0.968262,True,False,584,32,57072,77416,134502
2048,Uniform_Small,134,1,0,N/A,0.00000570,0.00001496,0.00003213,0.03305134,0.99980596,0.969360,True,False,584,32,67807,80002,147823
2048,Uniform_Small,135,1,0,N/A,0.00000095,0.00001603,0.00003574,0.03537607,0.99980071,0.967163,True,False,600,48,67610,80160,147784
2048,Uniform_Small,136,1,0,N/A,0.00000061,0.00001544,0.00003291,0.03411047,0.99978898,0.968384,True,False,600,32,58519,78822,137355
2048,Uniform_Small,137,1,0,N/A,0.00000510,0.00001560,0.00003348,0.03437231,0.99980888,0.968048,True,False,584,32,73742,82891,156647
2048,Uniform_Small,138,1,0,N/A,0.00001705,0.00001560,0.00003195,0.03457235,0.99979553,0.968048,True,False,584,32,61478,78856,140348
2048,Uniform_Small,139,1,0,N/A,0.00000161,0.00001531,0.00003205,0.03374683,0.99980237,0.968658,True,False,584,32,55579,77697,133290
2048,Uniform_Small,140,1,0,N/A,0.00000893,0.00001569,0.00003337,0.03470095,0.99980545,0.967865,True,False,584,32,63091,78802,141907
2048,Uniform_Small,141,1,0,N/A,0.00000198,0.00001559,0.00003400,0.03423901,0.99980530,0.968079,True,False,600,48,55771,77713,133498
2048,Uniform_Small,142,1,0,N/A,0.00000840,0.00001629,0.00003591,0.03607473,0.99978729,0.966644,True,False,600,48,56481,77587,134082
2048,Uniform_Small,143,1,0,N/A,0.00000012,0.00001539,0.00003285,0.03406249,0.99979543,0.968475,True,False,568,16,61259,78425,139698
2048,Uniform_Small,144,1,0,N/A,0.00000323,0.00001550,0.00003226,0.03417201,0.99979941,0.968262,True,False,600,48,61496,78691,140201
2048,Uniform_Small,145,1,0,N/A,0.00000203,0.00001522,0.00003178,0.03376497,0.99979630,0.968842,True,False,568,16,55508,79125,134647
2048,Uniform_Small,146,1,0,N/A,0.00000931,0.00001572,0.00003539,0.03473251,0.99980445,0.967804,True,False,600,48,59034,83161,142209
2048,Uniform_Small,147,1,0,N/A,0.00000176,0.00001605,0.00003351,0.03523254,0.99979900,0.967133,True,False,616,64,56359,78192,134565
2048,Uniform_Small,148,1,0,N/A,0.00000061,0.00001498,0.00003089,0.03298136,0.99980484,0.969330,True,False,552,0,55916,77595,133525
2048,Uniform_Small,149,1,0,N/A,0.00000212,0.00001565,0.00003291,0.03454759,0.99980378,0.967957,True,False,572,16,63139,78903,142056
2048,Uniform_Small,150,1,0,N/A,0.00000052,0.00001526,0.00003135,0.03392838,0.99979159,0.968750,True,False,568,16,56454,78383,134851
2048,Uniform_Small,151,1,0,N/A,0.00000142,0.00001639,0.00003531,0.03604455,0.99980639,0.966431,True,False,616,64,55834,79090,134938
2048,Uniform_Small,152,1,0,N/A,0.00000068,0.00001755,0.00004094,0.03853373,0.99980564,0.964050,True,False,712,160,71374,80224,151612
2048,Uniform_Small,153,1,0,N/A,0.00000077,0.00001559,0.00003365,0.03429962,0.99980186,0.968079,True,False,600,48,64635,79691,144340
2048,Uniform_Small,154,1,0,N/A,0.00000101,0.00001653,0.00003742,0.03634630,0.99980199,0.966156,True,False,616,64,57312,78191,135517
2048,Uniform_Small,155,1,0,N/A,0.00000308,0.00001510,0.00003241,0.03329050,0.99981201,0.969086,True,False,568,16,57956,78111,136081
2048,Uniform_Small,156,1,0,N/A,0.00000185,0.00001575,0.00003481,0.03473145,0.99979690,0.967743,True,False,584,32,58310,78481,136805
2048,Uniform_Small,157,1,0,N/A,0.00000147,0.00001519,0.00003220,0.03354986,0.99979408,0.968903,True,False,608,48,66559,80599,147172
2048,Uniform_Small,158,1,0,N/A,0.00000701,0.00001605,0.00003326,0.03546835,0.99979460,0.967133,True,False,584,32,65699,78346,144059
2048,Uniform_Small,159,1,0,N/A,0.00000147,0.00001648,0.00003536,0.03622932,0.99979252,0.966248,True,False,648,96,56700,77591,134305
2048,Uniform_Small,160,1,0,N/A,0.00000627,0.00001588,0.00003412,0.03505608,0.99979515,0.967468,True,False,616,64,56204,77040,133258
2048,Uniform_Small,161,1,0,N/A,0.00000092,0.00001534,0.00003244,0.03391396,0.99979853,0.968597,True,False,568,16,54749,77623,132386
2048,Uniform_Small,162,1,0,N/A,0.00000421,0.00001529,0.00003164,0.03376979,0.99979523,0.968689,True,False,585,16,63059,78939,142012
2048,Uniform_Small,163,0,0,N/A,0.00000025,0.00001615,0.00003504,0.03566790,0.99979910,0.966919,True,False,600,48,55846,77743,133603
2048,Uniform_Small,164,1,0,N/A,0.00000113,0.00001511,0.00003119,0.03345195,0.99979700,0.969055,True,False,568,16,56581,77668,134263
2048,Uniform_Small,165,1,0,N/A,0.00000238,0.00001583,0.00003561,0.03483267,0.99980313,0.967590,True,False,616,64,56039,77035,133088
2048,Uniform_Small,166,1,0,N/A,0.00000368,0.00001522,0.00003183,0.03374420,0.99980161,0.968842,True,False,568,16,63170,78703,141887
2048,Uniform_Small,167,1,0,N/A,0.00000471,0.00001597,0.00003428,0.03538326,0.99979654,0.967285,True,False,600,48,60731,78411,139156
2048,Uniform_Small,168,0,0,N/A,0.00000047,0.00001519,0.00003111,0.03356887,0.99979398,0.968903,True,False,552,0,59261,79924,139199
2048,Uniform_Small,169,1,0,N/A,0.00000155,0.00001501,0.00003160,0.03323955,0.99980416,0.969269,True,False,568,16,56140,77633,133787
2048,Uniform_Small,170,1,0,N/A,0.00000540,0.00001681,0.00003744,0.03706774,0.99979835,0.965576,True,False,616,64,57401,77773,135188
2048,Uniform_Small,171,1,0,N/A,0.00000008,0.00001512,0.00003202,0.03353844,0.99978934,0.969055,True,False,568,16,61898,78795,140707
2048,Uniform_Small,172,1,0,N/A,0.00000452,0.00001611,0.00003410,0.03550233,0.99979262,0.967010,True,False,600,48,56847,77216,134077
2048,Uniform_Small,173,1,0,N/A,0.00000251,0.00001519,0.00003192,0.03357358,0.99979994,0.968903,True,False,584,32,59356,78310,137680
2048,Uniform_Small,174,1,0,N/A,0.00000298,0.00001532,0.00003220,0.03392835,0.99980104,0.968628,True,False,584,32,54500,76991,131505
2048,Uniform_Small,175,1,0,N/A,0.00000598,0.00001492,0.00003195,0.03294942,0.99980940,0.969452,True,False,584,32,63442,78569,142025
2048,Uniform_Small,176,1,0,N/A,0.00000648,0.00001502,0.00003283,0.03321621,0.99980484,0.969238,True,False,584,32,56027,77607,133648
2048,Uniform_Small,177,1,0,N/A,0.00001352,0.00001587,0.00003447,0.03499669,0.99979898,0.967499,True,False,584,32,59277,78770,138061
2048,Uniform_Small,178,0,0,N/A,0.00000025,0.00001587,0.00003508,0.03500713,0.99980115,0.967499,True,False,616,64,56341,77198,133553
2048,Uniform_Small,179,1,0,N/A,0.00000467,0.00001617,0.00003544,0.03561783,0.99979758,0.966888,True,False,600,48,68085,80546,148645
2048,Uniform_Small,180,1,0,N/A,0.00000215,0.00001526,0.00003111,0.03380205,0.99980497,0.968750,True,False,568,16,58158,78924,137096
2048,Uniform_Small,181,1,0,N/A,0.00001379,0.00001581,0.00003312,0.03491127,0.99979327,0.967621,True,False,584,32,66402,79807,146223
2048,Uniform_Small,182,1,0,N/A,0.00000151,0.00001530,0.00003282,0.03371420,0.99980423,0.968658,True,False,584,32,54765,77405,132184
2048,Uniform_Small,183,1,0,N/A,0.00000006,0.00001531,0.00003185,0.03383791,0.99979449,0.968658,True,False,552,0,60224,78376,138614
2048,Uniform_Small,184,1,0,N/A,0.00000026,0.00001511,0.00003243,0.03326033,0.99980556,0.969055,True,False,568,16,60732,78900,139646
2048,Uniform_Small,185,1,0,N/A,0.00000139,0.00001645,0.00003430,0.03629373,0.99979452,0.966309,True,False,584,32,55184,77599,132797
2048,Uniform_Small,186,1,0,N/A,0.00000856,0.00001531,0.00003195,0.03382376,0.99979456,0.968658,True,False,568,16,57350,77975,135339
2048,Uniform_Small,187,1,0,N/A,0.00000628,0.00001577,0.00003360,0.03481822,0.99980144,0.967712,True,False,616,64,56288,77607,133909
2048,Uniform_Small,188,1,0,N/A,0.00000152,0.00001611,0.00003585,0.03543284,0.99980097,0.967010,True,False,600,48,61922,79044,140980
2048,Uniform_Small,189,1,0,N/A,0.00000173,0.00001548,0.00003408,0.03412366,0.99980470,0.968292,True,False,600,48,56265,78203,134482
2048,Uniform_Small,190,1,0,N/A,0.00000538,0.00001694,0.00003886,0.03738266,0.99979724,0.965302,True,False,632,80,56218,85612,141844
2048,Uniform_Small,191,1,0,N/A,0.00001009,0.00001553,0.00003258,0.03427517,0.99979698,0.968201,True,False,600,48,59603,78776,138393
2048,Uniform_Small,192,1,0,N/A,0.00000075,0.00001514,0.00003238,0.03334923,0.99980487,0.968994,True,False,568,16,57490,77444,134948
2048,Uniform_Small,193,1,0,N/A,0.00000783,0.00001581,0.00003461,0.03491598,0.99980171,0.967621,True,False,600,48,63026,79027,142067
2048,Uniform_Small,194,1,0,N/A,0.00000028,0.00001502,0.00003205,0.03321811,0.99980190,0.969238,True,False,552,0,57499,78041,135554
2048,Uniform_Small,195,1,0,N/A,0.00000151,0.00001578,0.00003300,0.03492193,0.99979362,0.967682,True,False,584,32,56708,77173,133895
2048,Uniform_Small,196,1,0,N/A,0.00000060,0.00001544,0.00003340,0.03401860,0.99980025,0.968384,True,False,568,16,57204,77772,134990
2048,Uniform_Small,197,1,0,N/A,0.00000235,0.00001540,0.00003188,0.03398705,0.99980022,0.968475,True,False,568,16,62373,79289,141676
2048,Uniform_Small,198,1,0,N/A,0.00000112,0.00001516,0.00003335,0.03344614,0.99980621,0.968964,True,False,584,32,56928,79136,136078
2048,Uniform_Small,199,1,0,N/A,0.00000082,0.00001542,0.00003285,0.03414514,0.99979746,0.968414,True,False,584,32,53676,77610,131300
2048,Uniform_Full,200,1,1,1,0.00010951,0.00000715,0.00003610,0.07304336,0.99997066,0.985413,True,False,569,0,56749,77734,134497
2048,Uniform_Full,201,1,0,N/A,0.00001786,0.00000809,0.00004989,0.08750066,0.99997335,0.983429,True,False,584,32,55329,82354,137697
2048,Uniform_Full,202,1,1,1,0.00009785,0.00000695,0.00003547,0.07425306,0.99997170,0.985840,True,False,552,0,61612,79231,140857
2048,Uniform_Full,203,1,1,1,0.00008664,0.00000722,0.00003763,0.07383282,0.99997258,0.985260,True,False,600,48,59879,78534,138427
2048,Uniform_Full,204,1,0,N/A,0.00004039,0.00000972,0.00006646,0.08059988,0.99997306,0.980103,True,False,600,48,57888,78976,136878
2048,Uniform_Full,205,1,1,1,0.00012724,0.00000729,0.00003427,0.07956421,0.99997127,0.985138,True,False,568,16,58598,78714,137326
2048,Uniform_Full,206,1,1,1,0.00008622,0.00000724,0.00004018,0.07818375,0.99997134,0.985168,True,False,584,32,63014,79042,142070
2048,Uniform_Full,207,1,0,N/A,0.00001224,0.00000709,0.00003507,0.06827048,0.99997141,0.985504,True,False,600,48,54382,77890,132286
2048,Uniform_Full,208,1,0,N/A,0.00001053,0.00000692,0.00003844,0.07281863,0.99997667,0.985840,True,False,584,32,56050,82115,138179
2048,Uniform_Full,209,0,0,N/A,0.00000088,0.00000691,0.00003239,0.07757384,0.99997203,0.985901,True,False,552,0,60137,80827,140978
2048,Uniform_Full,210,1,0,N/A,0.00004018,0.00000849,0.00005738,0.07528483,0.99997111,0.982605,True,False,600,48,61269,78948,140231
2048,Uniform_Full,211,1,1,1,0.00006531,0.00000720,0.00003859,0.06824769,0.99997241,0.985260,True,False,600,48,57443,77668,135125
2048,Uniform_Full,212,1,0,N/A,0.00002093,0.00000743,0.00003670,0.07997377,0.99996986,0.984802,True,False,584,32,55731,77370,133115
2048,Uniform_Full,213,1,1,1,0.00007341,0.00000729,0.00003950,0.07857087,0.99997134,0.985107,True,False,568,16,56702,78248,134964
2048,Uniform_Full,214,1,1,1,0.00010332,0.00000784,0.00005772,0.06773398,0.99997478,0.983948,True,False,600,48,60560,77770,138344
2048,Uniform_Full,215,1,1,1,0.00011304,0.00000718,0.00004073,0.07527628,0.99997199,0.985321,True,False,600,48,64504,79504,144022
2048,Uniform_Full,216,1,0,N/A,0.00000793,0.00000751,0.00004331,0.07528986,0.99997116,0.984619,True,False,584,32,57697,78284,135995
2048,Uniform_Full,217,1,0,N/A,0.00002241,0.00000764,0.00004336,0.07709138,0.99997353,0.984344,True,False,616,64,57244,79532,136790
2048,Uniform_Full,218,1,1,1,0.00010108,0.00000772,0.00004598,0.07948772,0.99997273,0.984192,True,False,616,64,56190,77615,133819
2048,Uniform_Full,219,1,0,N/A,0.00002583,0.00000790,0.00004422,0.08047203,0.99997165,0.983826,True,False,584,32,65851,80700,146565
2048,Uniform_Full,220,1,1,1,0.00014116,0.00000741,0.00004267,0.06384100,0.99997474,0.984833,True,False,649,80,55298,77827,133139
2048,Uniform_Full,221,1,0,N/A,0.00000900,0.00000779,0.00004265,0.07657120,0.99997227,0.984039,True,False,584,32,57814,82182,140010
2048,Uniform_Full,222,1,0,N/A,0.00001655,0.00000767,0.00004482,0.08507438,0.99997275,0.984283,True,False,584,32,58864,79089,137967
2048,Uniform_Full,223,1,0,N/A,0.00000854,0.00000729,0.00003571,0.07630510,0.99997066,0.985107,True,False,568,16,57154,77823,134991
2048,Uniform_Full,224,1,1,1,0.00006736,0.00000706,0.00003584,0.07361139,0.99997392,0.985565,True,False,568,16,65652,79533,145199
2048,Uniform_Full,225,1,1,1,0.00008116,0.00000722,0.00003428,0.08185059,0.99997109,0.985291,True,False,568,16,62284,79232,141530
2048,Uniform_Full,226,1,0,N/A,0.00003759,0.00000720,0.00004074,0.07488209,0.99997389,0.985260,True,False,568,16,65979,80457,146450
2048,Uniform_Full,227,1,0,N/A,0.00000451,0.00000733,0.00004222,0.08003511,0.99997133,0.985016,True,False,600,48,59736,78479,138229
2048,Uniform_Full,228,1,0,N/A,0.00006018,0.00000806,0.00005174,0.07536742,0.99997250,0.983490,True,False,617,48,62295,79025,141334
2048,Uniform_Full,229,1,0,N/A,0.00003967,0.00000811,0.00005245,0.07404292,0.99997510,0.983398,True,False,584,32,64097,79667,143778
2048,Uniform_Full,230,1,1,1,0.00008123,0.00000757,0.00003796,0.08105081,0.99997040,0.984528,True,False,584,32,57948,82732,140694
2048,Uniform_Full,231,1,0,N/A,0.00001511,0.00000704,0.00003954,0.07616991,0.99997181,0.985626,True,False,568,16,56081,77518,133613
2048,Uniform_Full,232,1,0,N/A,0.00005406,0.00000834,0.00004833,0.07445690,0.99996955,0.982910,True,False,632,80,62539,79682,142235
2048,Uniform_Full,233,1,0,N/A,0.00003956,0.00000756,0.00003521,0.07588898,0.99996944,0.984528,True,False,600,48,57052,78379,135445
2048,Uniform_Full,234,1,0,N/A,0.00005129,0.00000873,0.00006019,0.08376198,0.99997072,0.982117,True,False,616,64,64190,80172,144376
2048,Uniform_Full,235,1,0,N/A,0.00002921,0.00000796,0.00004802,0.07766256,0.99997325,0.983704,True,False,617,48,56246,77983,134243
2048,Uniform_Full,236,1,0,N/A,0.00002883,0.00000736,0.00004542,0.07307915,0.99997338,0.984924,True,False,632,80,76182,83013,159209
2048,Uniform_Full,237,1,0,N/A,0.00004672,0.00000729,0.00003637,0.08108653,0.99997002,0.985138,True,False,552,0,66699,80510,147223
2048,Uniform_Full,238,1,1,1,0.00007699,0.00000739,0.00003618,0.07558898,0.99997301,0.984894,True,False,600,48,60852,78261,139127
2048,Uniform_Full,239,1,0,N/A,0.00001634,0.00000831,0.00004734,0.07853645,0.99997001,0.982971,True,False,584,32,58428,78290,136732
2048,Uniform_Full,240,1,0,N/A,0.00000471,0.00000726,0.00003373,0.07253791,0.99997063,0.985168,True,False,584,32,57138,77837,134989
2048,Uniform_Full,241,1,0,N/A,0.00000577,0.00000779,0.00004792,0.07062816,0.99997157,0.984039,True,False,584,32,66124,80052,146190
2048,Uniform_Full,242,1,0,N/A,0.00002730,0.00000872,0.00005002,0.07879030,0.99996967,0.982147,True,False,616,64,57624,78480,136118
2048,Uniform_Full,243,1,0,N/A,0.00001981,0.00000697,0.00003527,0.07019184,0.99997376,0.985779,True,False,568,16,56366,77702,134082
2048,Uniform_Full,244,1,0,N/A,0.00003756,0.00000812,0.00004464,0.08243912,0.99997194,0.983368,True,False,600,48,58208,78269,136491
2048,Uniform_Full,245,1,1,1,0.00006562,0.00000776,0.00004837,0.07882252,0.99997540,0.984100,True,False,600,48,59775,78626,138415
2048,Uniform_Full,246,1,0,N/A,0.00004262,0.00000714,0.00003417,0.07443202,0.99997067,0.985413,True,False,568,16,61908,79766,141688
2048,Uniform_Full,247,1,1,1,0.00021842,0.00000742,0.00003806,0.07545918,0.99997023,0.984802,True,False,600,48,58547,78277,136838
2048,Uniform_Full,248,1,0,N/A,0.00000438,0.00000704,0.00004390,0.07628398,0.99997517,0.985596,True,False,584,32,55907,77721,133642
2048,Uniform_Full,249,1,0,N/A,0.00001298,0.00000803,0.00004869,0.07925193,0.99997270,0.983551,True,False,584,32,59457,78059,137530
2048,Uniform_Full,250,1,0,N/A,0.00000151,0.00000763,0.00003762,0.08399111,0.99997088,0.984375,True,False,649,80,61750,79952,141716
2048,Uniform_Full,251,1,0,N/A,0.00001098,0.00000759,0.00004453,0.07754452,0.99997323,0.984467,True,False,568,16,56082,77511,133607
2048,Uniform_Full,252,1,1,1,0.00009660,0.00000712,0.00003333,0.07800029,0.99996923,0.985474,True,False,584,32,55960,78057,134031
2048,Uniform_Full,253,1,1,1,0.00007455,0.00000734,0.00003622,0.07784275,0.99997069,0.984985,True,False,568,16,55803,77467,133284
2048,Uniform_Full,254,1,0,N/A,0.00002169,0.00000686,0.00003456,0.07871491,0.99997143,0.986023,True,False,552,0,63216,79458,142688
2048,Uniform_Full,255,1,1,1,0.00020113,0.00000724,0.00003590,0.07848203,0.99997200,0.985199,True,False,600,48,55313,82998,138325
2048,Uniform_Full,256,1,0,N/A,0.00004158,0.00000706,0.00003778,0.07548696,0.99997378,0.985565,True,False,568,16,64342,79218,143574
2048,Uniform_Full,257,1,1,1,0.00011229,0.00000754,0.00004141,0.08042346,0.99997127,0.984558,True,False,600,48,53219,77509,130742
2048,Uniform_Full,258,1,1,1,0.00012361,0.00000860,0.00005734,0.08377494,0.99997194,0.982391,True,False,616,64,58766,78325,137105
2048,Uniform_Full,259,1,0,N/A,0.00002941,0.00000721,0.00003858,0.07997397,0.99997458,0.985229,True,False,584,32,60672,83544,144230
2048,Uniform_Full,260,1,0,N/A,0.00003881,0.00000858,0.00005267,0.07835050,0.99997020,0.982422,True,False,632,80,56904,78040,134958
2048,Uniform_Full,261,0,0,N/A,0.00000139,0.00000727,0.00003626,0.07785266,0.99997130,0.985138,True,False,584,32,59806,78678,138498
2048,Uniform_Full,262,1,0,N/A,0.00004234,0.00000734,0.00003386,0.07433841,0.99996913,0.984985,True,False,584,32,52890,77449,130353
2048,Uniform_Full,263,1,0,N/A,0.00004999,0.00000726,0.00003875,0.07576507,0.99997117,0.985138,True,False,584,32,65057,80005,145076
2048,Uniform_Full,264,1,0,N/A,0.00001469,0.00000845,0.00005515,0.07628529,0.99997225,0.982697,True,False,632,80,56195,77471,133680
2048,Uniform_Full,265,1,0,N/A,0.00004503,0.00000711,0.00003923,0.07608733,0.99997442,0.985443,True,False,584,32,55216,86463,141693
2048,Uniform_Full,266,1,0,N/A,0.00000193,0.00000685,0.00003426,0.07462438,0.99997235,0.986023,True,False,552,0,55929,78092,134035
2048,Uniform_Full,267,1,0,N/A,0.00002013,0.00000732,0.00004258,0.07721374,0.99997372,0.985016,True,False,600,48,60216,79053,139283
2048,Uniform_Full,268,1,0,N/A,0.00002462,0.00000733,0.00004119,0.07744799,0.99997110,0.985016,True,False,584,32,61926,78584,140524
2048,Uniform_Full,269,1,1,1,0.00007830,0.00000757,0.00004309,0.07535591,0.99997172,0.984497,True,False,600,48,57544,77930,135488
2048,Uniform_Full,270,1,1,1,0.00021493,0.00000718,0.00003742,0.07613914,0.99997227,0.985321,True,False,568,16,53699,77582,131295
2048,Uniform_Full,271,1,0,N/A,0.00000618,0.00000761,0.00004421,0.07696894,0.99997285,0.984406,True,False,616,64,57146,77999,135159
2048,Uniform_Full,272,1,0,N/A,0.00000836,0.00000742,0.00004154,0.07582855,0.99997206,0.984802,True,False,584,32,65669,78999,144682
2048,Uniform_Full,273,1,1,1,0.00008352,0.00000730,0.00003464,0.07663634,0.99997120,0.985077,True,False,600,48,55322,77487,132823
2048,Uniform_Full,274,1,1,1,0.00019277,0.00000690,0.00004380,0.07229676,0.99997264,0.985870,True,False,600,48,58622,77903,136539
2048,Uniform_Full,275,1,1,1,0.00013694,0.00000730,0.00003566,0.07772747,0.99997198,0.985077,True,False,600,48,56434,78046,134494
2048,Uniform_Full,276,1,0,N/A,0.00001394,0.00000717,0.00003620,0.07674901,0.99997160,0.985352,True,False,568,16,63394,79777,143185
2048,Uniform_Full,277,1,0,N/A,0.00002958,0.00000670,0.00004037,0.07165138,0.99997632,0.986328,True,False,584,32,56624,77436,134074
2048,Uniform_Full,278,1,1,1,0.00020932,0.00000858,0.00005070,0.07982053,0.99997212,0.982422,True,False,600,48,59312,77888,137214
2048,Uniform_Full,279,1,1,1,0.00017502,0.00000724,0.00004124,0.07521278,0.99997051,0.985199,True,False,600,48,58022,78956,136992
2048,Uniform_Full,280,1,0,N/A,0.00002084,0.00000756,0.00004239,0.07328781,0.99997000,0.984528,True,False,600,48,57608,77772,135394
2048,Uniform_Full,281,1,1,1,0.00017418,0.00000754,0.00004106,0.07556395,0.99997225,0.984558,True,False,600,48,63804,79435,143253
2048,Uniform_Full,282,1,0,N/A,0.00005235,0.00000721,0.00003802,0.07908674,0.99997397,0.985229,True,False,568,16,57797,78053,135864
2048,Uniform_Full,283,1,0,N/A,0.00001490,0.00000708,0.00004069,0.07792773,0.99997221,0.985504,True,False,584,32,58274,84042,142330
2048,Uniform_Full,284,1,1,1,0.00009275,0.00000740,0.00004003,0.07256898,0.99997201,0.984863,True,False,584,32,53920,77981,131915
2048,Uniform_Full,285,1,0,N/A,0.00001131,0.00000698,0.00003946,0.07104026,0.99997586,0.985718,True,False,568,16,68324,81207,149545
2048,Uniform_Full,286,1,1,1,0.00008540,0.00000778,0.00004335,0.07886485,0.99997035,0.984070,True,False,616,64,56828,78089,134931
2048,Uniform_Full,287,1,0,N/A,0.00003764,0.00000849,0.00005959,0.07368173,0.99997317,0.982605,True,False,648,96,64496,79714,144224
2048,Uniform_Full,288,1,0,N/A,0.00005868,0.00000852,0.00005882,0.08174033,0.99997109,0.982544,True,False,616,64,55959,77539,133512
2048,Uniform_Full,289,1,0,N/A,0.00001550,0.00000931,0.00006665,0.07944571,0.99997235,0.980927,True,False,632,80,63788,79050,142852
2048,Uniform_Full,290,1,0,N/A,0.00000660,0.00000740,0.00003844,0.07613084,0.99996897,0.984863,True,False,568,16,62003,79050,141067
2048,Uniform_Full,291,0,0,N/A,0.00000029,0.00000793,0.00004932,0.08052786,0.99997318,0.983765,True,False,632,80,61969,78374,140357
2048,Uniform_Full,292,1,0,N/A,0.00002412,0.00000720,0.00003843,0.07644372,0.99997216,0.985260,True,False,600,48,56299,78634,134947
2048,Uniform_Full,293,1,1,1,0.00017016,0.00000802,0.00004616,0.07783510,0.99997384,0.983582,True,False,648,96,57222,77719,134955
2048,Uniform_Full,294,1,1,1,0.00007418,0.00000760,0.00004107,0.07735137,0.99997076,0.984436,True,False,649,80,62832,79288,142134
2048,Uniform_Full,295,1,0,N/A,0.00005068,0.00000734,0.00003537,0.07654823,0.99997008,0.984985,True,False,568,16,55869,78073,133956
2048,Uniform_Full,296,1,1,1,0.00037833,0.00000803,0.00004965,0.07595481,0.99997172,0.983551,True,False,584,32,54533,77637,132184
2048,Uniform_Full,297,1,0,N/A,0.00000879,0.00000750,0.00004736,0.07447460,0.99997444,0.984650,True,False,600,48,58320,78460,136794
2048,Uniform_Full,298,1,0,N/A,0.00002568,0.00000764,0.00003877,0.07252092,0.99997096,0.984344,True,False,616,64,60438,78493,138945
2048,Uniform_Full,299,1,1,1,0.00011573,0.00000762,0.00003798,0.07967997,0.99997246,0.984406,True,False,584,32,58957,79113,138084
2048,Uniform_Full,300,1,0,N/A,0.00004893,0.00000757,0.00003926,0.07602210,0.99997097,0.984497,True,False,584,32,59066,78023,137103
2048,Uniform_Full,301,1,1,1,0.00009101,0.00000740,0.00003850,0.08060207,0.99997006,0.984894,True,False,568,16,55483,77429,132926
2048,Uniform_Full,302,1,1,1,0.00015684,0.00000741,0.00004219,0.07202110,0.99997080,0.984833,True,False,568,16,58014,77841,135869
2048,Uniform_Full,303,1,0,N/A,0.00001576,0.00000738,0.00003743,0.07742190,0.99997182,0.984894,True,False,584,32,62224,78713,140951
2048,Uniform_Full,304,1,0,N/A,0.00001803,0.00000863,0.00005625,0.08011695,0.99997277,0.982330,True,False,600,48,58032,78089,136135
2048,Uniform_Full,305,1,0,N/A,0.00002837,0.00000757,0.00004949,0.07473703,0.99997214,0.984497,True,False,584,32,56383,78054,134451
2048,Uniform_Full,306,1,0,N/A,0.00005988,0.00000821,0.00006128,0.07399654,0.99997450,0.983185,True,False,600,48,53602,82560,136176
2048,Uniform_Full,307,1,0,N/A,0.00001062,0.00000748,0.00004109,0.07667556,0.99997005,0.984711,True,False,584,32,66294,81703,148011
2048,Uniform_Full,308,1,1,1,0.00010809,0.00000770,0.00004549,0.07867736,0.99997019,0.984222,True,False,616,64,56956,78690,135660
2048,Uniform_Full,309,1,0,N/A,0.00002517,0.00000750,0.00004051,0.07701935,0.99997178,0.984650,True,False,600,48,55404,78504,133922
2048,Uniform_Full,310,1,1,1,0.00011877,0.00000712,0.00003381,0.07478603,0.99997087,0.985474,True,False,568,16,57783,78422,136219
2048,Uniform_Full,311,1,0,N/A,0.00000358,0.00000702,0.00003603,0.08075645,0.99997415,0.985687,True,False,600,48,58002,78355,136371
2048,Uniform_Full,312,1,1,1,0.00014277,0.00000799,0.00003981,0.07091324,0.99997009,0.983643,True,False,600,48,63253,79443,142710
2048,Uniform_Full,313,1,0,N/A,0.00001326,0.00000688,0.00003490,0.07361964,0.99997317,0.985962,True,False,568,16,57306,77825,135145
2048,Uniform_Full,314,1,0,N/A,0.00003571,0.00000769,0.00004341,0.07576595,0.99997177,0.984253,True,False,584,32,71105,81527,152646
2048,Uniform_Full,315,1,0,N/A,0.00000216,0.00000738,0.00004125,0.07711037,0.99997057,0.984924,True,False,600,48,61773,78499,140286
2048,Uniform_Full,316,1,0,N/A,0.00005731,0.00000831,0.00005313,0.08117483,0.99997276,0.982971,True,False,616,64,61330,78498,139842
2048,Uniform_Full,317,1,0,N/A,0.00001586,0.00000754,0.00004330,0.07400787,0.99997333,0.984558,True,False,584,32,57934,77916,135864
2048,Uniform_Full,318,1,1,1,0.00009227,0.00000781,0.00004759,0.07529075,0.99997350,0.984009,True,False,600,48,55764,77818,133596
2048,Uniform_Full,319,1,1,1,0.00018901,0.00000739,0.00004044,0.07217096,0.99997250,0.984863,True,False,585,16,64149,79805,143968
2048,Uniform_Full,320,1,0,N/A,0.00005808,0.00000760,0.00003879,0.07499167,0.99997189,0.984436,True,False,584,32,62713,79129,141856
2048,Uniform_Full,321,1,0,N/A,0.00001275,0.00000720,0.00003595,0.08504520,0.99997042,0.985382,True,False,552,0,57041,82303,139358
2048,Uniform_Full,322,1,0,N/A,0.00003798,0.00000854,0.00005450,0.07501823,0.99997136,0.982513,True,False,649,80,57680,77957,135651
2048,Uniform_Full,323,1,0,N/A,0.00000864,0.00000744,0.00004464,0.07313079,0.99997461,0.984772,True,False,632,80,56753,77646,134413
2048,Uniform_Full,324,1,0,N/A,0.00001226,0.00000709,0.00003439,0.07254838,0.99997183,0.985504,True,False,552,0,63506,79180,142700
2048,Uniform_Full,325,1,1,1,0.00007617,0.00000744,0.00004486,0.07562028,0.99997332,0.984772,True,False,584,32,62079,79147,141240
2048,Uniform_Full,326,1,0,N/A,0.00004232,0.00000779,0.00004443,0.07796185,0.99997062,0.984039,True,False,616,64,57466,77565,135045
2048,Uniform_Full,327,1,0,N/A,0.00001330,0.00000741,0.00003518,0.07771112,0.99997024,0.984863,True,False,584,32,56062,77282,133358
2048,Uniform_Full,328,1,0,N/A,0.00004913,0.00000770,0.00004800,0.07343298,0.99997101,0.984222,True,False,600,48,60054,77478,137546
2048,Uniform_Full,329,1,1,1,0.00011440,0.00000744,0.00003940,0.07903952,0.99997060,0.984802,True,False,568,16,66847,80229,147090
2048,Uniform_Full,330,1,0,N/A,0.00004712,0.00000726,0.00003636,0.07605816,0.99997095,0.985168,True,False,584,32,58685,78393,137092
2048,Uniform_Full,331,1,0,N/A,0.00000133,0.00000699,0.00003943,0.07293619,0.99997147,0.985748,True,False,552,0,56125,78146,134285
2048,Uniform_Full,332,1,1,1,0.00016545,0.00000766,0.00004393,0.07478919,0.99997033,0.984314,True,False,568,16,58077,78129,136220
2048,Uniform_Full,333,1,0,N/A,0.00000217,0.00000720,0.00003990,0.08009281,0.99997309,0.985291,True,False,584,32,60028,78888,138930
2048,Uniform_Full,334,1,0,N/A,0.00001587,0.00000730,0.00003963,0.07490877,0.99997472,0.985046,True,False,584,32,61095,78466,139575
2048,Uniform_Full,335,1,0,N/A,0.00005029,0.00000757,0.00003949,0.07876919,0.99997150,0.984497,True,False,600,48,61183,78350,139547
2048,Uniform_Full,336,1,1,1,0.00019183,0.00000812,0.00004219,0.08372048,0.99996952,0.983368,True,False,584,32,55010,77509,132533
2048,Uniform_Full,337,1,1,1,0.00011221,0.00000784,0.00004482,0.07360069,0.99997086,0.983948,True,False,616,64,65928,80199,146141
2048,Uniform_Full,338,1,1,1,0.00009107,0.00000723,0.00003609,0.07061006,0.99997201,0.985199,True,False,600,48,61371,78885,140270
2048,Uniform_Full,339,1,0,N/A,0.00000277,0.00000721,0.00003574,0.07236546,0.99997139,0.985260,True,False,584,32,66762,80541,147317
2048,Uniform_Full,340,1,0,N/A,0.00003936,0.00000882,0.00005742,0.08148870,0.99997057,0.981934,True,False,600,48,59725,77688,137427
2048,Uniform_Full,341,1,0,N/A,0.00002936,0.00000722,0.00004289,0.07374035,0.99997450,0.985229,True,False,584,32,57099,77747,134860
2048,Uniform_Full,342,1,0,N/A,0.00000315,0.00000740,0.00004067,0.07025073,0.99997135,0.984863,True,False,600,48,54953,79234,134201
2048,Uniform_Full,343,1,1,1,0.00008005,0.00000796,0.00005082,0.07856266,0.99997440,0.983704,True,False,600,48,61766,78721,140501
2048,Uniform_Full,344,1,0,N/A,0.00004590,0.00000788,0.00005379,0.07587562,0.99997337,0.983856,True,False,616,64,55443,77469,132926
2048,Uniform_Full,345,1,0,N/A,0.00000980,0.00000736,0.00004348,0.07586011,0.99997011,0.984924,True,False,568,16,56116,77658,133788
2048,Uniform_Full,346,0,0,N/A,0.00000120,0.00000684,0.00003825,0.07695666,0.99997523,0.986023,True,False,584,32,58799,78470,137283
2048,Uniform_Full,347,1,0,N/A,0.00000399,0.00000793,0.00004977,0.07203080,0.99997036,0.983765,True,False,600,48,61959,79052,141025
2048,Uniform_Full,348,1,1,1,0.00025124,0.00000746,0.00003821,0.07799191,0.99997195,0.984741,True,False,600,48,58265,77488,135767
2048,Uniform_Full,349,1,1,1,0.00017526,0.00000706,0.00003472,0.07190996,0.99997184,0.985596,True,False,552,0,55537,77881,133432
2048,Uniform_Full,350,1,1,1,0.00014739,0.00000732,0.00003633,0.07956198,0.99997155,0.985016,True,False,584,32,63935,79200,143149
2048,Uniform_Full,351,1,0,N/A,0.00001585,0.00000751,0.00004249,0.07161029,0.99997539,0.984619,True,False,584,32,65426,80153,145593
2048,Uniform_Full,352,1,1,1,0.00009336,0.00000706,0.00003347,0.07488505,0.99997149,0.985596,True,False,552,0,57605,77951,135570
2048,Uniform_Full,353,1,0,N/A,0.00003063,0.00000721,0.00004103,0.06759754,0.99997502,0.985229,True,False,584,32,58945,78294,137253
2048,Uniform_Full,354,1,1,1,0.00008638,0.00000761,0.00004658,0.07377871,0.99997318,0.984406,True,False,616,64,69842,81972,151828
2048,Uniform_Full,355,1,1,1,0.00006193,0.00000805,0.00005106,0.07776191,0.99997127,0.983521,True,False,600,48,64858,78505,143377
2048,Uniform_Full,356,1,0,N/A,0.00005606,0.00000784,0.00004615,0.08052026,0.99997130,0.983948,True,False,584,32,60053,78387,138454
2048,Uniform_Full,357,1,0,N/A,0.00001701,0.00000827,0.00004347,0.08210060,0.99996804,0.983063,True,False,584,32,58268,77362,135644
2048,Uniform_Full,358,1,0,N/A,0.00002585,0.00000719,0.00003625,0.08040005,0.99997298,0.985291,True,False,585,16,55291,78250,133555
2048,Uniform_Full,359,1,0,N/A,0.00000127,0.00000790,0.00004207,0.07962726,0.99997083,0.983826,True,False,616,64,56404,77548,133966
2048,Uniform_Full,360,1,0,N/A,0.00003325,0.00000715,0.00003405,0.07568787,0.99997264,0.985382,True,False,552,0,61257,80381,141652
2048,Uniform_Full,361,1,0,N/A,0.00000514,0.00000705,0.00003819,0.07617977,0.99997554,0.985565,True,False,600,48,55320,82546,137880
2048,Uniform_Full,362,1,1,1,0.00019939,0.00000697,0.00003453,0.07636139,0.99997265,0.985809,True,False,552,0,54562,77787,132363
2048,Uniform_Full,363,1,1,1,0.00008956,0.00000722,0.00003602,0.07444571,0.99997252,0.985229,True,False,568,16,54614,77867,132495
2048,Uniform_Full,364,1,0,N/A,0.00004024,0.00000770,0.00004558,0.07396377,0.99997201,0.984222,True,False,616,64,60408,77965,138387
2048,Uniform_Full,365,1,0,N/A,0.00005072,0.00000812,0.00004847,0.07828225,0.99997114,0.983368,True,False,632,80,56045,77831,133890
2048,Uniform_Full,366,1,0,N/A,0.00000821,0.00000744,0.00003445,0.08419408,0.99997089,0.984802,True,False,568,16,59428,84182,143624
2048,Uniform_Full,367,1,0,N/A,0.00000263,0.00000723,0.00003822,0.07320897,0.99996984,0.985199,True,False,568,16,57520,77885,135419
2048,Uniform_Full,368,1,0,N/A,0.00000680,0.00000803,0.00004377,0.07583274,0.99997139,0.983551,True,False,616,64,56921,78017,134952
2048,Uniform_Full,369,1,0,N/A,0.00005131,0.00000881,0.00005675,0.07576558,0.99997032,0.981964,True,False,648,96,61392,78392,139798
2048,Uniform_Full,370,1,0,N/A,0.00005014,0.00000738,0.00004299,0.06949771,0.99997292,0.984894,True,False,600,48,55812,77566,133392
2048,Uniform_Full,371,1,0,N/A,0.00001535,0.00000725,0.00003588,0.07103559,0.99997149,0.985168,True,False,584,32,55693,77634,133341
2048,Uniform_Full,372,1,0,N/A,0.00002304,0.00000722,0.00003672,0.08010049,0.99997043,0.985260,True,False,584,32,55777,77722,133513
2048,Uniform_Full,373,1,0,N/A,0.00003652,0.00000808,0.00004539,0.07490528,0.99996950,0.983459,True,False,584,32,66488,80653,147155
2048,Uniform_Full,374,1,0,N/A,0.00004578,0.00000785,0.00003986,0.07773163,0.99996992,0.983917,True,False,617,48,57533,78345,135892
2048,Uniform_Full,375,1,0,N/A,0.00004823,0.00000767,0.00004070,0.08188412,0.99997099,0.984283,True,False,600,48,55222,77583,132819
2048,Uniform_Full,376,1,1,1,0.00010761,0.00000814,0.00004631,0.07853362,0.99997075,0.983337,True,False,600,48,54452,78299,132765
2048,Uniform_Full,377,1,0,N/A,0.00001265,0.00000731,0.00003565,0.07526967,0.99997141,0.985046,True,False,584,32,57645,77559,135218
2048,Uniform_Full,378,1,1,1,0.00010068,0.00000690,0.00003380,0.07367169,0.99997174,0.985931,True,False,552,0,61567,83669,145250
2048,Uniform_Full,379,1,0,N/A,0.00004749,0.00000854,0.00005196,0.07282508,0.99996898,0.982513,True,False,584,32,55987,77968,133969
2048,Uniform_Full,380,1,0,N/A,0.00002309,0.00000701,0.00003343,0.07588221,0.99997119,0.985687,True,False,552,0,53986,77753,131753
2048,Uniform_Full,381,1,1,1,0.00009054,0.00000794,0.00004428,0.07515804,0.99997409,0.983734,True,False,600,48,57755,77717,135486
2048,Uniform_Full,382,1,1,1,0.00008084,0.00000701,0.00003884,0.07729186,0.99997302,0.985687,True,False,600,48,68204,79837,148055
2048,Uniform_Full,383,1,0,N/A,0.00004570,0.00000737,0.00003988,0.08033116,0.99997005,0.984924,True,False,568,16,58853,78330,137197
2048,Uniform_Full,384,1,0,N/A,0.00005381,0.00000705,0.00003498,0.07583280,0.99997448,0.985626,True,False,568,16,57709,78379,136102
2048,Uniform_Full,385,1,0,N/A,0.00002088,0.00000700,0.00003914,0.07318410,0.99997192,0.985687,True,False,584,32,57616,78256,135886
2048,Uniform_Full,386,1,0,N/A,0.00002310,0.00000731,0.00003681,0.08285413,0.99997288,0.985046,True,False,568,16,56687,80385,137086
2048,Uniform_Full,387,1,0,N/A,0.00001878,0.00000805,0.00004351,0.08183402,0.99997077,0.983521,True,False,600,48,59579,79707,139300
2048,Uniform_Full,388,1,0,N/A,0.00000435,0.00000731,0.00003624,0.07719196,0.99997088,0.985046,True,False,568,16,58660,77943,136617
2048,Uniform_Full,389,1,0,N/A,0.00000176,0.00000763,0.00003936,0.07862414,0.99997331,0.984375,True,False,568,16,54292,76956,131262
2048,Uniform_Full,390,1,1,1,0.00007176,0.00000728,0.00004100,0.07446038,0.99997421,0.985107,True,False,601,32,60267,78762,139043
2048,Uniform_Full,391,1,0,N/A,0.00002665,0.00000756,0.00004480,0.07500045,0.99997327,0.984528,True,False,584,32,61916,78727,140657
2048,Uniform_Full,392,1,1,1,0.00008315,0.00000757,0.00004193,0.07502562,0.99997043,0.984497,True,False,584,32,65336,80523,145873
2048,Uniform_Full,393,1,1,1,0.00020084,0.00000697,0.00003419,0.07278606,0.99997454,0.985779,True,False,569,0,59261,78657,137932
2048,Uniform_Full,394,1,1,1,0.00008794,0.00000815,0.00004507,0.08186389,0.99996985,0.983307,True,False,600,48,53882,77273,131169
2048,Uniform_Full,395,1,0,N/A,0.00000903,0.00000765,0.00004623,0.07682098,0.99997017,0.984344,True,False,568,16,68074,80935,149023
2048,Uniform_Full,396,1,1,1,0.00010644,0.00000723,0.00004349,0.07794411,0.99997314,0.985199,True,False,616,64,55305,77655,132974
2048,Uniform_Full,397,1,0,N/A,0.00000280,0.00000726,0.00004076,0.07088941,0.99997520,0.985138,True,False,600,48,55479,77718,133211
2048,Uniform_Full,398,1,0,N/A,0.00000036,0.00000747,0.00003783,0.07559902,0.99997152,0.984711,True,False,568,16,55185,77059,132258
2048,Uniform_Full,399,1,1,1,0.00006309,0.00000727,0.00003387,0.07493120,0.99997167,0.985138,True,False,568,16,58312,77351,135677
2048,Gaussian_s2,400,1,1,1,0.00765623,0.00001384,0.00003633,0.15590437,0.99994672,0.971832,True,False,552,0,61949,83401,145364
2048,Gaussian_s2,401,1,1,1,0.00877785,0.00001333,0.00004524,0.14867601,0.99997384,0.973450,True,False,552,0,58676,78036,136726
2048,Gaussian_s2,402,1,1,1,0.00771935,0.00001386,0.00005915,0.15920938,0.99996162,0.971619,True,False,568,16,77659,87308,164981
2048,Gaussian_s2,403,1,1,1,0.00357766,0.00001381,0.00007553,0.14795441,0.99996808,0.971771,True,False,601,32,63953,79587,143554
2048,Gaussian_s2,404,1,1,1,0.04552574,0.00001300,0.00005542,0.16271366,0.99998010,0.973785,True,False,616,64,62689,79710,142413
2048,Gaussian_s2,405,1,1,1,0.00297920,0.00001374,0.00010677,0.16722232,0.99996998,0.971863,True,False,616,64,56055,78144,134213
2048,Gaussian_s2,406,1,1,1,0.01196353,0.00001287,0.00009931,0.15671091,0.99998534,0.973785,True,False,600,48,55247,77715,132976
2048,Gaussian_s2,407,1,1,1,0.01255191,0.00001351,0.00005198,0.16615012,0.99996948,0.972473,True,False,600,48,55086,77607,132707
2048,Gaussian_s2,408,1,1,1,0.11207899,0.00001276,0.00006662,0.16246668,0.99999104,0.974274,True,False,584,32,58978,77945,136937
2048,Gaussian_s2,409,1,1,1,0.03528026,0.00001237,0.00006115,0.14030841,0.99998138,0.975830,True,False,552,0,62547,79554,142115
2048,Gaussian_s2,410,1,1,1,0.01260390,0.00001390,0.00016862,0.14885764,0.99997668,0.971527,True,False,632,80,61574,78622,140210
2048,Gaussian_s2,411,1,1,1,0.25790086,0.00011515,0.11957595,0.16574592,0.97897950,0.977142,True,False,600,48,54786,77919,132719
2048,Gaussian_s2,412,1,1,1,0.00890959,0.00001352,0.00006172,0.15122983,0.99996681,0.972412,True,False,600,48,57444,77328,134786
2048,Gaussian_s2,413,1,1,1,0.02443242,0.00001242,0.00004023,0.14909880,0.99998332,0.975159,True,False,568,16,65186,79435,144635
2048,Gaussian_s2,414,1,1,1,0.00193917,0.00001351,0.00004753,0.16156401,0.99996323,0.972412,True,False,600,48,55765,78198,133977
2048,Gaussian_s2,415,1,1,1,0.02013234,0.00001254,0.00007711,0.15460602,0.99998271,0.975159,True,False,568,16,59796,78153,137963
2048,Gaussian_s2,416,1,1,1,0.00908426,0.00001352,0.00005708,0.15192533,0.99997395,0.972748,True,False,568,16,59973,77573,137560
2048,Gaussian_s2,417,1,1,1,0.00658221,0.00001360,0.00011966,0.16023409,0.99997170,0.972168,True,False,600,48,63903,79299,143216
2048,Gaussian_s2,418,1,1,1,0.09591140,0.00001196,0.00024377,0.13836777,0.99999064,0.975922,True,False,616,64,56117,77840,133971
2048,Gaussian_s2,419,1,1,1,0.02768620,0.00001337,0.00003316,0.15537198,0.99997117,0.972931,True,False,568,16,54764,77490,132268
2048,Gaussian_s2,420,1,1,1,0.02224241,0.00001383,0.00003752,0.16604620,0.99996547,0.971802,True,False,600,48,57266,77828,135108
2048,Gaussian_s2,421,1,1,1,0.02438281,0.00001303,0.00012543,0.15261688,0.99998184,0.974670,True,False,584,32,57825,81886,139725
2048,Gaussian_s2,422,1,1,1,0.04936577,0.00001359,0.00011221,0.15805894,0.99998499,0.972290,True,False,616,64,68178,79641,147833
2048,Gaussian_s2,423,1,1,1,0.05317629,0.00001290,0.00005350,0.14786183,0.99998457,0.974121,True,False,584,32,62433,78875,141322
2048,Gaussian_s2,424,1,1,1,0.02622198,0.00001243,0.00007147,0.15461016,0.99998240,0.975433,True,False,584,32,55106,76921,132041
2048,Gaussian_s2,425,1,1,1,0.02811681,0.00001245,0.00007048,0.15756773,0.99998336,0.975464,True,False,584,32,57491,78287,135792
2048,Gaussian_s2,426,1,1,1,0.00242732,0.00001346,0.00005515,0.16022035,0.99996869,0.972595,True,False,568,16,63305,78832,142151
2048,Gaussian_s2,427,1,1,1,0.18457030,0.00002582,0.01978424,0.15709471,0.99941341,0.975464,True,False,616,64,59392,78414,137820
2048,Gaussian_s2,428,1,1,1,0.00169320,0.00001354,0.00004851,0.16411529,0.99997658,0.972809,True,False,568,16,56315,77193,133522
2048,Gaussian_s2,429,1,1,1,0.03158743,0.00001356,0.00021315,0.15574662,0.99998315,0.972290,True,False,632,80,56094,77345,133453
2048,Gaussian_s2,430,1,1,1,0.01342393,0.00001370,0.00009289,0.15736785,0.99996407,0.971954,True,False,584,32,56382,77448,133844
2048,Gaussian_s2,431,1,1,1,0.03791421,0.00001284,0.00012676,0.15756692,0.99998343,0.975220,True,False,568,16,61866,79384,141264
2048,Gaussian_s2,432,1,1,1,0.01277392,0.00001324,0.00004721,0.14498662,0.99996822,0.973206,True,False,584,32,55946,77897,133857
2048,Gaussian_s2,433,1,1,1,0.00688376,0.00001358,0.00007553,0.16582421,0.99997315,0.972229,True,False,632,80,59839,77899,137752
2048,Gaussian_s2,434,1,1,1,0.00715395,0.00001299,0.00003483,0.14829969,0.99996285,0.973663,True,False,568,16,57260,77701,134975
2048,Gaussian_s2,435,1,1,1,0.00447083,0.00001345,0.00012754,0.14802861,0.99997675,0.972473,True,False,600,48,64166,79277,143457
2048,Gaussian_s2,436,1,1,1,0.03833530,0.00001251,0.00005668,0.14651593,0.99997442,0.975250,True,False,568,16,56754,77903,134671
2048,Gaussian_s2,437,1,1,1,0.00421346,0.00001374,0.00007276,0.15423524,0.99997336,0.972260,True,False,600,48,52957,77086,130057
2048,Gaussian_s2,438,1,1,1,0.00467220,0.00001326,0.00005424,0.15586468,0.99996073,0.972992,True,False,584,32,65044,78919,143977
2048,Gaussian_s2,439,1,1,1,0.00462811,0.00001321,0.00008953,0.16469459,0.99998171,0.973450,True,False,568,16,61165,78994,140173
2048,Gaussian_s2,440,1,1,1,0.01300067,0.00001352,0.00004089,0.17260971,0.99997828,0.972595,True,False,600,48,57794,78092,135900
2048,Gaussian_s2,441,1,1,1,0.00383640,0.00001336,0.00008490,0.15947663,0.99997351,0.972656,True,False,617,48,54962,76941,131917
2048,Gaussian_s2,442,1,1,1,0.02912208,0.00001251,0.00020634,0.13954824,0.99998767,0.976257,True,False,568,16,55420,77536,132970
2048,Gaussian_s2,443,1,1,1,0.04507672,0.00001395,0.00026364,0.16120787,0.99998051,0.971466,True,False,648,96,57856,77607,135477
2048,Gaussian_s2,444,1,1,1,0.00710667,0.00001225,0.00008006,0.16040896,0.99998202,0.975708,True,False,584,32,61471,85122,146607
2048,Gaussian_s2,445,1,1,1,0.00823138,0.00001335,0.00006687,0.16354801,0.99996512,0.972717,True,False,568,16,66355,79722,146091
2048,Gaussian_s2,446,1,1,1,0.07688147,0.00001186,0.00015621,0.15643240,0.99999308,0.976898,True,False,568,16,57533,78103,135650
2048,Gaussian_s2,447,1,1,1,0.06339575,0.00001298,0.00009529,0.15615442,0.99998682,0.974426,True,False,568,16,55986,77276,133276
2048,Gaussian_s2,448,1,1,1,0.02284764,0.00001350,0.00007446,0.16194005,0.99996680,0.972534,True,False,584,32,60451,78791,139256
2048,Gaussian_s2,449,1,1,1,0.18067352,0.00002228,0.01460586,0.14849521,0.99960412,0.978546,True,False,584,32,56561,77714,134289
2048,Gaussian_s2,450,1,1,1,0.06220327,0.00001315,0.00004017,0.15952280,0.99998705,0.973633,True,False,584,32,54722,81186,135922
2048,Gaussian_s2,451,1,1,1,0.23609045,0.00011724,0.12230933,0.18090408,0.97394570,0.975372,True,False,616,64,55020,76952,131986
2048,Gaussian_s2,452,1,1,1,0.02246987,0.00001285,0.00011428,0.15594321,0.99998269,0.973816,True,False,600,48,57229,79144,136387
2048,Gaussian_s2,453,1,1,1,0.00451273,0.00001337,0.00004973,0.16091114,0.99997416,0.973053,True,False,584,32,61241,79123,140378
2048,Gaussian_s2,454,1,1,1,0.12138264,0.00001199,0.00009084,0.15616632,0.99999312,0.975983,True,False,584,32,54689,77469,132172
2048,Gaussian_s2,455,1,1,1,0.00872186,0.00001300,0.00004294,0.14362222,0.99996125,0.973724,True,False,552,0,59537,78650,138201
2048,Gaussian_s2,456,1,1,1,0.07604077,0.00001273,0.00004951,0.14582079,0.99998574,0.974640,True,False,568,16,59276,78624,137914
2048,Gaussian_s2,457,1,1,1,0.12410245,0.00001219,0.00012618,0.15968722,0.99999299,0.976440,True,False,584,32,65119,78825,143958
2048,Gaussian_s2,458,1,1,1,0.09105946,0.00001160,0.00011408,0.13749078,0.99999070,0.977783,True,False,568,16,57674,77478,135166
2048,Gaussian_s2,459,1,1,1,0.20583086,0.00005926,0.06103310,0.13443577,0.99418850,0.976135,True,False,584,32,63432,79872,143318
2048,Gaussian_s2,460,1,1,1,0.01972246,0.00001329,0.00006585,0.15949815,0.99997160,0.973022,True,False,584,32,57813,77609,135436
2048,Gaussian_s2,461,1,1,1,0.06825183,0.00001238,0.00037895,0.16847131,0.99999232,0.978424,True,False,568,16,65320,80561,145895
2048,Gaussian_s2,462,1,1,1,0.07017687,0.00001197,0.00022307,0.14917678,0.99999429,0.977692,True,False,600,48,58620,78578,137212
2048,Gaussian_s2,463,1,1,1,0.09029064,0.00001318,0.00003945,0.17195261,0.99998833,0.973419,True,False,584,32,56718,77678,134410
2048,Gaussian_s2,464,1,1,1,0.01252449,0.00001245,0.00011897,0.15658710,0.99998970,0.976013,True,False,568,16,56256,78227,134497
2048,Gaussian_s2,465,1,1,1,0.14317594,0.00004484,0.04132682,0.14863543,0.99239108,0.978851,True,False,568,16,59166,78401,137581
2048,Gaussian_s2,466,1,1,1,0.01008069,0.00001400,0.00011909,0.15459000,0.99996616,0.971344,True,False,584,32,60826,83167,144007
2048,Gaussian_s2,467,1,1,1,0.01246574,0.00001384,0.00006034,0.15499736,0.99996967,0.971863,True,False,601,32,58567,78200,136781
2048,Gaussian_s2,468,1,1,1,0.00388887,0.00001351,0.00009039,0.14191133,0.99996262,0.972351,True,False,616,64,56927,77618,134559
2048,Gaussian_s2,469,1,1,1,0.21046874,0.00007951,0.08143109,0.14888107,0.98778115,0.977203,True,False,568,16,57064,77991,135069
2048,Gaussian_s2,470,1,1,1,0.01139440,0.00001316,0.00011244,0.14321284,0.99997723,0.973663,True,False,568,16,60608,78791,139413
2048,Gaussian_s2,471,1,1,1,0.03311044,0.00001400,0.00015397,0.14832361,0.99997076,0.971344,True,False,600,48,56838,77678,134530
2048,Gaussian_s2,472,1,1,1,0.03754596,0.00001265,0.00012095,0.16087258,0.99998904,0.975403,True,False,584,32,55453,77950,133417
2048,Gaussian_s2,473,1,1,1,0.13371664,0.00005575,0.05472346,0.14423654,0.98639583,0.977783,True,False,600,48,58774,79096,137884
2048,Gaussian_s2,474,1,1,1,0.06402633,0.00001353,0.00021648,0.16169672,0.99998976,0.972412,True,False,584,32,57676,78273,135963
2048,Gaussian_s2,475,1,1,1,0.04642500,0.00001185,0.00024758,0.14893652,0.99999280,0.978851,True,False,585,16,61692,84455,146161
2048,Gaussian_s2,476,1,1,1,0.00290906,0.00001394,0.00005629,0.14835786,0.99995375,0.971466,True,False,568,16,58384,79331,137729
2048,Gaussian_s2,477,1,1,1,0.03318086,0.00001210,0.00008654,0.14239699,0.99998173,0.976349,True,False,552,0,55527,78344,133885
2048,Gaussian_s2,478,1,1,1,0.01608449,0.00001331,0.00006666,0.15527776,0.99997125,0.973083,True,False,584,32,61424,80317,141755
2048,Gaussian_s2,479,1,1,1,0.03633816,0.00001333,0.00013370,0.15638312,0.99998273,0.972839,True,False,600,48,64337,80668,145019
2048,Gaussian_s2,480,1,1,1,0.13508463,0.00001216,0.00041410,0.13929497,0.99999265,0.978058,True,False,568,16,59176,78551,137741
2048,Gaussian_s2,481,1,1,1,0.01647615,0.00001233,0.00008728,0.14562451,0.99998322,0.975891,True,False,552,0,54751,78758,133523
2048,Gaussian_s2,482,1,1,1,0.01125811,0.00001393,0.00010984,0.15074416,0.99997507,0.971497,True,False,632,80,55256,76720,131990
2048,Gaussian_s2,483,1,1,1,0.01046451,0.00001330,0.00005563,0.16025910,0.99997035,0.973389,True,False,552,0,62528,79987,142529
2048,Gaussian_s2,484,1,1,1,0.05124389,0.00001265,0.00014953,0.15543925,0.99998908,0.975555,True,False,600,48,61088,77425,138527
2048,Gaussian_s2,485,1,1,1,0.01055065,0.00001340,0.00004234,0.15964516,0.99997218,0.973175,True,False,568,16,57926,78018,135958
2048,Gaussian_s2,486,1,1,1,0.03409713,0.00001307,0.00008557,0.15314688,0.99997466,0.973328,True,False,600,48,54612,77245,131871
2048,Gaussian_s2,487,1,1,1,0.06531584,0.00001381,0.00022791,0.15018595,0.99998330,0.971771,True,False,616,64,56782,77241,134037
2048,Gaussian_s2,488,1,1,1,0.03058642,0.00001339,0.00013111,0.14958937,0.99997741,0.972656,True,False,616,64,61768,78650,140432
2048,Gaussian_s2,489,1,1,1,0.04828108,0.00001337,0.00012200,0.16466165,0.99998663,0.973206,True,False,584,32,58832,77815,136661
2048,Gaussian_s2,490,1,1,1,0.03763670,0.00001318,0.00005940,0.15193189,0.99997307,0.973236,True,False,584,32,53395,76752,130161
2048,Gaussian_s2,491,1,1,1,0.11715769,0.00001222,0.00015822,0.15715657,0.99999058,0.976532,True,False,584,32,67271,85383,152668
2048,Gaussian_s2,492,1,1,1,0.02936791,0.00001317,0.00006513,0.15121934,0.99996745,0.973175,True,False,600,48,62506,79168,141688
2048,Gaussian_s2,493,1,1,1,0.00197197,0.00001280,0.00008307,0.16602682,0.99998523,0.973969,True,False,584,32,57075,78667,135756
2048,Gaussian_s2,494,1,1,1,0.02174326,0.00001342,0.00011582,0.15621631,0.99998305,0.972656,True,False,584,32,56933,77756,134703
2048,Gaussian_s2,495,1,1,1,0.01888077,0.00001251,0.00008881,0.15506131,0.99998370,0.975281,True,False,600,48,56255,77858,134127
2048,Gaussian_s2,496,1,1,1,0.00972511,0.00001330,0.00004568,0.15778628,0.99995926,0.972809,True,False,584,32,55052,77806,132872
2048,Gaussian_s2,497,1,1,1,0.00587161,0.00001333,0.00004685,0.15185700,0.99997256,0.973083,True,False,584,32,66986,80484,147484
2048,Gaussian_s2,498,1,1,1,0.01636795,0.00001365,0.00015632,0.15930130,0.99997973,0.972046,True,False,632,80,64257,79308,143579
2048,Gaussian_s2,499,1,1,1,0.01294990,0.00001324,0.00007401,0.17294410,0.99997882,0.973511,True,False,568,16,58661,78056,136731
2048,Gaussian_s2,500,1,1,1,0.00468846,0.00001295,0.00007442,0.15589977,0.99997941,0.973694,True,False,600,48,56687,77447,134148
2048,Gaussian_s2,501,1,1,1,0.00020894,0.00001344,0.00007068,0.15546666,0.99997572,0.972565,True,False,584,32,61505,78914,140433
2048,Gaussian_s2,502,1,1,1,0.03946581,0.00001274,0.00027791,0.16366615,0.99999104,0.976837,True,False,568,16,57757,77813,135584
2048,Gaussian_s2,503,1,1,1,0.00667457,0.00001304,0.00005081,0.16131057,0.99996837,0.973572,True,False,584,32,53446,80905,134365
2048,Gaussian_s2,504,1,1,1,0.00682719,0.00001333,0.00018458,0.17745973,0.99998941,0.972809,True,False,616,64,66398,79460,145872
2048,Gaussian_s2,505,1,1,1,0.02357087,0.00001272,0.00011232,0.14836499,0.99998710,0.974762,True,False,600,48,61169,79221,140404
2048,Gaussian_s2,506,1,1,1,0.00894263,0.00001242,0.00013754,0.15847091,0.99998123,0.975616,True,False,568,16,55591,77675,133280
2048,Gaussian_s2,507,1,1,1,0.00157443,0.00001329,0.00008776,0.15898037,0.99997605,0.972870,True,False,584,32,55560,77100,132674
2048,Gaussian_s2,508,1,1,1,0.00120182,0.00001324,0.00004949,0.15146778,0.99996875,0.972992,True,False,600,48,57097,78386,135497
2048,Gaussian_s2,509,1,1,1,0.01512868,0.00001308,0.00004865,0.15036509,0.99996941,0.973724,True,False,568,16,52978,77336,130328
2048,Gaussian_s2,510,1,1,1,0.01677805,0.00001340,0.00004606,0.15752848,0.99996626,0.972778,True,False,600,48,62667,79111,141792
2048,Gaussian_s2,511,1,1,1,0.01424203,0.00001395,0.00012852,0.17190135,0.99997590,0.971436,True,False,600,48,57971,77361,135346
2048,Gaussian_s2,512,1,1,1,0.06074832,0.00001241,0.00005898,0.14296909,0.99997916,0.975311,True,False,601,32,54806,77476,132296
2048,Gaussian_s2,513,1,1,1,0.01905988,0.00001316,0.00007498,0.16210139,0.99997943,0.973389,True,False,600,48,58132,78488,136634
2048,Gaussian_s2,514,1,1,1,0.00887381,0.00001363,0.00004348,0.15943197,0.99997542,0.972412,True,False,568,16,59729,78193,137936
2048,Gaussian_s2,515,1,1,1,0.03732973,0.00001377,0.00017247,0.16650673,0.99997720,0.971832,True,False,633,64,58396,83264,141674
2048,Gaussian_s2,516,1,1,1,0.00688539,0.00001334,0.00008910,0.15408748,0.99997379,0.973419,True,False,552,0,55176,78029,133219
2048,Gaussian_s2,517,1,1,1,0.01692934,0.00001307,0.00009630,0.15034784,0.99996863,0.973755,True,False,552,0,53351,77745,131110
2048,Gaussian_s2,518,1,1,1,0.00110087,0.00001308,0.00003033,0.14763282,0.99997100,0.973541,True,False,568,16,55332,77150,132496
2048,Gaussian_s2,519,1,1,1,0.04896606,0.00001276,0.00011303,0.14784481,0.99999053,0.974426,True,False,648,96,65023,79053,144090
2048,Gaussian_s2,520,1,1,1,0.07215145,0.00001236,0.00024008,0.15681943,0.99998947,0.976929,True,False,568,16,54132,76702,130848
2048,Gaussian_s2,521,1,1,1,0.00286293,0.00001358,0.00004972,0.16314276,0.99996399,0.972382,True,False,584,32,58541,77775,136330
2048,Gaussian_s2,522,1,1,1,0.06097221,0.00001292,0.00013108,0.16423304,0.99999062,0.975250,True,False,584,32,55324,82723,138061
2048,Gaussian_s2,523,1,1,1,0.02849363,0.00001258,0.00006124,0.14250014,0.99998509,0.974396,True,False,616,64,61983,79078,141075
2048,Gaussian_s2,524,1,1,1,0.08156796,0.00001318,0.00003948,0.15768726,0.99998231,0.973907,True,False,584,32,58528,77721,136263
2048,Gaussian_s2,525,1,1,1,0.00323662,0.00001336,0.00004549,0.14941917,0.99996357,0.972839,True,False,584,32,53328,76726,130068
2048,Gaussian_s2,526,1,1,1,0.07542771,0.00001290,0.00004344,0.15951848,0.99998946,0.974152,True,False,616,64,58486,78075,136575
2048,Gaussian_s2,527,1,1,1,0.04676964,0.00001342,0.00014222,0.16630363,0.99998530,0.973450,True,False,568,16,58384,77768,136166
2048,Gaussian_s2,528,1,1,1,0.00613304,0.00001329,0.00003908,0.15810216,0.99997511,0.973083,True,False,584,32,61014,78738,139766
2048,Gaussian_s2,529,1,1,1,0.00824323,0.00001281,0.00007815,0.15517043,0.99998552,0.973969,True,False,600,48,56839,78023,134876
2048,Gaussian_s2,530,1,1,1,0.00517971,0.00001462,0.00014423,0.15258854,0.99996563,0.970062,True,False,632,80,55695,77441,133150
2048,Gaussian_s2,531,1,1,1,0.04102565,0.00001269,0.00003176,0.15151218,0.99998346,0.974365,True,False,600,48,58126,78463,136603
2048,Gaussian_s2,532,1,1,1,0.00251911,0.00001401,0.00012818,0.16531106,0.99997291,0.971313,True,False,664,112,62887,78975,141876
2048,Gaussian_s2,533,1,1,1,0.00703012,0.00001276,0.00003077,0.15734140,0.99997541,0.974152,True,False,568,16,56993,78969,135976
2048,Gaussian_s2,534,1,1,1,0.03875234,0.00001475,0.00018250,0.16112435,0.99996935,0.969788,True,False,600,48,57689,77544,135247
2048,Gaussian_s2,535,1,1,1,0.05057555,0.00001307,0.00008020,0.16262411,0.99997896,0.974060,True,False,584,32,57114,82306,139434
2048,Gaussian_s2,536,1,1,1,0.18051857,0.00009433,0.09553793,0.17626399,0.96790292,0.978607,True,False,584,32,65466,80183,145663
2048,Gaussian_s2,537,1,1,1,0.14154822,0.00001214,0.00072607,0.13674616,0.99999418,0.980438,True,False,552,0,58486,78317,136817
2048,Gaussian_s2,538,1,1,1,0.01882140,0.00001361,0.00004700,0.15695418,0.99997283,0.972565,True,False,568,16,50753,76759,127526
2048,Gaussian_s2,539,1,1,1,0.00215142,0.00001431,0.00009126,0.14885314,0.99995147,0.970703,True,False,616,64,56737,77550,134301
2048,Gaussian_s2,540,1,1,1,0.09168834,0.00001343,0.00011304,0.16775092,0.99998556,0.972626,True,False,600,48,55667,76640,132321
2048,Gaussian_s2,541,1,1,1,0.05001539,0.00001454,0.00041420,0.14919706,0.99998314,0.970245,True,False,648,96,64975,79905,144894
2048,Gaussian_s2,542,1,1,1,0.03709823,0.00001279,0.00013018,0.15737552,0.99998528,0.974823,True,False,568,16,55527,77128,132669
2048,Gaussian_s2,543,1,1,1,0.03465566,0.00001250,0.00012385,0.15013527,0.99998358,0.975281,True,False,568,16,55792,132643,188449
2048,Gaussian_s2,544,1,1,1,0.01868440,0.00001240,0.00008227,0.15474249,0.99998352,0.975372,True,False,568,16,56507,77533,134054
2048,Gaussian_s2,545,1,1,1,0.02275351,0.00001370,0.00003995,0.16681190,0.99996734,0.972137,True,False,600,48,61015,79091,140120
2048,Gaussian_s2,546,1,1,1,0.00227892,0.00001307,0.00004140,0.15508581,0.99996844,0.973572,True,False,584,32,60264,78686,138964
2048,Gaussian_s2,547,1,1,1,0.07144012,0.00001371,0.00025566,0.16442253,0.99998595,0.971954,True,False,616,64,52902,76686,129602
2048,Gaussian_s2,548,1,1,1,0.03562648,0.00001259,0.00010817,0.14792387,0.99998190,0.974457,True,False,600,48,58345,77812,136171
2048,Gaussian_s2,549,1,1,1,0.00295775,0.00001419,0.00008940,0.17235789,0.99996814,0.970947,True,False,600,48,60706,78049,138769
2048,Gaussian_s2,550,1,1,1,0.01892355,0.00001344,0.00004674,0.15497201,0.99997593,0.972626,True,False,600,48,62365,78596,140975
2048,Gaussian_s2,551,1,1,1,0.00181858,0.00001365,0.00015806,0.17103164,0.99998748,0.972137,True,False,632,80,65029,79422,144465
2048,Gaussian_s2,552,1,1,1,0.02024901,0.00001349,0.00003081,0.15460332,0.99996790,0.972809,True,False,568,16,55861,77990,133865
2048,Gaussian_s2,553,1,1,1,0.10710309,0.00001178,0.00005998,0.14871308,0.99999103,0.976929,True,False,584,32,56206,77885,134105
2048,Gaussian_s2,554,1,1,1,0.00095206,0.00001317,0.00004125,0.15519755,0.99997311,0.973297,True,False,568,16,63000,78731,141745
2048,Gaussian_s2,555,1,1,1,0.09117375,0.00001422,0.00029216,0.15898869,0.99998471,0.970886,True,False,616,64,58577,78022,136613
2048,Gaussian_s2,556,1,1,1,0.00837588,0.00001417,0.00007517,0.15847689,0.99995229,0.971008,True,False,616,64,56241,77417,133672
2048,Gaussian_s2,557,1,1,1,0.00960762,0.00001308,0.00005252,0.15683783,0.99996742,0.973633,True,False,568,16,62529,78093,140636
2048,Gaussian_s2,558,1,1,1,0.00510030,0.00001338,0.00006801,0.15659146,0.99997872,0.972656,True,False,616,64,61893,82010,143917
2048,Gaussian_s2,559,1,1,1,0.07886177,0.00001221,0.00028336,0.15697622,0.99999131,0.978058,True,False,568,16,61617,79284,140915
2048,Gaussian_s2,560,1,1,1,0.10823297,0.00001198,0.00008373,0.13947405,0.99999254,0.976929,True,False,568,16,53991,77100,131105
2048,Gaussian_s2,561,1,1,1,0.05135309,0.00001311,0.00009724,0.14625756,0.99997802,0.973419,True,False,600,48,58346,76969,135329
2048,Gaussian_s2,562,1,1,1,0.04322705,0.00001281,0.00004142,0.14776156,0.99997383,0.974365,True,False,600,48,55237,77239,132490
2048,Gaussian_s2,563,1,1,1,0.01846574,0.00001343,0.00005132,0.16107530,0.99996601,0.972687,True,False,584,32,61738,78730,140482
2048,Gaussian_s2,564,1,1,1,0.00551169,0.00001410,0.00005910,0.16094169,0.99996206,0.971130,True,False,600,48,57693,78764,136471
2048,Gaussian_s2,565,1,1,1,0.00606864,0.00001308,0.00007817,0.15536140,0.99997947,0.973724,True,False,600,48,56138,78654,134806
2048,Gaussian_s2,566,1,1,1,0.01838164,0.00001302,0.00005421,0.16295156,0.99997765,0.973877,True,False,584,32,56780,77344,134138
2048,Gaussian_s2,567,1,1,1,0.00365069,0.00001379,0.00003283,0.14761498,0.99994863,0.971832,True,False,568,16,64761,80491,145266
2048,Gaussian_s2,568,1,1,1,0.00276739,0.00001381,0.00005593,0.15820811,0.99996260,0.971771,True,False,568,16,58623,78781,137418
2048,Gaussian_s2,569,1,1,1,0.02838514,0.00001526,0.00022697,0.16105091,0.99996842,0.968750,True,False,632,80,55012,77712,132738
2048,Gaussian_s2,570,1,1,1,0.02222370,0.00001400,0.00010921,0.16251574,0.99997772,0.971344,True,False,584,32,58379,77857,136250
2048,Gaussian_s2,571,1,1,1,0.00018539,0.00001332,0.00005404,0.15392793,0.99996428,0.972900,True,False,584,32,57066,77164,134244
2048,Gaussian_s2,572,1,1,1,0.07579603,0.00001231,0.00020778,0.16011551,0.99999037,0.977020,True,False,584,32,61434,79379,140827
2048,Gaussian_s2,573,1,1,1,0.00315760,0.00001313,0.00009722,0.17557591,0.99998597,0.973999,True,False,600,48,55327,78829,134170
2048,Gaussian_s2,574,1,1,1,0.03330865,0.00001371,0.00008034,0.15227394,0.99996958,0.972046,True,False,584,32,56365,77609,133988
2048,Gaussian_s2,575,1,1,1,0.01049275,0.00001437,0.00022563,0.15709160,0.99997720,0.970581,True,False,616,64,55736,77145,132895
2048,Gaussian_s2,576,1,1,1,0.00666318,0.00001345,0.00006014,0.14944708,0.99996868,0.972748,True,False,600,48,65341,80271,145626
2048,Gaussian_s2,577,1,1,1,0.02035021,0.00001327,0.00013080,0.16163583,0.99998107,0.972900,True,False,600,48,57518,78267,135799
2048,Gaussian_s2,578,1,1,1,0.03109560,0.00001315,0.00006732,0.15647941,0.99997706,0.973389,True,False,568,16,57263,81492,138769
2048,Gaussian_s2,579,1,1,1,0.03819358,0.00001257,0.00006577,0.14883623,0.99998361,0.974945,True,False,600,48,75539,85101,160654
2048,Gaussian_s2,580,1,1,1,0.00502321,0.00001356,0.00008825,0.17797891,0.99997156,0.972229,True,False,568,16,62685,78991,141690
2048,Gaussian_s2,581,1,1,1,0.06367083,0.00001298,0.00022664,0.15400126,0.99998785,0.973480,True,False,632,80,65924,79482,145420
2048,Gaussian_s2,582,1,1,1,0.07766527,0.00001319,0.00024546,0.16525664,0.99998714,0.975525,True,False,552,0,57309,83331,140654
2048,Gaussian_s2,583,1,1,1,0.07222102,0.00001426,0.00033480,0.15189492,0.99998158,0.970856,True,False,633,64,57619,77964,135597
2048,Gaussian_s2,584,1,1,1,0.00877621,0.00001357,0.00011027,0.15413274,0.99997363,0.972229,True,False,584,32,55744,77527,133285
2048,Gaussian_s2,585,1,1,1,0.01549631,0.00001437,0.00010915,0.16189276,0.99996502,0.970581,True,False,632,80,61739,78799,140552
2048,Gaussian_s2,586,1,1,1,0.00867787,0.00001340,0.00005816,0.14188527,0.99996050,0.972595,True,False,585,16,57309,78009,135332
2048,Gaussian_s2,587,1,1,1,0.02872696,0.00001364,0.00012517,0.16334481,0.99998161,0.972290,True,False,568,16,55977,77906,133897
2048,Gaussian_s2,588,1,1,1,0.02427265,0.00001219,0.00009007,0.15189340,0.99998421,0.976013,True,False,584,32,57736,78244,135994
2048,Gaussian_s2,589,1,1,1,0.02066787,0.00001342,0.00005650,0.15294016,0.99996410,0.972748,True,False,600,48,62343,78899,141256
2048,Gaussian_s2,590,1,1,1,0.19756071,0.00009014,0.09334826,0.16188943,0.97395087,0.975555,True,False,600,48,58678,77866,136558
2048,Gaussian_s2,591,1,1,1,0.00052956,0.00001357,0.00004084,0.14740232,0.99995663,0.972351,True,False,600,48,53440,77121,130575
2048,Gaussian_s2,592,1,1,1,0.01201766,0.00001227,0.00008190,0.14582347,0.99998265,0.975708,True,False,584,32,57634,77644,135292
2048,Gaussian_s2,593,1,1,1,0.03676197,0.00001267,0.00004743,0.15742051,0.99997804,0.974579,True,False,584,32,56135,77308,133457
2048,Gaussian_s2,594,1,1,1,0.00971076,0.00001301,0.00005182,0.15398840,0.99997104,0.973938,True,False,552,0,62559,79262,141835
2048,Gaussian_s2,595,1,1,1,0.00794175,0.00001312,0.00003156,0.15211604,0.99996692,0.973267,True,False,584,32,55948,81114,137076
2048,Gaussian_s2,596,1,1,1,0.13248017,0.00001172,0.00006372,0.14198525,0.99999264,0.977264,True,False,584,32,55480,102940,158434
2048,Gaussian_s2,597,1,1,1,0.03491047,0.00001321,0.00007544,0.16026737,0.99997798,0.973206,True,False,600,48,56242,78139,134395
2048,Gaussian_s2,598,1,1,1,0.00040997,0.00001361,0.00004898,0.15883403,0.99996270,0.972260,True,False,584,32,66787,81189,147990
2048,Gaussian_s2,599,1,1,1,0.00316364,0.00001328,0.00007065,0.16595621,0.99998374,0.973541,True,False,568,16,56327,77724,134065
2048,Dominant,600,1,1,1,0.42938104,0.00001380,0.00371882,0.01989999,0.99999841,0.981384,True,False,616,64,59101,78460,137575
2048,Dominant,601,1,1,1,0.43551877,0.00001439,0.00327876,0.02286185,0.99999835,0.978668,True,False,584,32,59724,78648,138386
2048,Dominant,602,1,1,1,0.42653552,0.00001427,0.00107586,0.02779746,0.99999844,0.973755,True,False,632,80,57298,78063,135375
2048,Dominant,603,1,1,1,0.42956892,0.00001406,0.00548446,0.01633374,0.99999838,0.984924,True,False,552,0,63833,79300,143147
2048,Dominant,604,1,1,1,0.42233649,0.00001353,0.00320616,0.02028117,0.99999850,0.981049,True,False,616,64,65108,79831,144953
2048,Dominant,605,1,1,1,0.42931381,0.00001373,0.00329855,0.02072822,0.99999834,0.980530,True,False,584,32,58041,77451,135506
2048,Dominant,606,1,1,1,0.43091488,0.00001357,0.00126734,0.02515034,0.99999857,0.976288,True,False,600,48,65542,80044,145600
2048,Dominant,607,1,1,1,0.43202901,0.00001467,0.00451556,0.02037135,0.99999837,0.981049,True,False,568,16,62542,78382,140938
2048,Dominant,608,1,1,1,0.42576993,0.00001520,0.00272858,0.02621273,0.99999816,0.975372,True,False,584,32,54780,76972,131766
2048,Dominant,609,1,1,1,0.42511860,0.00001410,0.00258616,0.02392627,0.99999817,0.977448,True,False,600,48,55026,77345,132385
2048,Dominant,610,1,1,1,0.43434608,0.00001355,0.00048789,0.02733171,0.99999854,0.974213,True,False,600,48,55627,77459,133100
2048,Dominant,611,1,1,1,0.43235043,0.00001389,0.00074512,0.02738282,0.99999853,0.974121,True,False,632,80,62949,78772,141735
2048,Dominant,612,1,1,1,0.42977118,0.00001380,0.00458014,0.01772406,0.99999838,0.983521,True,False,568,16,60803,79949,140766
2048,Dominant,613,1,1,1,0.42537209,0.00001434,0.00449944,0.01912993,0.99999834,0.982208,True,False,600,48,56587,78236,134837
2048,Dominant,614,1,1,1,0.43047854,0.00001376,0.00091088,0.02655378,0.99999856,0.974945,True,False,616,64,57818,78263,136095
2048,Dominant,615,1,1,1,0.42679983,0.00001402,0.00306922,0.02225329,0.99999821,0.979187,True,False,600,48,56109,78771,134894
2048,Dominant,616,1,1,1,0.42979565,0.00001345,0.00299850,0.02061155,0.99999850,0.980652,True,False,616,64,65396,79629,145039
2048,Dominant,617,1,1,1,0.43419275,0.00001472,0.00518760,0.01861166,0.99999825,0.982880,True,False,568,16,55651,77595,133260
2048,Dominant,618,1,1,1,0.42737857,0.00001447,0.00148296,0.02732358,0.99999839,0.974152,True,False,600,48,58400,78052,136466
2048,Dominant,619,1,1,1,0.42643857,0.00001412,0.00102049,0.02743634,0.99999848,0.974060,True,False,568,16,55208,79921,135143
2048,Dominant,620,1,1,1,0.42955509,0.00001361,0.00397259,0.01877214,0.99999863,0.982483,True,False,600,48,62662,78575,141251
2048,Dominant,621,1,1,1,0.42940930,0.00001411,0.00118846,0.02679983,0.99999844,0.974762,True,False,616,64,56860,77392,134266
2048,Dominant,622,1,1,1,0.42720997,0.00001402,0.00299484,0.02217159,0.99999832,0.979309,True,False,584,32,56792,77816,134622
2048,Dominant,623,1,1,1,0.42841640,0.00001342,0.00438187,0.01729498,0.99999839,0.983917,True,False,584,32,53577,77661,131252
2048,Dominant,624,1,1,1,0.42603314,0.00001423,0.00420356,0.01985029,0.99999836,0.981506,True,False,617,48,57665,81581,139260
2048,Dominant,625,1,1,1,0.42561805,0.00001394,0.00175032,0.02533472,0.99999843,0.976135,True,False,616,64,62856,78609,141479
2048,Dominant,626,1,1,1,0.42356798,0.00001390,0.00130117,0.02610816,0.99999848,0.975342,True,False,600,48,55787,77648,133449
2048,Dominant,627,1,1,1,0.42232996,0.00001393,0.00425032,0.01890274,0.99999846,0.982391,True,False,584,32,59029,78292,137335
2048,Dominant,628,1,1,1,0.42378175,0.00001383,0.00108698,0.02639449,0.99999847,0.975067,True,False,632,80,54170,77750,131934
2048,Dominant,629,1,1,1,0.42606902,0.00001463,0.00248924,0.02549082,0.99999825,0.976013,True,False,585,16,62034,79201,141249
2048,Dominant,630,1,1,1,0.42988482,0.00001349,0.00419107,0.01808485,0.99999846,0.983154,True,False,600,48,56222,78141,134377
2048,Dominant,631,1,1,1,0.43377358,0.00001429,0.00255555,0.02420037,0.99999833,0.977295,True,False,600,48,64562,79664,144240
2048,Dominant,632,1,1,1,0.43254137,0.00001376,0.00192705,0.02442492,0.99999853,0.977020,True,False,633,64,58053,78328,136395
2048,Dominant,633,1,1,1,0.42625254,0.00001510,0.00221390,0.02730762,0.99999819,0.974243,True,False,616,64,56640,77471,134125
2048,Dominant,634,1,1,1,0.42619354,0.00001489,0.00236490,0.02641475,0.99999811,0.975159,True,False,600,48,60171,78774,138959
2048,Dominant,635,1,1,1,0.42867890,0.00001364,0.00463569,0.01662625,0.99999845,0.984650,True,False,584,32,60134,78806,138954
2048,Dominant,636,1,1,1,0.43188226,0.00001450,0.00481573,0.01936894,0.99999839,0.982025,True,False,584,32,59443,78491,137948
2048,Dominant,637,1,1,1,0.42722636,0.00001416,0.00374186,0.02092177,0.99999818,0.980499,True,False,600,48,65703,79985,145702
2048,Dominant,638,1,1,1,0.43094894,0.00001360,0.00074688,0.02640942,0.99999850,0.975037,True,False,600,48,64859,79821,144694
2048,Dominant,639,1,1,1,0.43185186,0.00001377,0.00530359,0.01596554,0.99999848,0.985229,True,False,568,16,55263,77758,133035
2048,Dominant,640,1,1,1,0.42697948,0.00001463,0.00191259,0.02679864,0.99999836,0.974731,True,False,632,80,57280,77997,135291
2048,Dominant,641,1,1,1,0.42700768,0.00001490,0.00173172,0.02773692,0.99999827,0.973907,True,False,584,32,56089,82202,138305
2048,Dominant,642,1,1,1,0.42944252,0.00001377,0.00112438,0.02628182,0.99999846,0.975220,True,False,584,32,62849,79100,141963
2048,Dominant,643,1,1,1,0.43115237,0.00001411,0.00402036,0.02005994,0.99999851,0.981323,True,False,600,48,57307,77635,134956
2048,Dominant,644,1,1,1,0.42935017,0.00001385,0.00524533,0.01584207,0.99999821,0.985352,True,False,568,16,57283,78280,135577
2048,Dominant,645,1,1,1,0.42906719,0.00001335,0.00223324,0.02237078,0.99999857,0.978973,True,False,584,32,54412,76701,131127
2048,Dominant,646,1,1,1,0.41754308,0.00001356,0.00086695,0.02598667,0.99999848,0.975372,True,False,568,16,57121,77645,134780
2048,Dominant,647,1,1,1,0.43163037,0.00001381,0.00351092,0.02072486,0.99999850,0.980591,True,False,584,32,62640,78752,141406
2048,Dominant,648,1,1,1,0.42622906,0.00001425,0.00315252,0.02227655,0.99999818,0.979218,True,False,600,48,60562,78148,138724
2048,Dominant,649,1,1,1,0.42866850,0.00001343,0.00357953,0.01932159,0.99999844,0.981934,True,False,568,16,60039,79460,139513
2048,Dominant,650,1,1,1,0.42724723,0.00001350,0.00515473,0.01513093,0.99999826,0.986053,True,False,568,16,55060,77086,132160
2048,Dominant,651,1,1,1,0.43261105,0.00001361,0.00240844,0.02281369,0.99999852,0.978516,True,False,600,48,63239,78502,141755
2048,Dominant,652,1,1,1,0.42889884,0.00001436,0.00035721,0.02941446,0.99999840,0.972229,True,False,632,80,55787,77166,132967
2048,Dominant,653,1,1,1,0.42735314,0.00001445,0.00233197,0.02516730,0.99999822,0.976410,True,False,568,16,56086,77944,134044
2048,Dominant,654,1,1,1,0.42355165,0.00001438,0.00366780,0.02188017,0.99999835,0.979492,True,False,584,32,62755,79127,141896
2048,Dominant,655,1,1,1,0.43404433,0.00001429,0.00265190,0.02393516,0.99999837,0.977478,True,False,600,48,58513,77490,136017
2048,Dominant,656,1,1,1,0.43390071,0.00001368,0.00148138,0.02519969,0.99999832,0.976318,True,False,616,64,64300,79302,143616
2048,Dominant,657,1,1,1,0.43003395,0.00001316,0.00178325,0.02316778,0.99999863,0.978180,True,False,600,48,63779,79336,143129
2048,Dominant,658,1,1,1,0.42354381,0.00001416,0.00379720,0.02085149,0.99999833,0.980499,True,False,600,48,57477,77618,135109
2048,Dominant,659,1,1,1,0.42699516,0.00001434,0.00250787,0.02417523,0.99999827,0.977386,True,False,584,32,56799,77444,134257
2048,Dominant,660,1,1,1,0.43277383,0.00001450,0.00343403,0.02243401,0.99999815,0.979034,True,False,648,96,62504,83530,146048
2048,Dominant,661,1,1,1,0.42791516,0.00001483,0.00115967,0.02874262,0.99999831,0.972931,True,False,584,32,55902,77472,133388
2048,Dominant,662,1,1,1,0.43452713,0.00001445,0.00524843,0.01803131,0.99999834,0.983398,True,False,584,32,57888,77635,135537
2048,Dominant,663,1,1,1,0.43544334,0.00001384,0.00161478,0.02523063,0.99999871,0.976257,True,False,616,64,54135,77563,131712
2048,Dominant,664,1,1,1,0.42855370,0.00001382,0.00531065,0.01551715,0.99999844,0.985718,True,False,552,0,62851,78743,141608
2048,Dominant,665,1,1,1,0.42832300,0.00001341,0.00291771,0.02069799,0.99999845,0.980591,True,False,600,48,56704,77631,134349
2048,Dominant,666,1,1,1,0.43110880,0.00001314,0.00217175,0.02197062,0.99999860,0.979340,True,False,600,48,57869,78102,135985
2048,Dominant,667,1,1,1,0.42549336,0.00001413,0.00199753,0.02523502,0.99999844,0.976227,True,False,616,64,57827,84465,142306
2048,Dominant,668,1,1,1,0.43212140,0.00001389,0.00295874,0.02223153,0.99999842,0.979156,True,False,584,32,66622,79541,146177
2048,Dominant,669,1,1,1,0.42845082,0.00001372,0.00526175,0.01558475,0.99999846,0.985657,True,False,585,16,64382,79553,143949
2048,Dominant,670,1,1,1,0.42713153,0.00001438,0.00221819,0.02517947,0.99999830,0.976288,True,False,617,48,58772,77727,136513
2048,Dominant,671,1,1,1,0.42699826,0.00001331,0.00455001,0.01652558,0.99999813,0.984619,True,False,568,16,62811,78339,141164
2048,Dominant,672,1,1,1,0.42605758,0.00001444,0.00179869,0.02662545,0.99999833,0.974945,True,False,600,48,58775,78701,137490
2048,Dominant,673,1,1,1,0.42798996,0.00001330,0.00392208,0.01779843,0.99999872,0.983368,True,False,584,32,63186,79976,143176
2048,Dominant,674,1,1,1,0.43079898,0.00001386,0.00312284,0.02162912,0.99999855,0.979675,True,False,584,32,54310,77844,132168
2048,Dominant,675,1,1,1,0.42842889,0.00001411,0.00125489,0.02679927,0.99999844,0.974792,True,False,584,32,59206,78396,137616
2048,Dominant,676,1,1,1,0.43228731,0.00001441,0.00434899,0.02019761,0.99999817,0.981171,True,False,584,32,55200,77538,132752
2048,Dominant,677,1,1,1,0.42857188,0.00001417,0.00163242,0.02596134,0.99999835,0.975647,True,False,600,48,58972,109770,168756
2048,Dominant,678,1,1,1,0.42693684,0.00001357,0.00497738,0.01620243,0.99999858,0.984985,True,False,600,48,63654,80556,144224
2048,Dominant,679,1,1,1,0.42949879,0.00001448,0.00039777,0.02949763,0.99999835,0.972137,True,False,616,64,58574,77759,136347
2048,Dominant,680,1,1,1,0.42796996,0.00001350,0.00421652,0.01777803,0.99999842,0.983459,True,False,584,32,56486,77134,133634
2048,Dominant,681,1,1,1,0.43302608,0.00001356,0.00422037,0.01833942,0.99999843,0.983002,True,False,584,32,55784,77645,133443
2048,Dominant,682,1,1,1,0.42905286,0.00001391,0.00322446,0.02101575,0.99999846,0.980286,True,False,616,64,61243,78098,139355
2048,Dominant,683,1,1,1,0.42658463,0.00001359,0.00508532,0.01545768,0.99999804,0.985718,True,False,568,16,55408,77669,133091
2048,Dominant,684,1,1,1,0.42759979,0.00001350,0.00507605,0.01531685,0.99999836,0.985870,True,False,568,16,57679,81943,139636
2048,Dominant,685,1,1,1,0.43392962,0.00001415,0.00438341,0.01902040,0.99999818,0.982330,True,False,568,16,62942,79396,142352
2048,Dominant,686,1,1,1,0.42839125,0.00001360,0.00504643,0.01599913,0.99999847,0.985168,True,False,584,32,61243,78282,139539
2048,Dominant,687,1,1,1,0.42573440,0.00001357,0.00047511,0.02723310,0.99999853,0.974213,True,False,600,48,56721,77558,134293
2048,Dominant,688,1,1,1,0.42744577,0.00001368,0.00455835,0.01750950,0.99999853,0.983704,True,False,584,32,57206,77403,134623
2048,Dominant,689,1,1,1,0.43276855,0.00001417,0.00169966,0.02594248,0.99999843,0.975586,True,False,600,48,56286,77639,133939
2048,Dominant,690,1,1,1,0.42436174,0.00001413,0.00258231,0.02377990,0.99999832,0.977661,True,False,616,64,61038,78467,139519
2048,Dominant,691,1,1,1,0.42847466,0.00001438,0.00117826,0.02752173,0.99999817,0.974091,True,False,616,64,63031,78540,141585
2048,Dominant,692,1,1,1,0.43170491,0.00001390,0.00343651,0.02102766,0.99999858,0.980316,True,False,600,48,57163,78209,135386
2048,Dominant,693,1,1,1,0.43037128,0.00001355,0.00352097,0.01990622,0.99999850,0.981384,True,False,600,48,59256,78381,137651
2048,Dominant,694,1,1,1,0.43321201,0.00001402,0.00281179,0.02282408,0.99999836,0.978546,True,False,568,16,65317,79639,144970
2048,Dominant,695,1,1,1,0.42997384,0.00001318,0.00242394,0.02139468,0.99999850,0.979919,True,False,616,64,66436,80857,147307
2048,Dominant,696,1,1,1,0.42677453,0.00001468,0.00126442,0.02828413,0.99999827,0.973267,True,False,616,64,59195,77960,137169
2048,Dominant,697,1,1,1,0.42725530,0.00001339,0.00392538,0.01820502,0.99999854,0.982971,True,False,600,48,57224,78029,135267
2048,Dominant,698,1,1,1,0.42881414,0.00001338,0.00392085,0.01831981,0.99999845,0.982880,True,False,568,16,55797,77929,133740
2048,Dominant,699,1,1,1,0.42679057,0.00001384,0.00362927,0.02001056,0.99999852,0.981354,True,False,584,32,56706,78388,135108
2048,Dominant,700,1,1,1,0.42788535,0.00001434,0.00314173,0.02288514,0.99999830,0.978577,True,False,584,32,64044,80304,144362
2048,Dominant,701,1,1,1,0.42907274,0.00001330,0.00292924,0.02037996,0.99999853,0.980835,True,False,616,64,62599,78032,140645
2048,Dominant,702,1,1,1,0.43324646,0.00001364,0.00228974,0.02311347,0.99999847,0.978271,True,False,584,32,58349,78292,136655
2048,Dominant,703,1,1,1,0.43210128,0.00001377,0.00291729,0.02183345,0.99999862,0.979492,True,False,584,32,56801,77734,134549
2048,Dominant,704,1,1,1,0.42719829,0.00001504,0.00141889,0.02885676,0.99999828,0.972717,True,False,600,48,70197,82242,152453
2048,Dominant,705,1,1,1,0.43131673,0.00001444,0.00468069,0.01914879,0.99999829,0.982208,True,False,584,32,59116,79030,138160
2048,Dominant,706,1,1,1,0.42915303,0.00001392,0.00425282,0.01865021,0.99999852,0.982635,True,False,617,48,57402,78227,135643
2048,Dominant,707,1,1,1,0.42862579,0.00001433,0.00029647,0.02976173,0.99999846,0.971863,True,False,616,64,56149,77904,134067
2048,Dominant,708,1,1,1,0.42917180,0.00001348,0.00499767,0.01595276,0.99999847,0.985229,True,False,568,16,64103,79000,143117
2048,Dominant,709,1,1,1,0.43030250,0.00001419,0.00548229,0.01635391,0.99999819,0.984985,True,False,552,0,54704,77769,132487
2048,Dominant,710,1,1,1,0.43272343,0.00001431,0.00552905,0.01692222,0.99999842,0.984467,True,False,552,0,65361,79540,144915
2048,Dominant,711,1,1,1,0.42840311,0.00001360,0.00408819,0.01809498,0.99999847,0.983124,True,False,584,32,55264,77892,133170
2048,Dominant,712,1,1,1,0.42700255,0.00001350,0.00497225,0.01543121,0.99999841,0.985687,True,False,568,16,58743,78293,137050
2048,Dominant,713,1,1,1,0.42721850,0.00001499,0.00112414,0.02949315,0.99999825,0.972137,True,False,584,32,64382,79103,143499
2048,Dominant,714,1,1,1,0.42757249,0.00001421,0.00150323,0.02623622,0.99999843,0.975281,True,False,568,16,53437,77199,130650
2048,Dominant,715,1,1,1,0.42699701,0.00001486,0.00177377,0.02752318,0.99999825,0.974060,True,False,584,32,60217,78225,138456
2048,Dominant,716,1,1,1,0.43200588,0.00001378,0.00221917,0.02362248,0.99999843,0.977753,True,False,600,48,54961,78104,133079
2048,Dominant,717,1,1,1,0.43410420,0.00001423,0.00405455,0.02033847,0.99999832,0.981140,True,False,584,32,66195,80202,146411
2048,Dominant,718,1,1,1,0.42667088,0.00001335,0.00527355,0.01418357,0.99999850,0.986938,True,False,552,0,57217,78122,135353
2048,Dominant,719,1,1,1,0.43140605,0.00001330,0.00202641,0.02268255,0.99999868,0.978668,True,False,600,48,58173,78273,136460
2048,Dominant,720,1,1,1,0.43122068,0.00001369,0.00065675,0.02683545,0.99999855,0.974609,True,False,632,80,61605,78176,139795
2048,Dominant,721,1,1,1,0.43161049,0.00001397,0.00276843,0.02273891,0.99999839,0.978607,True,False,616,64,58475,77535,136024
2048,Dominant,722,1,1,1,0.42454636,0.00001367,0.00126758,0.02555652,0.99999847,0.975830,True,False,584,32,59363,79003,138380
2048,Dominant,723,1,1,1,0.43162140,0.00001298,0.00071242,0.02498576,0.99999865,0.976349,True,False,632,80,59350,77814,137178
2048,Dominant,724,1,1,1,0.42928472,0.00001360,0.00082770,0.02637996,0.99999853,0.975159,True,False,632,80,56444,77605,134063
2048,Dominant,725,1,1,1,0.42759311,0.00001488,0.00105464,0.02930174,0.99999823,0.972351,True,False,616,64,56890,78048,134952
2048,Dominant,726,1,1,1,0.42620692,0.00001423,0.00482416,0.01814216,0.99999829,0.983246,True,False,584,32,63820,79118,142952
2048,Dominant,727,1,1,1,0.42896169,0.00001337,0.00264353,0.02136553,0.99999860,0.979950,True,False,600,48,56975,77967,134956
2048,Dominant,728,1,1,1,0.42622235,0.00001442,0.00303710,0.02329998,0.99999829,0.978149,True,False,584,32,57784,77694,135492
2048,Dominant,729,1,1,1,0.42989153,0.00001377,0.00479531,0.01721338,0.99999849,0.984070,True,False,585,16,56641,79660,136315
2048,Dominant,730,1,1,1,0.42286325,0.00001367,0.00200745,0.02370228,0.99999854,0.977631,True,False,616,64,60925,78783,139722
2048,Dominant,731,1,1,1,0.42388242,0.00001369,0.00046998,0.02763311,0.99999837,0.973724,True,False,616,64,56251,77905,134170
2048,Dominant,732,1,1,1,0.42852336,0.00001407,0.00198433,0.02489937,0.99999841,0.976624,True,False,600,48,57314,77829,135157
2048,Dominant,733,1,1,1,0.43101183,0.00001404,0.00461870,0.01833693,0.99999850,0.983002,True,False,584,32,54381,77629,132024
2048,Dominant,734,1,1,1,0.43084663,0.00001415,0.00475493,0.01833115,0.99999835,0.982971,True,False,600,48,60340,78922,139276
2048,Dominant,735,1,1,1,0.42564741,0.00001429,0.00547460,0.01699069,0.99999842,0.984283,True,False,552,0,65259,79723,144996
2048,Dominant,736,1,1,1,0.42699018,0.00001494,0.00071326,0.03017293,0.99999826,0.971497,True,False,616,64,55289,77908,133211
2048,Dominant,737,1,1,1,0.42738253,0.00001410,0.00196761,0.02491479,0.99999844,0.976532,True,False,616,64,58736,78190,136940
2048,Dominant,738,1,1,1,0.42419437,0.00001413,0.00296327,0.02273622,0.99999826,0.978668,True,False,584,32,55275,77031,132320
2048,Dominant,739,1,1,1,0.42395738,0.00001412,0.00350484,0.02171963,0.99999830,0.979645,True,False,600,48,67709,79309,147032
2048,Dominant,740,1,1,1,0.42748979,0.00001393,0.00552133,0.01569766,0.99999844,0.985565,True,False,552,0,55294,77832,133140
2048,Dominant,741,1,1,1,0.42537910,0.00001450,0.00266147,0.02462424,0.99999845,0.976868,True,False,600,48,58289,77980,136283
2048,Dominant,742,1,1,1,0.43327865,0.00001391,0.00390470,0.01957188,0.99999850,0.981812,True,False,600,48,56411,77344,133769
2048,Dominant,743,1,1,1,0.43174118,0.00001415,0.00498676,0.01813589,0.99999839,0.983154,True,False,584,32,58406,78439,136859
2048,Dominant,744,1,1,1,0.42416474,0.00001343,0.00091740,0.02570994,0.99999846,0.975708,True,False,616,64,62706,78287,141007
2048,Dominant,745,1,1,1,0.43307000,0.00001415,0.00496849,0.01778325,0.99999831,0.983551,True,False,584,32,58709,78028,136751
2048,Dominant,746,1,1,1,0.42540878,0.00001435,0.00290585,0.02393553,0.99999830,0.977478,True,False,568,16,55578,77703,133295
2048,Dominant,747,1,1,1,0.42948824,0.00001397,0.00519842,0.01671300,0.99999844,0.984589,True,False,568,16,56429,77950,134393
2048,Dominant,748,1,1,1,0.42816877,0.00001468,0.00102717,0.02861815,0.99999832,0.973053,True,False,584,32,66611,80280,146905
2048,Dominant,749,1,1,1,0.43137950,0.00001337,0.00217602,0.02253606,0.99999859,0.978790,True,False,584,32,56129,78255,134398
2048,Dominant,750,1,1,1,0.42829743,0.00001388,0.00538433,0.01576176,0.99999846,0.985443,True,False,552,0,61003,77752,138769
2048,Dominant,751,1,1,1,0.42866996,0.00001416,0.00229552,0.02442732,0.99999833,0.977081,True,False,600,48,55677,77967,133658
2048,Dominant,752,1,1,1,0.42992023,0.00001386,0.00266024,0.02259199,0.99999841,0.978760,True,False,616,64,56912,77366,134292
2048,Dominant,753,1,1,1,0.43193787,0.00001316,0.00125140,0.02402567,0.99999849,0.977356,True,False,616,64,60906,78797,139717
2048,Dominant,754,1,1,1,0.43365794,0.00001396,0.00224355,0.02410711,0.99999844,0.977356,True,False,584,32,56434,77400,133848
2048,Dominant,755,1,1,1,0.42630395,0.00001489,0.00243706,0.02608109,0.99999803,0.975525,True,False,584,32,58775,78614,137403
2048,Dominant,756,1,1,1,0.43376204,0.00001387,0.00119352,0.02628703,0.99999848,0.975281,True,False,584,32,72961,91184,164159
2048,Dominant,757,1,1,1,0.42458877,0.00001393,0.00192654,0.02478696,0.99999822,0.976624,True,False,616,64,64141,79555,143710
2048,Dominant,758,1,1,1,0.42274621,0.00001414,0.00359112,0.02104529,0.99999821,0.980347,True,False,584,32,57573,79248,136835
2048,Dominant,759,1,1,1,0.41980964,0.00001355,0.00497377,0.01603296,0.99999837,0.985138,True,False,568,16,58016,78108,136138
2048,Dominant,760,1,1,1,0.42877120,0.00001387,0.00057676,0.02779100,0.99999853,0.973785,True,False,600,48,55363,78776,134153
2048,Dominant,761,1,1,1,0.42690125,0.00001364,0.00531948,0.01554110,0.99999844,0.985626,True,False,552,0,65369,80223,145606
2048,Dominant,762,1,1,1,0.43088219,0.00001401,0.00316316,0.02197877,0.99999840,0.979401,True,False,568,16,62348,78911,141273
2048,Dominant,763,1,1,1,0.42592201,0.00001469,0.00284970,0.02459856,0.99999802,0.976929,True,False,584,32,65509,79173,144696
2048,Dominant,764,1,1,1,0.42890576,0.00001407,0.00196764,0.02526315,0.99999844,0.976288,True,False,616,64,53653,77205,130872
2048,Dominant,765,1,1,1,0.42820290,0.00001435,0.00254890,0.02417600,0.99999819,0.977417,True,False,648,96,59360,78132,137506
2048,Dominant,766,1,1,1,0.42444667,0.00001369,0.00246570,0.02300084,0.99999851,0.978333,True,False,600,48,60209,78764,138987
2048,Dominant,767,1,1,1,0.42465863,0.00001478,0.00387090,0.02272543,0.99999798,0.978699,True,False,584,32,61759,78887,140660
2048,Dominant,768,1,1,1,0.42727613,0.00001423,0.00195226,0.02549675,0.99999831,0.975983,True,False,649,80,61271,79014,140299
2048,Dominant,769,1,1,1,0.42570594,0.00001418,0.00099209,0.02760981,0.99999839,0.973907,True,False,600,48,59026,79576,138616
2048,Dominant,770,1,1,1,0.42580160,0.00001394,0.00361115,0.02061435,0.99999824,0.980774,True,False,584,32,61141,78488,139643
2048,Dominant,771,1,1,1,0.42459780,0.00001393,0.00533584,0.01524647,0.99999826,0.986053,True,False,552,0,56927,78147,135088
2048,Dominant,772,1,1,1,0.42670232,0.00001430,0.00255656,0.02389822,0.99999824,0.977600,True,False,568,16,57710,77511,135235
2048,Dominant,773,1,1,1,0.42618966,0.00001381,0.00392509,0.01923356,0.99999844,0.982086,True,False,584,32,56897,86240,143151
2048,Dominant,774,1,1,1,0.42259616,0.00001342,0.00120604,0.02498976,0.99999856,0.976379,True,False,616,64,57576,77972,135562
2048,Dominant,775,1,1,1,0.43193269,0.00001410,0.00552753,0.01609761,0.99999820,0.985199,True,False,569,0,64804,79071,143889
2048,Dominant,776,1,1,1,0.42411819,0.00001479,0.00474772,0.02015164,0.99999829,0.981293,True,False,616,64,58376,77776,136166
2048,Dominant,777,1,1,1,0.42956236,0.00001395,0.00475878,0.01785041,0.99999833,0.983398,True,False,568,16,55738,77873,133625
2048,Dominant,778,1,1,1,0.43291879,0.00001357,0.00399101,0.01878140,0.99999868,0.982513,True,False,568,16,57611,78142,135767
2048,Dominant,779,1,1,1,0.43218884,0.00001346,0.00102913,0.02573148,0.99999855,0.975739,True,False,600,48,62027,79007,141048
2048,Dominant,780,1,1,1,0.43298417,0.00001425,0.00441545,0.01947082,0.99999834,0.981964,True,False,600,48,57282,77844,135140
2048,Dominant,781,1,1,1,0.42797723,0.00001355,0.00402609,0.01830864,0.99999850,0.982880,True,False,584,32,58430,78369,136813
2048,Dominant,782,1,1,1,0.42769396,0.00001448,0.00113606,0.02825234,0.99999830,0.973358,True,False,584,32,55331,77242,132587
2048,Dominant,783,1,1,1,0.42706090,0.00001423,0.00213623,0.02505691,0.99999830,0.976440,True,False,632,80,64425,78807,143246
2048,Dominant,784,1,1,1,0.42670614,0.00001343,0.00511765,0.01501941,0.99999838,0.986115,True,False,568,16,62257,80503,142774
2048,Dominant,785,1,1,1,0.42808110,0.00001465,0.00099444,0.02853083,0.99999848,0.973145,True,False,584,32,59513,78747,138274
2048,Dominant,786,1,1,1,0.42672777,0.00001443,0.00179866,0.02656165,0.99999837,0.974945,True,False,616,64,53083,77630,130727
2048,Dominant,787,1,1,1,0.42814553,0.00001349,0.00520045,0.01535205,0.99999852,0.985870,True,False,568,16,56069,78099,134182
2048,Dominant,788,1,1,1,0.43059716,0.00001340,0.00201407,0.02299242,0.99999848,0.978333,True,False,584,32,61322,78989,140325
2048,Dominant,789,1,1,1,0.43180951,0.00001425,0.00467482,0.01905694,0.99999832,0.982300,True,False,584,32,57974,78223,136211
2048,Dominant,790,1,1,1,0.42906806,0.00001420,0.00525475,0.01674470,0.99999855,0.984528,True,False,584,32,51306,77243,128563
2048,Dominant,791,1,1,1,0.42930907,0.00001383,0.00537798,0.01550746,0.99999842,0.985718,True,False,552,0,60920,78618,139552
2048,Dominant,792,1,1,1,0.42972651,0.00001315,0.00196898,0.02206645,0.99999845,0.979187,True,False,648,96,62475,84466,146955
2048,Dominant,793,1,1,1,0.42424598,0.00001382,0.00251487,0.02302104,0.99999844,0.978394,True,False,584,32,65548,80050,145612
2048,Dominant,794,1,1,1,0.42754430,0.00001401,0.00543672,0.01587826,0.99999833,0.985382,True,False,552,0,58722,78997,137733
2048,Dominant,795,1,1,1,0.43206254,0.00001405,0.00402397,0.01996085,0.99999876,0.981384,True,False,600,48,53770,77855,131639
2048,Dominant,796,1,1,1,0.42958823,0.00001400,0.00116161,0.02681855,0.99999844,0.974762,True,False,600,48,56744,77875,134633
2048,Dominant,797,1,1,1,0.43120280,0.00001410,0.00396973,0.02038569,0.99999847,0.981018,True,False,600,48,64603,79166,143783
2048,Dominant,798,1,1,1,0.42546138,0.00001437,0.00431812,0.01987480,0.99999825,0.981567,True,False,584,32,58249,78429,136692
2048,Dominant,799,1,1,1,0.42679116,0.00001425,0.00286436,0.02302492,0.99999828,0.978455,True,False,616,64,57298,78250,135562
2048,Near_Zero,800,0,0,N/A,0.00000000,0.00001444,0.00003016,0.03036328,0.99962431,0.970459,True,False,568,16,57631,78245,135890
2048,Near_Zero,801,0,0,N/A,0.00000000,0.00001353,0.00003004,0.02841142,0.99962953,0.972351,True,False,568,0,61745,80792,142551
2048,Near_Zero,802,0,0,N/A,0.00000000,0.00001348,0.00003000,0.02831221,0.99963431,0.972443,True,False,568,16,60247,78498,138759
2048,Near_Zero,803,0,0,N/A,0.00000000,0.00001378,0.00003000,0.02894269,0.99963146,0.971832,True,False,568,16,56789,78510,135313
2048,Near_Zero,804,0,0,N/A,0.00000000,0.00001351,0.00003002,0.02837598,0.99963329,0.972382,True,False,552,0,55529,81151,136694
2048,Near_Zero,805,0,0,N/A,0.00000000,0.00001411,0.00003011,0.02966544,0.99963091,0.971130,True,False,573,16,60230,81641,141885
2048,Near_Zero,806,0,0,N/A,0.00000001,0.00001369,0.00003005,0.02875733,0.99962856,0.972015,True,False,552,0,58705,77994,136713
2048,Near_Zero,807,0,0,N/A,0.00000003,0.00001429,0.00003012,0.03004636,0.99962677,0.970764,True,False,552,0,57967,77707,135688
2048,Near_Zero,808,0,0,N/A,0.00000001,0.00001380,0.00003011,0.02900387,0.99963310,0.971771,True,False,568,16,58660,78055,136729
2048,Near_Zero,809,0,0,N/A,0.00000000,0.00001391,0.00003007,0.02922617,0.99963063,0.971558,True,False,552,0,56252,78314,134580
2048,Near_Zero,810,0,0,N/A,0.00000000,0.00001386,0.00003003,0.02913289,0.99962982,0.971649,True,False,568,16,59690,77625,137329
2048,Near_Zero,811,0,0,N/A,0.00000000,0.00001410,0.00003014,0.02963580,0.99962906,0.971161,True,False,552,0,59304,78068,137386
2048,Near_Zero,812,0,0,N/A,0.00000001,0.00001426,0.00003013,0.02998203,0.99962840,0.970825,True,False,552,0,53248,77315,130577
2048,Near_Zero,813,0,0,N/A,0.00000001,0.00001437,0.00003011,0.03019902,0.99963135,0.970612,True,False,552,0,58738,78613,137365
2048,Near_Zero,814,0,0,N/A,0.00000000,0.00001395,0.00003009,0.02932309,0.99962800,0.971466,True,False,568,16,67883,80997,148894
2048,Near_Zero,815,0,0,N/A,0.00000000,0.00001342,0.00003005,0.02818852,0.99963277,0.972565,True,False,552,0,56938,78538,135490
2048,Near_Zero,816,0,0,N/A,0.00000000,0.00001474,0.00003023,0.03102175,0.99962607,0.969818,True,False,552,0,65781,79495,145290
2048,Near_Zero,817,0,0,N/A,0.00000000,0.00001422,0.00003007,0.02988518,0.99963093,0.970917,True,False,568,16,58417,78036,136467
2048,Near_Zero,818,0,0,N/A,0.00000000,0.00001447,0.00003013,0.03042436,0.99962608,0.970398,True,False,568,16,58060,78485,136559
2048,Near_Zero,819,1,0,N/A,0.00000001,0.00001404,0.00003009,0.02950940,0.99962991,0.971283,True,False,568,16,61559,78974,140547
2048,Near_Zero,820,0,0,N/A,0.00000001,0.00001404,0.00003009,0.02951102,0.99962835,0.971283,True,False,568,16,56178,77774,133966
2048,Near_Zero,821,0,0,N/A,0.00000000,0.00001338,0.00002997,0.02809368,0.99963341,0.972656,True,False,568,16,57300,78159,135473
2048,Near_Zero,822,0,0,N/A,0.00000000,0.00001415,0.00003014,0.02976560,0.99962506,0.971039,True,False,584,32,58761,77786,136561
2048,Near_Zero,823,0,0,N/A,0.00000001,0.00001436,0.00003016,0.03020279,0.99962760,0.970612,True,False,580,16,61644,79022,140680
2048,Near_Zero,824,0,0,N/A,0.00000001,0.00001406,0.00003008,0.02953995,0.99963074,0.971252,True,False,568,16,58367,78419,136800
2048,Near_Zero,825,0,0,N/A,0.00000001,0.00001363,0.00003005,0.02862716,0.99963334,0.972137,True,False,568,16,57083,78373,135470
2048,Near_Zero,826,0,0,N/A,0.00000002,0.00001427,0.00003016,0.03001232,0.99962959,0.970795,True,False,568,16,56710,78022,134746
2048,Near_Zero,827,0,0,N/A,0.00000000,0.00001452,0.00003025,0.03055103,0.99962511,0.970276,True,False,552,0,57957,82994,140965
2048,Near_Zero,828,0,0,N/A,0.00000000,0.00001446,0.00003020,0.03042425,0.99962625,0.970398,True,False,552,0,61371,78322,139707
2048,Near_Zero,829,0,0,N/A,0.00000000,0.00001429,0.00003015,0.03004388,0.99962941,0.970764,True,False,568,16,57079,78419,135512
2048,Near_Zero,830,0,0,N/A,0.00000001,0.00001392,0.00003010,0.02925976,0.99962837,0.971527,True,False,552,0,51857,76916,128787
2048,Near_Zero,831,0,0,N/A,0.00000000,0.00001400,0.00003009,0.02941696,0.99962824,0.971375,True,False,552,0,59815,78826,138655
2048,Near_Zero,832,0,0,N/A,0.00000000,0.00001436,0.00003019,0.03020435,0.99962608,0.970612,True,False,552,0,61331,79602,140947
2048,Near_Zero,833,0,0,N/A,0.00000001,0.00001441,0.00003019,0.03029654,0.99962825,0.970520,True,False,568,16,59227,83796,143037
2048,Near_Zero,834,0,0,N/A,0.00000000,0.00001376,0.00003006,0.02891369,0.99962923,0.971863,True,False,552,0,56648,78227,134889
2048,Near_Zero,835,0,0,N/A,0.00000001,0.00001385,0.00003009,0.02910101,0.99963005,0.971680,True,False,552,0,57481,78016,135511
2048,Near_Zero,836,0,0,N/A,0.00000000,0.00001403,0.00003015,0.02950843,0.99963083,0.971283,True,False,568,16,66216,80772,147002
2048,Near_Zero,837,0,0,N/A,0.00000000,0.00001415,0.00003007,0.02972756,0.99963160,0.971069,True,False,552,0,58706,78232,136952
2048,Near_Zero,838,0,0,N/A,0.00000000,0.00001400,0.00003004,0.02941566,0.99962946,0.971375,True,False,568,16,61872,78370,140256
2048,Near_Zero,839,0,0,N/A,0.00000001,0.00001352,0.00002998,0.02837495,0.99963458,0.972382,True,False,568,16,56248,77644,133906
2048,Near_Zero,840,0,0,N/A,0.00000000,0.00001373,0.00003000,0.02884748,0.99963257,0.971924,True,False,568,16,58635,77997,136646
2048,Near_Zero,841,0,0,N/A,0.00000000,0.00001374,0.00003008,0.02888063,0.99963098,0.971893,True,False,552,0,60978,79163,140155
2048,Near_Zero,842,0,0,N/A,0.00000000,0.00001407,0.00003010,0.02957293,0.99962924,0.971222,True,False,568,16,56614,77517,134145
2048,Near_Zero,843,1,0,N/A,0.00000001,0.00001365,0.00003001,0.02865960,0.99963211,0.972107,True,False,568,16,57098,77937,135049
2048,Near_Zero,844,0,0,N/A,0.00000001,0.00001408,0.00003010,0.02960115,0.99963234,0.971191,True,False,552,0,56164,78174,134352
2048,Near_Zero,845,0,0,N/A,0.00000000,0.00001389,0.00003011,0.02919737,0.99962798,0.971588,True,False,552,0,66341,80158,146513
2048,Near_Zero,846,1,0,N/A,0.00000001,0.00001426,0.00003018,0.02998271,0.99962779,0.970825,True,False,552,0,58823,78787,137624
2048,Near_Zero,847,0,0,N/A,0.00000001,0.00001399,0.00003011,0.02941552,0.99962982,0.971375,True,False,552,0,52364,77511,129889
2048,Near_Zero,848,1,0,N/A,0.00000001,0.00001347,0.00002996,0.02828039,0.99963489,0.972473,True,False,584,32,56509,77649,134172
2048,Near_Zero,849,0,0,N/A,0.00000001,0.00001423,0.00003014,0.02991830,0.99962925,0.970886,True,False,601,32,58921,77646,136581
2048,Near_Zero,850,0,0,N/A,0.00000002,0.00001342,0.00003000,0.02818694,0.99963425,0.972565,True,False,568,16,60360,78666,139040
2048,Near_Zero,851,0,0,N/A,0.00000001,0.00001440,0.00003018,0.03029779,0.99962707,0.970520,True,False,552,0,58093,77182,135289
2048,Near_Zero,852,0,0,N/A,0.00000001,0.00001436,0.00003014,0.03020452,0.99962582,0.970612,True,False,552,0,57217,77930,135161
2048,Near_Zero,853,0,0,N/A,0.00000001,0.00001426,0.00003014,0.02998301,0.99962764,0.970825,True,False,585,16,58261,78083,136358
2048,Near_Zero,854,0,0,N/A,0.00000000,0.00001349,0.00002996,0.02831315,0.99963361,0.972443,True,False,552,0,65132,80424,145570
2048,Near_Zero,855,0,0,N/A,0.00000000,0.00001367,0.00003004,0.02872712,0.99962750,0.972046,True,False,568,16,61745,78057,139816
2048,Near_Zero,856,1,0,N/A,0.00000000,0.00001371,0.00003002,0.02878379,0.99963356,0.971985,True,False,568,16,51304,77377,128695
2048,Near_Zero,857,0,0,N/A,0.00000000,0.00001410,0.00003014,0.02963706,0.99962780,0.971161,True,False,568,16,57863,77568,135445
2048,Near_Zero,858,0,0,N/A,0.00000000,0.00001401,0.00003008,0.02944832,0.99962818,0.971344,True,False,552,0,59165,78432,137611
2048,Near_Zero,859,0,0,N/A,0.00000000,0.00001396,0.00003010,0.02935401,0.99962837,0.971436,True,False,552,0,59530,78052,137596
2048,Near_Zero,860,0,0,N/A,0.00000000,0.00001372,0.00003003,0.02881915,0.99962963,0.971954,True,False,584,32,56403,77247,133664
2048,Near_Zero,861,0,0,N/A,0.00000000,0.00001444,0.00003017,0.03036121,0.99962640,0.970459,True,False,568,16,60133,78498,138645
2048,Near_Zero,862,0,0,N/A,0.00000000,0.00001366,0.00002997,0.02869163,0.99963124,0.972076,True,False,568,16,65049,79255,144318
2048,Near_Zero,863,0,0,N/A,0.00000001,0.00001398,0.00003009,0.02938110,0.99963260,0.971405,True,False,552,0,60521,79287,139822
2048,Near_Zero,864,0,0,N/A,0.00000000,0.00001377,0.00003008,0.02894292,0.99963139,0.971832,True,False,552,0,58269,77886,136169
2048,Near_Zero,865,0,0,N/A,0.00000001,0.00001393,0.00003013,0.02928843,0.99963125,0.971497,True,False,568,16,63169,78689,141872
2048,Near_Zero,866,0,0,N/A,0.00000000,0.00001429,0.00003012,0.03004483,0.99962864,0.970764,True,False,552,0,54947,77766,132727
2048,Near_Zero,867,0,0,N/A,0.00000001,0.00001408,0.00003014,0.02960483,0.99962883,0.971191,True,False,552,0,60684,78648,139346
2048,Near_Zero,868,1,0,N/A,0.00000000,0.00001375,0.00003002,0.02888022,0.99963119,0.971893,True,False,584,32,56705,81402,138121
2048,Near_Zero,869,0,0,N/A,0.00000000,0.00001397,0.00003004,0.02935206,0.99963020,0.971436,True,False,552,0,64670,79486,144170
2048,Near_Zero,870,0,0,N/A,0.00000000,0.00001410,0.00003011,0.02963522,0.99962989,0.971161,True,False,552,0,56980,78001,134995
2048,Near_Zero,871,0,0,N/A,0.00000000,0.00001360,0.00003006,0.02856456,0.99963331,0.972198,True,False,568,16,57111,78037,135162
2048,Near_Zero,872,0,0,N/A,0.00000000,0.00001405,0.00003007,0.02953837,0.99963252,0.971252,True,False,552,0,60365,79279,139658
2048,Near_Zero,873,0,0,N/A,0.00000000,0.00001397,0.00003009,0.02935447,0.99962788,0.971436,True,False,568,16,59422,78104,137540
2048,Near_Zero,874,0,0,N/A,0.00000001,0.00001392,0.00003007,0.02926017,0.99962815,0.971527,True,False,568,16,58464,78007,136485
2048,Near_Zero,875,0,0,N/A,0.00000000,0.00001474,0.00003023,0.03102295,0.99962476,0.969818,True,False,552,0,57439,77114,134567
2048,Near_Zero,876,1,0,N/A,0.00000001,0.00001424,0.00003015,0.02995035,0.99962876,0.970856,True,False,568,16,64557,79779,144350
2048,Near_Zero,877,0,0,N/A,0.00000000,0.00001339,0.00003000,0.02812276,0.99963577,0.972626,True,False,568,16,57980,78376,136370
2048,Near_Zero,878,0,0,N/A,0.00000000,0.00001403,0.00003005,0.02947858,0.99962936,0.971313,True,False,552,0,53387,77238,130639
2048,Near_Zero,879,0,0,N/A,0.00000001,0.00001419,0.00003013,0.02982182,0.99963159,0.970978,True,False,568,16,60161,78778,138953
2048,Near_Zero,880,0,0,N/A,0.00000001,0.00001380,0.00003004,0.02900387,0.99963316,0.971771,True,False,552,0,59769,78975,138758
2048,Near_Zero,881,0,0,N/A,0.00000001,0.00001372,0.00002995,0.02881856,0.99963005,0.971954,True,False,552,0,58418,78265,136697
2048,Near_Zero,882,0,0,N/A,0.00000000,0.00001442,0.00003018,0.03032803,0.99962809,0.970490,True,False,568,16,56832,77452,134298
2048,Near_Zero,883,0,0,N/A,0.00000000,0.00001389,0.00003011,0.02919617,0.99962931,0.971588,True,False,568,16,54539,77503,132056
2048,Near_Zero,884,0,0,N/A,0.00000001,0.00001396,0.00003010,0.02935262,0.99962977,0.971436,True,False,552,0,63206,79000,142220
2048,Near_Zero,885,0,0,N/A,0.00000000,0.00001385,0.00003007,0.02909995,0.99963115,0.971680,True,False,552,0,61616,78203,139833
2048,Near_Zero,886,0,0,N/A,0.00000000,0.00001388,0.00003003,0.02916470,0.99962923,0.971619,True,False,568,16,56615,79763,136392
2048,Near_Zero,887,0,0,N/A,0.00000000,0.00001325,0.00002996,0.02780631,0.99963866,0.972931,True,False,552,0,53510,82191,135715
2048,Near_Zero,888,0,0,N/A,0.00000001,0.00001416,0.00003012,0.02976240,0.99962817,0.971039,True,False,552,0,67561,79677,147252
2048,Near_Zero,889,0,0,N/A,0.00000000,0.00001428,0.00003016,0.03001687,0.99962511,0.970795,True,False,568,16,63093,79726,142833
2048,Near_Zero,890,0,0,N/A,0.00000001,0.00001453,0.00003015,0.03054850,0.99962778,0.970276,True,False,568,16,57015,78663,135692
2048,Near_Zero,891,0,0,N/A,0.00000002,0.00001410,0.00003012,0.02963279,0.99963205,0.971161,True,False,552,0,54142,77385,131541
2048,Near_Zero,892,0,0,N/A,0.00000000,0.00001398,0.00003008,0.02938466,0.99962905,0.971405,True,False,580,16,61242,78138,139394
2048,Near_Zero,893,0,0,N/A,0.00000001,0.00001404,0.00003012,0.02951137,0.99962802,0.971283,True,False,568,16,56058,77535,133607
2048,Near_Zero,894,0,0,N/A,0.00000000,0.00001411,0.00003012,0.02966716,0.99962930,0.971130,True,False,552,0,63082,79587,142683
2048,Near_Zero,895,0,0,N/A,0.00000000,0.00001454,0.00003017,0.03058334,0.99962424,0.970245,True,False,568,16,57793,77188,134995
2048,Near_Zero,896,0,0,N/A,0.00000000,0.00001403,0.00003002,0.02947775,0.99963024,0.971313,True,False,552,0,57453,77808,135275
2048,Near_Zero,897,1,0,N/A,0.00000001,0.00001491,0.00003025,0.03136783,0.99962614,0.969482,True,False,584,32,57417,77159,134590
2048,Near_Zero,898,0,0,N/A,0.00000000,0.00001395,0.00003007,0.02931809,0.99963277,0.971466,True,False,568,16,62596,78917,141527
2048,Near_Zero,899,0,0,N/A,0.00000000,0.00001438,0.00003015,0.03023287,0.99962907,0.970581,True,False,568,16,57265,102063,159342
2048,Near_Zero,900,0,0,N/A,0.00000001,0.00001423,0.00003015,0.02991835,0.99962910,0.970886,True,False,552,0,53794,77077,130885
2048,Near_Zero,901,0,0,N/A,0.00000000,0.00001473,0.00003024,0.03099008,0.99962628,0.969849,True,False,568,16,56070,78046,134130
2048,Near_Zero,902,0,0,N/A,0.00000001,0.00001379,0.00003008,0.02897637,0.99962919,0.971802,True,False,552,0,57729,77927,135670
2048,Near_Zero,903,0,0,N/A,0.00000001,0.00001422,0.00003012,0.02988972,0.99962640,0.970917,True,False,568,16,62147,78304,140465
2048,Near_Zero,904,0,0,N/A,0.00000002,0.00001419,0.00003013,0.02982404,0.99962937,0.970978,True,False,568,16,59655,78285,137954
2048,Near_Zero,905,0,0,N/A,0.00000001,0.00001389,0.00003010,0.02919508,0.99963036,0.971588,True,False,569,0,53437,77479,130930
2048,Near_Zero,906,0,0,N/A,0.00000001,0.00001426,0.00003014,0.02998625,0.99962408,0.970825,True,False,568,16,57318,78162,135494
2048,Near_Zero,907,0,0,N/A,0.00000000,0.00001341,0.00002997,0.02815558,0.99963428,0.972595,True,False,552,0,61443,78953,140410
2048,Near_Zero,908,0,0,N/A,0.00000000,0.00001406,0.00003003,0.02953671,0.99963398,0.971252,True,False,568,16,57540,77295,134849
2048,Near_Zero,909,0,0,N/A,0.00000000,0.00001435,0.00003015,0.03017293,0.99962626,0.970642,True,False,584,32,52216,77535,129765
2048,Near_Zero,910,0,0,N/A,0.00000000,0.00001436,0.00003014,0.03020458,0.99962567,0.970612,True,False,552,0,57347,78409,135770
2048,Near_Zero,911,0,0,N/A,0.00000000,0.00001451,0.00003020,0.03051737,0.99962758,0.970306,True,False,552,0,60284,78939,139237
2048,Near_Zero,912,0,0,N/A,0.00000000,0.00001409,0.00003007,0.02960412,0.99962943,0.971191,True,False,552,0,57477,82486,139977
2048,Near_Zero,913,0,0,N/A,0.00000001,0.00001376,0.00003001,0.02891015,0.99963281,0.971863,True,False,568,16,54738,78179,132931
2048,Near_Zero,914,0,0,N/A,0.00000000,0.00001441,0.00003018,0.03029718,0.99962746,0.970520,True,False,552,0,59096,79469,138579
2048,Near_Zero,915,0,0,N/A,0.00000000,0.00001450,0.00003011,0.03048423,0.99962924,0.970337,True,False,552,0,58811,78736,137561
2048,Near_Zero,916,0,0,N/A,0.00000000,0.00001373,0.00003005,0.02885063,0.99962957,0.971924,True,False,552,0,63244,79492,142750
2048,Near_Zero,917,0,0,N/A,0.00000000,0.00001364,0.00003007,0.02866138,0.99963030,0.972107,True,False,568,16,55804,78045,133863
2048,Near_Zero,918,0,0,N/A,0.00000000,0.00001423,0.00003021,0.02992191,0.99962570,0.970886,True,False,568,16,53058,77100,130172
2048,Near_Zero,919,0,0,N/A,0.00000000,0.00001424,0.00003012,0.02995090,0.99962813,0.970856,True,False,568,16,57555,77870,135439
2048,Near_Zero,920,0,0,N/A,0.00000001,0.00001391,0.00003004,0.02922615,0.99963044,0.971558,True,False,552,0,67163,79207,146384
2048,Near_Zero,921,0,0,N/A,0.00000000,0.00001416,0.00003012,0.02975995,0.99963059,0.971039,True,False,552,0,56508,77620,134142
2048,Near_Zero,922,0,0,N/A,0.00000001,0.00001401,0.00003007,0.02944837,0.99962814,0.971344,True,False,552,0,63369,80559,143942
2048,Near_Zero,923,1,0,N/A,0.00000000,0.00001432,0.00003012,0.03010919,0.99962705,0.970703,True,False,568,16,57787,77559,135360
2048,Near_Zero,924,0,0,N/A,0.00000001,0.00001353,0.00002998,0.02840936,0.99963140,0.972351,True,False,584,32,56958,77765,134737
2048,Near_Zero,925,0,0,N/A,0.00000000,0.00001402,0.00003010,0.02947791,0.99962998,0.971313,True,False,552,0,64981,78865,143860
2048,Near_Zero,926,0,0,N/A,0.00000000,0.00001413,0.00003014,0.02969953,0.99962844,0.971100,True,False,568,16,55393,77103,132510
2048,Near_Zero,927,0,0,N/A,0.00000001,0.00001405,0.00003013,0.02954162,0.99962920,0.971252,True,False,552,0,56015,77617,133646
2048,Near_Zero,928,0,0,N/A,0.00000000,0.00001401,0.00003012,0.02944594,0.99963075,0.971344,True,False,584,32,56098,77027,133139
2048,Near_Zero,929,0,0,N/A,0.00000000,0.00001373,0.00003005,0.02885135,0.99962861,0.971924,True,False,568,16,60418,78236,138668
2048,Near_Zero,930,1,0,N/A,0.00000001,0.00001355,0.00003007,0.02847142,0.99963228,0.972290,True,False,552,0,57246,77456,134716
2048,Near_Zero,931,0,0,N/A,0.00000001,0.00001363,0.00003007,0.02862644,0.99963386,0.972137,True,False,568,16,54338,77130,131482
2048,Near_Zero,932,0,0,N/A,0.00000001,0.00001370,0.00003004,0.02878282,0.99963430,0.971985,True,False,552,0,59305,82359,141678
2048,Near_Zero,933,0,0,N/A,0.00000000,0.00001411,0.00003010,0.02967038,0.99962590,0.971130,True,False,568,16,74195,82220,156429
2048,Near_Zero,934,0,0,N/A,0.00000000,0.00001397,0.00003008,0.02935287,0.99962946,0.971436,True,False,568,16,59956,79177,139147
2048,Near_Zero,935,0,0,N/A,0.00000000,0.00001393,0.00003015,0.02929154,0.99962782,0.971497,True,False,552,0,56612,77256,133882
2048,Near_Zero,936,0,0,N/A,0.00000001,0.00001415,0.00003016,0.02976037,0.99963021,0.971039,True,False,568,16,56300,76878,133192
2048,Near_Zero,937,0,0,N/A,0.00000000,0.00001404,0.00003010,0.02951268,0.99962680,0.971283,True,False,552,0,54851,77527,132392
2048,Near_Zero,938,0,0,N/A,0.00000000,0.00001417,0.00003015,0.02979337,0.99962877,0.971008,True,False,568,16,64313,86255,150582
2048,Near_Zero,939,1,0,N/A,0.00000000,0.00001444,0.00003019,0.03036212,0.99962544,0.970459,True,False,552,0,57696,78714,136424
2048,Near_Zero,940,0,0,N/A,0.00000000,0.00001385,0.00003009,0.02909821,0.99963289,0.971680,True,False,601,32,53681,77607,131302
2048,Near_Zero,941,0,0,N/A,0.00000001,0.00001389,0.00003011,0.02919668,0.99962856,0.971588,True,False,552,0,55839,78207,134060
2048,Near_Zero,942,0,0,N/A,0.00000000,0.00001417,0.00003010,0.02979330,0.99962845,0.971008,True,False,585,16,61799,78730,140543
2048,Near_Zero,943,0,0,N/A,0.00000000,0.00001407,0.00003015,0.02957524,0.99962692,0.971222,True,False,568,16,60240,79004,139258
2048,Near_Zero,944,0,0,N/A,0.00000001,0.00001396,0.00003006,0.02932112,0.99962981,0.971466,True,False,568,16,55816,77810,133640
2048,Near_Zero,945,0,0,N/A,0.00000000,0.00001407,0.00003004,0.02957168,0.99963051,0.971222,True,False,568,16,57083,78947,136044
2048,Near_Zero,946,0,0,N/A,0.00000000,0.00001353,0.00003002,0.02840651,0.99963439,0.972351,True,False,552,0,52572,76439,129025
2048,Near_Zero,947,0,0,N/A,0.00000001,0.00001368,0.00003002,0.02875306,0.99963284,0.972015,True,False,552,0,63064,78694,141772
2048,Near_Zero,948,0,0,N/A,0.00000000,0.00001411,0.00003013,0.02966723,0.99962923,0.971130,True,False,568,16,52607,77120,129741
2048,Near_Zero,949,0,0,N/A,0.00000001,0.00001418,0.00003015,0.02982061,0.99963257,0.970978,True,False,568,16,59796,79362,139172
2048,Near_Zero,950,1,0,N/A,0.00000000,0.00001433,0.00003013,0.03013725,0.99963039,0.970673,True,False,568,16,57514,77107,134635
2048,Near_Zero,951,0,0,N/A,0.00000000,0.00001400,0.00003009,0.02941634,0.99962882,0.971375,True,False,568,16,66883,80055,146952
2048,Near_Zero,952,0,0,N/A,0.00000001,0.00001414,0.00003015,0.02972893,0.99963005,0.971069,True,False,569,0,57823,77929,135766
2048,Near_Zero,953,0,0,N/A,0.00000001,0.00001345,0.00002997,0.02821939,0.99963317,0.972534,True,False,552,0,53477,77571,131062
2048,Near_Zero,954,0,0,N/A,0.00000000,0.00001437,0.00003016,0.03020630,0.99962429,0.970612,True,False,552,0,56699,77910,134623
2048,Near_Zero,955,0,0,N/A,0.00000000,0.00001400,0.00003008,0.02941470,0.99963035,0.971375,True,False,568,16,66229,92446,158689
2048,Near_Zero,956,0,0,N/A,0.00000001,0.00001407,0.00003012,0.02957047,0.99963182,0.971222,True,False,552,0,66957,80516,147487
2048,Near_Zero,957,0,0,N/A,0.00000000,0.00001504,0.00003032,0.03165397,0.99962311,0.969208,True,False,552,0,55484,79326,134824
2048,Near_Zero,958,0,0,N/A,0.00000000,0.00001405,0.00003012,0.02954281,0.99962800,0.971252,True,False,552,0,61973,79333,141320
2048,Near_Zero,959,0,0,N/A,0.00000000,0.00001407,0.00003014,0.02957369,0.99962844,0.971222,True,False,568,16,57578,78873,136465
2048,Near_Zero,960,0,0,N/A,0.00000001,0.00001352,0.00003001,0.02840783,0.99963304,0.972351,True,False,568,16,65459,80511,145984
2048,Near_Zero,961,0,0,N/A,0.00000000,0.00001409,0.00003011,0.02960402,0.99962950,0.971191,True,False,552,0,58007,77795,135816
2048,Near_Zero,962,0,0,N/A,0.00000000,0.00001363,0.00003007,0.02862740,0.99963280,0.972137,True,False,552,0,54760,77278,132052
2048,Near_Zero,963,0,0,N/A,0.00000001,0.00001403,0.00003006,0.02947949,0.99962839,0.971313,True,False,569,0,57450,82618,140082
2048,Near_Zero,964,0,0,N/A,0.00000000,0.00001311,0.00002994,0.02749538,0.99963589,0.973236,True,False,552,0,61105,78584,139703
2048,Near_Zero,965,0,0,N/A,0.00000000,0.00001435,0.00003010,0.03017301,0.99962609,0.970642,True,False,552,0,56803,77806,134623
2048,Near_Zero,966,0,0,N/A,0.00000000,0.00001343,0.00003000,0.02821897,0.99963380,0.972534,True,False,552,0,51986,76851,128851
2048,Near_Zero,967,0,0,N/A,0.00000000,0.00001382,0.00003004,0.02903768,0.99963083,0.971741,True,False,552,0,59132,79039,138185
2048,Near_Zero,968,0,0,N/A,0.00000001,0.00001421,0.00003012,0.02988786,0.99962847,0.970917,True,False,552,0,53698,77478,131190
2048,Near_Zero,969,0,0,N/A,0.00000000,0.00001353,0.00003000,0.02840818,0.99963256,0.972351,True,False,552,0,63562,77939,141515
2048,Near_Zero,970,0,0,N/A,0.00000000,0.00001347,0.00003003,0.02828096,0.99963439,0.972473,True,False,568,16,51621,77328,128963
2048,Near_Zero,971,0,0,N/A,0.00000001,0.00001296,0.00002994,0.02718075,0.99963750,0.973541,True,False,568,16,57484,77682,135180
2048,Near_Zero,972,0,0,N/A,0.00000001,0.00001401,0.00003018,0.02945030,0.99962615,0.971344,True,False,568,16,54787,77062,131863
2048,Near_Zero,973,1,0,N/A,0.00000000,0.00001435,0.00003017,0.03017031,0.99962869,0.970642,True,False,552,0,66831,79334,146179
2048,Near_Zero,974,0,0,N/A,0.00000000,0.00001423,0.00003007,0.02992194,0.99962588,0.970886,True,False,552,0,58002,77947,135963
2048,Near_Zero,975,0,0,N/A,0.00000001,0.00001364,0.00003004,0.02865970,0.99963222,0.972107,True,False,568,16,64445,80608,145067
2048,Near_Zero,976,0,0,N/A,0.00000000,0.00001461,0.00003023,0.03073940,0.99962569,0.970093,True,False,552,0,56879,77957,134850
2048,Near_Zero,977,0,0,N/A,0.00000000,0.00001364,0.00003001,0.02866039,0.99963159,0.972107,True,False,552,0,51633,76844,128491
2048,Near_Zero,978,0,0,N/A,0.00000000,0.00001391,0.00003011,0.02922619,0.99963058,0.971558,True,False,568,16,66902,79870,146786
2048,Near_Zero,979,1,0,N/A,0.00000000,0.00001435,0.00003015,0.03017147,0.99962763,0.970642,True,False,584,32,57911,78262,136187
2048,Near_Zero,980,0,0,N/A,0.00000000,0.00001397,0.00003011,0.02935211,0.99963020,0.971436,True,False,552,0,58750,77861,136625
2048,Near_Zero,981,0,0,N/A,0.00000000,0.00001422,0.00003015,0.02988881,0.99962739,0.970917,True,False,584,32,54310,77623,131947
2048,Near_Zero,982,0,0,N/A,0.00000003,0.00001406,0.00003004,0.02954102,0.99962977,0.971252,True,False,569,0,63326,79298,142638
2048,Near_Zero,983,0,0,N/A,0.00000001,0.00001438,0.00003011,0.03023608,0.99962585,0.970581,True,False,568,16,56899,77134,134047
2048,Near_Zero,984,0,0,N/A,0.00000000,0.00001379,0.00003002,0.02897538,0.99963035,0.971802,True,False,552,0,56669,77405,134088
2048,Near_Zero,985,1,0,N/A,0.00000000,0.00001370,0.00003006,0.02878609,0.99963118,0.971985,True,False,568,16,59913,77844,137771
2048,Near_Zero,986,0,0,N/A,0.00000000,0.00001383,0.00003006,0.02906885,0.99963077,0.971710,True,False,568,16,61575,78662,140251
2048,Near_Zero,987,0,0,N/A,0.00000000,0.00001366,0.00002994,0.02866070,0.99963101,0.972107,True,False,552,0,59073,78704,137791
2048,Near_Zero,988,1,0,N/A,0.00000001,0.00001373,0.00003000,0.02884835,0.99963182,0.971924,True,False,568,16,63505,79207,142726
2048,Near_Zero,989,0,0,N/A,0.00000001,0.00001485,0.00003023,0.03124516,0.99962299,0.969604,True,False,552,0,78091,79346,157451
2048,Near_Zero,990,0,0,N/A,0.00000000,0.00001422,0.00003011,0.02988621,0.99963007,0.970917,True,False,568,16,65187,80303,145504
2048,Near_Zero,991,1,0,N/A,0.00000001,0.00001427,0.00003016,0.03001127,0.99963077,0.970795,True,False,584,32,63709,78957,142680
2048,Near_Zero,992,0,0,N/A,0.00000001,0.00001406,0.00003007,0.02954052,0.99963018,0.971252,True,False,568,16,55460,78018,133492
2048,Near_Zero,993,0,0,N/A,0.00000000,0.00001392,0.00003008,0.02925791,0.99963027,0.971527,True,False,568,16,58071,77055,135140
2048,Near_Zero,994,0,0,N/A,0.00000000,0.00001356,0.00002997,0.02847029,0.99963333,0.972290,True,False,552,0,53969,77869,131852
2048,Near_Zero,995,0,0,N/A,0.00000000,0.00001391,0.00003013,0.02922645,0.99963036,0.971558,True,False,552,0,67061,80448,147523
2048,Near_Zero,996,0,0,N/A,0.00000001,0.00001410,0.00003010,0.02963524,0.99962979,0.971161,True,False,568,16,61184,78992,140190
2048,Near_Zero,997,0,0,N/A,0.00000000,0.00001430,0.00003015,0.03007684,0.99962789,0.970734,True,False,568,16,55879,77769,133662
2048,Near_Zero,998,0,0,N/A,0.00000002,0.00001363,0.00003005,0.02862712,0.99963328,0.972137,True,False,552,0,58038,77975,136027
2048,Near_Zero,999,0,0,N/A,0.00000001,0.00001388,0.00003009,0.02916208,0.99963192,0.971619,True,False,568,16,53705,77830,131549
2048,Ascending,1000,0,0,N/A,0.00000041,0.00001383,0.00004068,0.14565411,0.99989715,0.971680,True,False,792,240,63536,78607,142157
2048,Ascending,1001,1,0,N/A,0.00000468,0.00001356,0.00003784,0.14829882,0.99990520,0.972229,True,False,792,240,54754,76183,130951
2048,Ascending,1002,1,0,N/A,0.00000521,0.00001277,0.00003801,0.13862919,0.99990493,0.973846,True,False,792,240,61070,78077,139161
2048,Ascending,1003,1,0,N/A,0.00000654,0.00001422,0.00004512,0.14673221,0.99989973,0.970886,True,False,792,240,53756,82134,135904
2048,Ascending,1004,1,0,N/A,0.00000322,0.00001399,0.00004177,0.14685849,0.99990482,0.971344,True,False,809,240,62959,79544,142517
2048,Ascending,1005,1,0,N/A,0.00001247,0.00001390,0.00003848,0.14388999,0.99989799,0.971527,True,False,792,240,55852,77747,133613
2048,Ascending,1006,1,0,N/A,0.00000945,0.00001442,0.00004648,0.15474265,0.99989975,0.970459,True,False,792,240,60223,78144,138381
2048,Ascending,1007,1,0,N/A,0.00000644,0.00001368,0.00004027,0.14000555,0.99990371,0.971985,True,False,792,240,54296,76995,131305
2048,Ascending,1008,1,0,N/A,0.00002661,0.00001386,0.00004523,0.14237207,0.99990644,0.971619,True,False,792,240,56807,77220,134041
2048,Ascending,1009,1,0,N/A,0.00000427,0.00001304,0.00003629,0.14069228,0.99990422,0.973297,True,False,792,240,62782,78824,141620
2048,Ascending,1010,1,0,N/A,0.00003306,0.00001369,0.00004010,0.14869389,0.99990158,0.971954,True,False,792,240,56773,77052,133839
2048,Ascending,1011,1,0,N/A,0.00002253,0.00001346,0.00004264,0.14747371,0.99990562,0.972443,True,False,792,240,59085,77709,136808
2048,Ascending,1012,1,0,N/A,0.00000124,0.00001343,0.00003862,0.15091932,0.99990324,0.972504,True,False,792,240,54222,78775,133011
2048,Ascending,1013,1,0,N/A,0.00000392,0.00001392,0.00004202,0.14165595,0.99989774,0.971497,True,False,792,240,64432,78919,143365
2048,Ascending,1014,1,0,N/A,0.00000770,0.00001320,0.00003867,0.13416637,0.99990503,0.972961,True,False,792,240,58024,83538,141576
2048,Ascending,1015,1,0,N/A,0.00000165,0.00001387,0.00004085,0.15738104,0.99989998,0.971588,True,False,796,240,64356,78814,143184
2048,Ascending,1016,1,0,N/A,0.00000655,0.00001375,0.00003958,0.14656550,0.99990363,0.971832,True,False,792,240,51901,77064,128979
2048,Ascending,1017,1,0,N/A,0.00001971,0.00001401,0.00004361,0.14735264,0.99990296,0.971313,True,False,792,240,66116,79626,145756
2048,Ascending,1018,1,0,N/A,0.00000624,0.00001417,0.00004384,0.14228601,0.99990123,0.970978,True,False,792,240,59363,78855,138232
2048,Ascending,1019,1,0,N/A,0.00000849,0.00001352,0.00004016,0.13610338,0.99989991,0.972321,True,False,792,240,58116,77679,135809
2048,Ascending,1020,1,0,N/A,0.00001563,0.00001401,0.00004188,0.14392907,0.99990218,0.971313,True,False,792,240,58829,77670,136513
2048,Ascending,1021,1,0,N/A,0.00001319,0.00001320,0.00003504,0.14140715,0.99990478,0.972961,True,False,792,240,55266,77506,132786
2048,Ascending,1022,1,0,N/A,0.00000949,0.00001341,0.00003735,0.14566337,0.99990401,0.972534,True,False,792,240,67841,80005,147860
2048,Ascending,1023,1,0,N/A,0.00005127,0.00001398,0.00004291,0.14587614,0.99990574,0.971375,True,False,792,240,59877,78773,138664
2048,Ascending,1024,1,0,N/A,0.00002345,0.00001408,0.00004274,0.14218001,0.99989977,0.971161,True,False,792,240,61222,78263,139499
2048,Ascending,1025,1,0,N/A,0.00000323,0.00001380,0.00004148,0.14375448,0.99990133,0.971741,True,False,792,240,59116,77850,136980
2048,Ascending,1026,1,0,N/A,0.00001631,0.00001317,0.00004148,0.14228214,0.99990743,0.973022,True,False,792,240,63279,78605,141898
2048,Ascending,1027,1,0,N/A,0.00000812,0.00001346,0.00004215,0.14706999,0.99990624,0.972443,True,False,792,240,57264,77601,134879
2048,Ascending,1028,1,0,N/A,0.00000368,0.00001432,0.00004463,0.14120829,0.99989994,0.970673,True,False,792,240,66100,78795,144909
2048,Ascending,1029,1,0,N/A,0.00002005,0.00001366,0.00004033,0.14335099,0.99990368,0.972015,True,False,792,240,53137,77617,130768
2048,Ascending,1030,1,0,N/A,0.00000110,0.00001335,0.00003995,0.14347656,0.99990052,0.972656,True,False,792,240,60670,78953,139637
2048,Ascending,1031,1,0,N/A,0.00000173,0.00001387,0.00004275,0.14616595,0.99990589,0.971588,True,False,792,240,62062,78325,140401
2048,Ascending,1032,1,0,N/A,0.00002450,0.00001301,0.00003678,0.14055229,0.99990661,0.973358,True,False,792,240,61119,83464,144597
2048,Ascending,1033,1,0,N/A,0.00002733,0.00001396,0.00004411,0.14296477,0.99990324,0.971405,True,False,792,240,58597,77293,135904
2048,Ascending,1034,1,0,N/A,0.00000180,0.00001326,0.00003760,0.14539454,0.99990554,0.972839,True,False,792,240,54373,78131,132518
2048,Ascending,1035,1,0,N/A,0.00001026,0.00001334,0.00004185,0.14069912,0.99990490,0.972687,True,False,792,240,65942,79216,145172
2048,Ascending,1036,1,0,N/A,0.00003835,0.00001357,0.00003963,0.14883411,0.99990205,0.972198,True,False,792,240,57968,77395,135377
2048,Ascending,1037,1,0,N/A,0.00002955,0.00001371,0.00004077,0.15058249,0.99990922,0.971924,True,False,792,240,58632,77488,136134
2048,Ascending,1038,1,0,N/A,0.00001933,0.00001399,0.00004541,0.15339833,0.99990785,0.971344,True,False,792,240,57057,77438,134509
2048,Ascending,1039,1,0,N/A,0.00004327,0.00001378,0.00004237,0.14518086,0.99990192,0.971771,True,False,792,240,56473,78021,134508
2048,Ascending,1040,1,0,N/A,0.00003341,0.00001378,0.00004411,0.14476282,0.99990299,0.971771,True,False,792,240,62545,79039,141598
2048,Ascending,1041,1,0,N/A,0.00001937,0.00001380,0.00003793,0.14527965,0.99989994,0.971741,True,False,792,240,57170,77423,134607
2048,Ascending,1042,1,0,N/A,0.00000285,0.00001357,0.00004184,0.13832040,0.99990339,0.972198,True,False,792,240,52186,76228,128428
2048,Ascending,1043,1,0,N/A,0.00000129,0.00001334,0.00003887,0.13827065,0.99990678,0.972687,True,False,792,240,60201,78016,138231
2048,Ascending,1044,1,0,N/A,0.00000466,0.00001381,0.00004107,0.13748986,0.99989563,0.971710,True,False,792,240,66390,78463,144867
2048,Ascending,1045,1,0,N/A,0.00000198,0.00001366,0.00004208,0.14480070,0.99990000,0.972015,True,False,792,240,57457,77557,135028
2048,Ascending,1046,1,0,N/A,0.00004822,0.00001375,0.00004134,0.14589226,0.99990572,0.971832,True,False,792,240,65167,79098,144279
2048,Ascending,1047,1,0,N/A,0.00001357,0.00001283,0.00003609,0.14398892,0.99990892,0.973724,True,False,792,240,53928,77200,131142
2048,Ascending,1048,1,0,N/A,0.00003846,0.00001383,0.00004271,0.15026348,0.99990374,0.971680,True,False,792,240,64092,79181,143287
2048,Ascending,1049,1,0,N/A,0.00000051,0.00001307,0.00003520,0.15101752,0.99990473,0.973236,True,False,792,240,55681,77884,133579
2048,Ascending,1050,1,0,N/A,0.00000513,0.00001387,0.00003787,0.14344073,0.99989803,0.971588,True,False,792,240,65167,79159,144340
2048,Ascending,1051,1,0,N/A,0.00000556,0.00001359,0.00003788,0.14673348,0.99989826,0.972168,True,False,792,240,51899,76655,128568
2048,Ascending,1052,1,0,N/A,0.00000788,0.00001420,0.00004427,0.14349619,0.99990056,0.970917,True,False,792,240,59533,77469,137016
2048,Ascending,1053,1,0,N/A,0.00000788,0.00001332,0.00004028,0.13950868,0.99991170,0.972717,True,False,792,240,60664,78203,138881
2048,Ascending,1054,1,0,N/A,0.00000195,0.00001410,0.00004231,0.14684858,0.99990669,0.971130,True,False,792,240,70396,82250,152660
2048,Ascending,1055,1,0,N/A,0.00000145,0.00001396,0.00003978,0.16156572,0.99990014,0.971405,True,False,792,240,60003,77701,137718
2048,Ascending,1056,1,0,N/A,0.00000837,0.00001362,0.00004347,0.15180998,0.99990760,0.972107,True,False,792,240,58575,77239,135828
2048,Ascending,1057,1,0,N/A,0.00001638,0.00001414,0.00004004,0.14205594,0.99989864,0.971039,True,False,809,240,65924,79714,145652
2048,Ascending,1058,1,0,N/A,0.00000541,0.00001352,0.00003930,0.13992713,0.99990266,0.972321,True,False,792,240,61310,78872,140196
2048,Ascending,1059,1,0,N/A,0.00001569,0.00001323,0.00003586,0.14285727,0.99990328,0.972900,True,False,792,240,62481,78227,140722
2048,Ascending,1060,1,0,N/A,0.00002365,0.00001310,0.00003550,0.14013599,0.99990643,0.973175,True,False,792,240,54303,76884,131201
2048,Ascending,1061,1,0,N/A,0.00000431,0.00001316,0.00003713,0.14244196,0.99990736,0.973053,True,False,792,240,57074,77670,134758
2048,Ascending,1062,1,0,N/A,0.00000760,0.00001365,0.00003861,0.14816704,0.99990115,0.972046,True,False,792,240,62684,78166,140864
2048,Ascending,1063,1,0,N/A,0.00002234,0.00001372,0.00003962,0.14178732,0.99990551,0.971893,True,False,792,240,58370,77933,136317
2048,Ascending,1064,1,0,N/A,0.00001545,0.00001352,0.00004115,0.14676275,0.99990959,0.972321,True,False,792,240,52354,76109,128477
2048,Ascending,1065,1,0,N/A,0.00002257,0.00001320,0.00004015,0.13982617,0.99990727,0.972961,True,False,792,240,59073,77708,136795
2048,Ascending,1066,1,1,1,0.00006599,0.00001317,0.00004013,0.13720886,0.99991062,0.973022,True,False,792,240,61621,78726,140361
2048,Ascending,1067,1,0,N/A,0.00002855,0.00001371,0.00003995,0.14468523,0.99990185,0.971924,True,False,792,240,57030,77529,134573
2048,Ascending,1068,1,0,N/A,0.00000127,0.00001408,0.00004228,0.14580484,0.99990038,0.971161,True,False,792,240,61842,77801,139657
2048,Ascending,1069,1,0,N/A,0.00000598,0.00001299,0.00003502,0.13854832,0.99990759,0.973389,True,False,792,240,54467,76914,131395
2048,Ascending,1070,1,0,N/A,0.00000829,0.00001344,0.00004002,0.14008202,0.99991194,0.972473,True,False,792,240,62691,78741,141446
2048,Ascending,1071,1,0,N/A,0.00001199,0.00001328,0.00004065,0.14850588,0.99990142,0.972809,True,False,792,240,55220,77372,132606
2048,Ascending,1072,1,0,N/A,0.00000572,0.00001352,0.00004220,0.13664106,0.99990621,0.972321,True,False,792,240,58792,78097,136903
2048,Ascending,1073,1,0,N/A,0.00001019,0.00001371,0.00003957,0.14668360,0.99989906,0.971924,True,False,792,240,58092,77199,135305
2048,Ascending,1074,1,0,N/A,0.00002442,0.00001390,0.00004051,0.14578481,0.99990169,0.971527,True,False,792,240,59729,77934,137677
2048,Ascending,1075,1,0,N/A,0.00000419,0.00001374,0.00004626,0.15141645,0.99990848,0.971863,True,False,792,240,61708,77761,139483
2048,Ascending,1076,0,0,N/A,0.00000001,0.00001410,0.00004237,0.14800686,0.99989937,0.971130,True,False,792,240,58494,77662,136170
2048,Ascending,1077,1,0,N/A,0.00000485,0.00001377,0.00004094,0.13583232,0.99990800,0.971802,True,False,792,240,50987,76916,127917
2048,Ascending,1078,1,0,N/A,0.00001355,0.00001281,0.00004046,0.14202418,0.99991681,0.973755,True,False,792,240,63219,78351,141584
2048,Ascending,1079,1,0,N/A,0.00000185,0.00001337,0.00003756,0.14272858,0.99990431,0.972626,True,False,792,240,66384,80330,146728
2048,Ascending,1080,1,0,N/A,0.00001361,0.00001407,0.00004368,0.14185943,0.99990221,0.971191,True,False,792,240,58371,77684,136069
2048,Ascending,1081,1,0,N/A,0.00001727,0.00001308,0.00003756,0.13449425,0.99990320,0.973206,True,False,792,240,67053,79179,146246
2048,Ascending,1082,1,0,N/A,0.00000243,0.00001362,0.00003613,0.14663982,0.99989679,0.972107,True,False,792,240,54097,77136,131247
2048,Ascending,1083,1,0,N/A,0.00000861,0.00001344,0.00004192,0.14235037,0.99990257,0.972473,True,False,792,240,57344,77383,134741
2048,Ascending,1084,1,0,N/A,0.00002156,0.00001287,0.00003585,0.14239992,0.99990601,0.973633,True,False,792,240,66790,79928,146732
2048,Ascending,1085,1,0,N/A,0.00000487,0.00001344,0.00003725,0.15317255,0.99990134,0.972473,True,False,792,240,57647,78278,135939
2048,Ascending,1086,1,0,N/A,0.00000263,0.00001356,0.00004452,0.14423473,0.99990674,0.972229,True,False,792,240,57483,77466,134963
2048,Ascending,1087,1,0,N/A,0.00000927,0.00001356,0.00004060,0.13518680,0.99991085,0.972229,True,False,792,240,56855,77498,134367
2048,Ascending,1088,1,0,N/A,0.00001182,0.00001326,0.00003895,0.14338451,0.99990671,0.972839,True,False,792,240,61746,78246,140006
2048,Ascending,1089,1,0,N/A,0.00000056,0.00001374,0.00003906,0.14606111,0.99990143,0.971863,True,False,792,240,58342,77955,136311
2048,Ascending,1090,1,0,N/A,0.00000587,0.00001355,0.00004110,0.13961603,0.99990417,0.972260,True,False,792,240,55914,77446,133374
2048,Ascending,1091,1,0,N/A,0.00000345,0.00001359,0.00003696,0.14219309,0.99990309,0.972168,True,False,792,240,59850,78218,138082
2048,Ascending,1092,1,0,N/A,0.00001617,0.00001258,0.00003603,0.13761655,0.99990484,0.974243,True,False,792,240,57067,77473,134554
2048,Ascending,1093,1,0,N/A,0.00001921,0.00001371,0.00004087,0.14678789,0.99990365,0.971924,True,False,796,240,60453,77850,138317
2048,Ascending,1094,1,0,N/A,0.00000884,0.00001352,0.00004212,0.14503867,0.99990540,0.972321,True,False,792,240,59361,77639,137014
2048,Ascending,1095,1,0,N/A,0.00000416,0.00001366,0.00004090,0.14488024,0.99990615,0.972015,True,False,792,240,56807,77205,134026
2048,Ascending,1096,1,0,N/A,0.00000355,0.00001386,0.00004151,0.14179950,0.99990094,0.971619,True,False,792,240,65494,79314,144822
2048,Ascending,1097,1,0,N/A,0.00000458,0.00001331,0.00003693,0.13590822,0.99990527,0.972748,True,False,792,240,65847,79561,145422
2048,Ascending,1098,1,0,N/A,0.00001166,0.00001283,0.00003558,0.14047650,0.99990418,0.973724,True,False,792,240,59429,78159,137602
2048,Ascending,1099,1,0,N/A,0.00001687,0.00001431,0.00004541,0.14857762,0.99990713,0.970703,True,False,792,240,52749,76881,129644
2048,Ascending,1100,1,0,N/A,0.00001617,0.00001413,0.00004173,0.14387716,0.99990451,0.971069,True,False,792,240,59281,78022,137317
2048,Ascending,1101,1,0,N/A,0.00000704,0.00001366,0.00004108,0.14469781,0.99990361,0.972015,True,False,792,240,56678,77454,134146
2048,Ascending,1102,1,0,N/A,0.00006099,0.00001396,0.00004369,0.14386162,0.99990752,0.971405,True,False,792,240,66205,79489,145708
2048,Ascending,1103,1,0,N/A,0.00002504,0.00001328,0.00003825,0.13929538,0.99990452,0.972809,True,False,792,240,57032,77189,134235
2048,Ascending,1104,1,0,N/A,0.00000809,0.00001366,0.00004431,0.14419378,0.99990279,0.972015,True,False,792,240,60975,78176,139165
2048,Ascending,1105,1,0,N/A,0.00002206,0.00001392,0.00004124,0.14123356,0.99990346,0.971497,True,False,792,240,57019,98928,155961
2048,Ascending,1106,1,0,N/A,0.00001875,0.00001347,0.00003816,0.14460742,0.99990906,0.972412,True,False,792,240,62276,78399,140689
2048,Ascending,1107,1,0,N/A,0.00001881,0.00001334,0.00003810,0.14436883,0.99990793,0.972687,True,False,792,240,57318,77732,135064
2048,Ascending,1108,1,0,N/A,0.00000096,0.00001374,0.00003904,0.14714539,0.99990131,0.971863,True,False,792,240,56355,77173,133542
2048,Ascending,1109,0,0,N/A,0.00000061,0.00001365,0.00004151,0.14367157,0.99990554,0.972046,True,False,792,240,60486,77508,138008
2048,Ascending,1110,1,0,N/A,0.00001887,0.00001334,0.00003771,0.15138334,0.99990450,0.972687,True,False,792,240,61120,78688,139822
2048,Ascending,1111,0,0,N/A,0.00000018,0.00001325,0.00003986,0.13883898,0.99990956,0.972870,True,False,792,240,66964,79263,146241
2048,Ascending,1112,1,0,N/A,0.00002269,0.00001335,0.00003995,0.14196300,0.99990210,0.972656,True,False,792,240,59105,77704,136823
2048,Ascending,1113,1,0,N/A,0.00000359,0.00001290,0.00003926,0.14121525,0.99991057,0.973572,True,False,792,240,61305,78157,139476
2048,Ascending,1114,1,0,N/A,0.00006089,0.00001381,0.00004136,0.14701470,0.99990571,0.971710,True,False,792,240,60763,78358,139135
2048,Ascending,1115,1,0,N/A,0.00001357,0.00001404,0.00004150,0.13817022,0.99990603,0.971252,True,False,792,240,61137,78514,139665
2048,Ascending,1116,1,0,N/A,0.00002604,0.00001378,0.00004283,0.14528697,0.99990950,0.971771,True,False,792,240,58214,77328,135556
2048,Ascending,1117,1,0,N/A,0.00002845,0.00001350,0.00004304,0.14499650,0.99990714,0.972351,True,False,792,240,54124,76675,130813
2048,Ascending,1118,1,0,N/A,0.00002847,0.00001387,0.00003872,0.14767996,0.99990396,0.971588,True,False,809,240,60939,77355,138308
2048,Ascending,1119,1,0,N/A,0.00002853,0.00001316,0.00003868,0.14398344,0.99990902,0.973053,True,False,792,240,62080,78649,140743
2048,Ascending,1120,1,0,N/A,0.00000040,0.00001355,0.00003865,0.14899369,0.99990704,0.972260,True,False,792,240,58415,77482,135911
2048,Ascending,1121,1,0,N/A,0.00001195,0.00001368,0.00004168,0.14133112,0.99990888,0.971985,True,False,792,240,73015,82573,155602
2048,Ascending,1122,1,0,N/A,0.00002905,0.00001416,0.00004227,0.14045066,0.99989810,0.971008,True,False,792,240,62368,78709,141091
2048,Ascending,1123,1,0,N/A,0.00000171,0.00001363,0.00004156,0.13876299,0.99989920,0.972076,True,False,792,240,57483,77552,135049
2048,Ascending,1124,1,0,N/A,0.00001660,0.00001404,0.00004208,0.14897850,0.99990339,0.971252,True,False,792,240,64550,79176,143740
2048,Ascending,1125,1,0,N/A,0.00004294,0.00001402,0.00003986,0.14673576,0.99989990,0.971283,True,False,792,240,60333,77654,138001
2048,Ascending,1126,1,0,N/A,0.00000227,0.00001463,0.00004632,0.14166061,0.99989913,0.970032,True,False,792,240,59279,77843,137136
2048,Ascending,1127,1,0,N/A,0.00003789,0.00001435,0.00004393,0.14665494,0.99989980,0.970612,True,False,792,240,59594,77612,137220
2048,Ascending,1128,1,0,N/A,0.00000678,0.00001331,0.00004003,0.14291978,0.99990241,0.972748,True,False,792,240,63245,78926,142185
2048,Ascending,1129,1,0,N/A,0.00002988,0.00001378,0.00004087,0.13500787,0.99989639,0.971771,True,False,792,240,59835,78303,138152
2048,Ascending,1130,1,0,N/A,0.00003054,0.00001395,0.00003742,0.14840128,0.99989571,0.971436,True,False,792,240,52330,77049,129393
2048,Ascending,1131,1,0,N/A,0.00000448,0.00001313,0.00003720,0.14377514,0.99990583,0.973114,True,False,792,240,59172,78165,137351
2048,Ascending,1132,1,0,N/A,0.00003655,0.00001302,0.00003739,0.14226217,0.99990445,0.973328,True,False,792,240,60869,79529,140412
2048,Ascending,1133,1,0,N/A,0.00003703,0.00001392,0.00004291,0.14223701,0.99990382,0.971497,True,False,792,240,58459,78461,136934
2048,Ascending,1134,1,0,N/A,0.00000134,0.00001377,0.00004001,0.14856534,0.99990080,0.971802,True,False,792,240,64961,79120,144095
2048,Ascending,1135,1,0,N/A,0.00002025,0.00001371,0.00003951,0.14908537,0.99990667,0.971924,True,False,792,240,56195,77652,133861
2048,Ascending,1136,1,0,N/A,0.00000890,0.00001313,0.00003735,0.14786192,0.99989877,0.973114,True,False,792,240,66344,79682,146040
2048,Ascending,1137,1,0,N/A,0.00002410,0.00001328,0.00003776,0.13526776,0.99990502,0.972809,True,False,792,240,60902,78983,139899
2048,Ascending,1138,1,1,1,0.00006922,0.00001365,0.00004109,0.13750383,0.99990428,0.972046,True,False,792,240,56100,77192,133306
2048,Ascending,1139,1,0,N/A,0.00002520,0.00001407,0.00004562,0.14957576,0.99990398,0.971191,True,False,792,240,56364,81081,137459
2048,Ascending,1140,1,0,N/A,0.00002236,0.00001375,0.00004201,0.15682055,0.99990378,0.971832,True,False,792,240,63446,78925,142385
2048,Ascending,1141,1,0,N/A,0.00000349,0.00001323,0.00003715,0.14275045,0.99990838,0.972900,True,False,792,240,60918,78146,139078
2048,Ascending,1142,1,0,N/A,0.00000074,0.00001374,0.00004239,0.15324906,0.99991232,0.971863,True,False,792,240,64250,78505,142769
2048,Ascending,1143,1,0,N/A,0.00000441,0.00001319,0.00003798,0.14492679,0.99990358,0.972992,True,False,792,240,53791,77099,130904
2048,Ascending,1144,1,0,N/A,0.00000927,0.00001366,0.00004475,0.14257237,0.99990861,0.972015,True,False,792,240,59832,78104,137950
2048,Ascending,1145,1,0,N/A,0.00000166,0.00001347,0.00003937,0.14542784,0.99990430,0.972412,True,False,792,240,56887,77459,134360
2048,Ascending,1146,1,0,N/A,0.00000579,0.00001289,0.00003920,0.14829998,0.99991059,0.973602,True,False,792,240,67009,79207,146230
2048,Ascending,1147,1,0,N/A,0.00000353,0.00001363,0.00003824,0.14988156,0.99990712,0.972076,True,False,792,240,56426,82266,138706
2048,Ascending,1148,1,0,N/A,0.00003663,0.00001304,0.00003732,0.14055245,0.99991120,0.973297,True,False,792,240,58378,77713,136105
2048,Ascending,1149,1,0,N/A,0.00000644,0.00001274,0.00003931,0.13328104,0.99991166,0.973907,True,False,809,240,56716,77201,133931
2048,Ascending,1150,1,0,N/A,0.00000137,0.00001374,0.00004115,0.14268701,0.99990065,0.971863,True,False,809,240,62737,78801,141552
2048,Ascending,1151,1,0,N/A,0.00001087,0.00001395,0.00003857,0.14894636,0.99990124,0.971436,True,False,792,240,57792,79026,136832
2048,Ascending,1152,1,0,N/A,0.00000209,0.00001355,0.00003937,0.15076328,0.99990621,0.972260,True,False,792,240,56122,78009,134145
2048,Ascending,1153,1,0,N/A,0.00001963,0.00001346,0.00004101,0.14838563,0.99990591,0.972443,True,False,792,240,57791,77326,135131
2048,Ascending,1154,1,0,N/A,0.00001025,0.00001369,0.00004163,0.14510161,0.99990632,0.971954,True,False,792,240,54653,76772,131439
2048,Ascending,1155,1,0,N/A,0.00001123,0.00001341,0.00003918,0.14530865,0.99990412,0.972534,True,False,792,240,62873,78339,141226
2048,Ascending,1156,1,1,1,0.00007368,0.00001414,0.00004357,0.14545607,0.99990066,0.971039,True,False,792,240,56986,77511,134511
2048,Ascending,1157,1,0,N/A,0.00000084,0.00001353,0.00004017,0.13999629,0.99990385,0.972290,True,False,792,240,57477,77752,135243
2048,Ascending,1158,1,0,N/A,0.00000745,0.00001355,0.00004032,0.15418373,0.99990631,0.972260,True,False,792,240,58012,78017,136043
2048,Ascending,1159,1,0,N/A,0.00001301,0.00001413,0.00004271,0.15280507,0.99990417,0.971069,True,False,792,240,61937,77917,139868
2048,Ascending,1160,1,0,N/A,0.00000210,0.00001288,0.00003445,0.14312686,0.99990415,0.973633,True,False,792,240,56863,77626,134503
2048,Ascending,1161,1,0,N/A,0.00001045,0.00001422,0.00004020,0.14267599,0.99990039,0.970886,True,False,792,240,58056,78164,136234
2048,Ascending,1162,1,0,N/A,0.00002833,0.00001383,0.00004405,0.14742356,0.99990625,0.971680,True,False,792,240,59551,79293,138858
2048,Ascending,1163,1,0,N/A,0.00000236,0.00001363,0.00004109,0.14763409,0.99990693,0.972076,True,False,792,240,56883,81045,137942
2048,Ascending,1164,1,0,N/A,0.00001132,0.00001357,0.00003945,0.13482176,0.99990288,0.972198,True,False,792,240,63608,78929,142551
2048,Ascending,1165,1,0,N/A,0.00001240,0.00001396,0.00004147,0.13321600,0.99990135,0.971405,True,False,792,240,55061,76734,131809
2048,Ascending,1166,1,0,N/A,0.00001610,0.00001366,0.00004237,0.14479222,0.99990902,0.972015,True,False,792,240,58855,76853,135722
2048,Ascending,1167,1,0,N/A,0.00000701,0.00001360,0.00003852,0.15395311,0.99990484,0.972137,True,False,792,240,65968,79394,145376
2048,Ascending,1168,1,0,N/A,0.00000957,0.00001353,0.00004022,0.14135035,0.99989986,0.972290,True,False,792,240,64054,78733,142801
2048,Ascending,1169,1,0,N/A,0.00001060,0.00001353,0.00003785,0.14278554,0.99990345,0.972290,True,False,792,240,53596,77331,130941
2048,Ascending,1170,1,0,N/A,0.00001087,0.00001380,0.00004084,0.13974141,0.99990686,0.971741,True,False,792,240,58938,78538,137490
2048,Ascending,1171,1,0,N/A,0.00001019,0.00001308,0.00003681,0.13825135,0.99991072,0.973206,True,False,792,240,52698,76891,129603
2048,Ascending,1172,1,1,1,0.00014271,0.00001384,0.00004380,0.15289637,0.99990516,0.971649,True,False,792,240,64209,79064,143287
2048,Ascending,1173,1,0,N/A,0.00000436,0.00001387,0.00004220,0.14899882,0.99990340,0.971588,True,False,792,240,56373,77617,134004
2048,Ascending,1174,1,0,N/A,0.00000229,0.00001338,0.00003785,0.14994078,0.99990290,0.972595,True,False,792,240,59576,78517,138107
2048,Ascending,1175,1,0,N/A,0.00002201,0.00001416,0.00004343,0.15064565,0.99990549,0.971008,True,False,792,240,57692,78039,135745
2048,Ascending,1176,1,0,N/A,0.00001075,0.00001331,0.00003937,0.13846661,0.99990660,0.972748,True,False,792,240,57090,77491,134595
2048,Ascending,1177,1,0,N/A,0.00002048,0.00001436,0.00004587,0.14625027,0.99990455,0.970581,True,False,792,240,63064,86884,149962
2048,Ascending,1178,1,0,N/A,0.00001432,0.00001295,0.00003699,0.14930815,0.99990507,0.973480,True,False,792,240,57633,77129,134776
2048,Ascending,1179,1,0,N/A,0.00002499,0.00001377,0.00004009,0.14463790,0.99990153,0.971802,True,False,792,240,56375,78470,134859
2048,Ascending,1180,1,0,N/A,0.00003834,0.00001347,0.00003933,0.14435142,0.99990314,0.972412,True,False,792,240,58183,78016,136213
2048,Ascending,1181,1,0,N/A,0.00002477,0.00001326,0.00003792,0.14343295,0.99990063,0.972839,True,False,792,240,62802,78398,141214
2048,Ascending,1182,1,0,N/A,0.00000512,0.00001381,0.00004191,0.14303433,0.99990215,0.971710,True,False,792,240,54488,78096,132598
2048,Ascending,1183,0,0,N/A,0.00000002,0.00001341,0.00003892,0.14818189,0.99990832,0.972534,True,False,792,240,58410,77414,135838
2048,Ascending,1184,1,0,N/A,0.00000070,0.00001375,0.00004340,0.14140208,0.99990261,0.971832,True,False,792,240,56415,76961,133390
2048,Ascending,1185,1,0,N/A,0.00002550,0.00001381,0.00004254,0.13731898,0.99989987,0.971710,True,False,792,240,60358,78134,138506
2048,Ascending,1186,0,0,N/A,0.00000026,0.00001365,0.00003877,0.14679735,0.99990121,0.972046,True,False,792,240,65763,79191,144968
2048,Ascending,1187,1,0,N/A,0.00002235,0.00001325,0.00004116,0.13487030,0.99990851,0.972870,True,False,792,240,64658,78619,143291
2048,Ascending,1188,1,0,N/A,0.00003985,0.00001374,0.00003770,0.13879943,0.99989845,0.971863,True,False,792,240,64220,78748,142982
2048,Ascending,1189,1,0,N/A,0.00002422,0.00001302,0.00003767,0.14072942,0.99990341,0.973328,True,False,792,240,51672,76746,128432
2048,Ascending,1190,1,0,N/A,0.00002297,0.00001363,0.00004040,0.15017624,0.99990281,0.972076,True,False,792,240,63284,80335,143633
2048,Ascending,1191,1,0,N/A,0.00000350,0.00001378,0.00004552,0.14553605,0.99990961,0.971771,True,False,792,240,55142,77622,132778
2048,Ascending,1192,1,0,N/A,0.00001653,0.00001338,0.00004153,0.14517533,0.99991055,0.972595,True,False,792,240,57909,77716,135639
2048,Ascending,1193,1,0,N/A,0.00001098,0.00001341,0.00004005,0.14670936,0.99990788,0.972534,True,False,792,240,54700,77083,131797
2048,Ascending,1194,1,0,N/A,0.00000957,0.00001329,0.00003731,0.14630338,0.99991023,0.972778,True,False,792,240,60101,78267,138382
2048,Ascending,1195,1,0,N/A,0.00003800,0.00001344,0.00004156,0.14571480,0.99991012,0.972473,True,False,792,240,61694,78621,140329
2048,Ascending,1196,1,0,N/A,0.00000566,0.00001290,0.00003867,0.14173235,0.99991097,0.973572,True,False,792,240,61162,77516,138692
2048,Ascending,1197,1,0,N/A,0.00001476,0.00001389,0.00004220,0.13565495,0.99990085,0.971558,True,False,792,240,59842,77876,137732
2048,Ascending,1198,0,0,N/A,0.00000002,0.00001332,0.00003678,0.14323410,0.99990365,0.972717,True,False,809,240,55028,77195,132237
2048,Ascending,1199,1,0,N/A,0.00000431,0.00001319,0.00004009,0.13893669,0.99990684,0.972992,True,False,792,240,74035,86639,160688
2048,Descending,1200,1,0,N/A,0.00000163,0.00001256,0.00003397,0.14389332,0.99990306,0.974304,True,False,552,0,66768,80238,147020
2048,Descending,1201,1,0,N/A,0.00002302,0.00001255,0.00003434,0.13991007,0.99990420,0.974335,True,False,552,0,60020,79165,139199
2048,Descending,1202,1,0,N/A,0.00002884,0.00001256,0.00003211,0.14536067,0.99990441,0.974304,True,False,552,0,52980,76545,129539
2048,Descending,1203,1,0,N/A,0.00000584,0.00001285,0.00003318,0.14585144,0.99989987,0.973694,True,False,552,0,66809,81384,148207
2048,Descending,1204,1,0,N/A,0.00000498,0.00001252,0.00003301,0.14555912,0.99990775,0.974396,True,False,552,0,59771,78094,137879
2048,Descending,1205,1,0,N/A,0.00000017,0.00001257,0.00003321,0.13704563,0.99990541,0.974274,True,False,552,0,58500,77474,135988
2048,Descending,1206,1,0,N/A,0.00000381,0.00001270,0.00003307,0.14771178,0.99990102,0.973999,True,False,552,0,53094,77200,130308
2048,Descending,1207,1,0,N/A,0.00001489,0.00001265,0.00003360,0.14393647,0.99990574,0.974121,True,False,552,0,57327,77969,135310
2048,Descending,1208,1,0,N/A,0.00001447,0.00001242,0.00003365,0.13456402,0.99990702,0.974579,True,False,552,0,62670,78466,141150
2048,Descending,1209,1,0,N/A,0.00000979,0.00001252,0.00003313,0.14486467,0.99990634,0.974365,True,False,552,0,55608,78849,134471
2048,Descending,1210,1,0,N/A,0.00000425,0.00001271,0.00003378,0.13970500,0.99990209,0.973969,True,False,552,0,57317,77748,135079
2048,Descending,1211,1,0,N/A,0.00001408,0.00001268,0.00003390,0.13644919,0.99990111,0.974060,True,False,552,0,52252,76916,129182
2048,Descending,1212,1,0,N/A,0.00000470,0.00001259,0.00003220,0.14269054,0.99990341,0.974243,True,False,552,0,64552,78773,143339
2048,Descending,1213,1,0,N/A,0.00000001,0.00001253,0.00003314,0.13856205,0.99990643,0.974365,True,False,552,0,60301,78304,138619
2048,Descending,1214,1,0,N/A,0.00000716,0.00001261,0.00003206,0.14240946,0.99990472,0.974213,True,False,569,0,65809,79800,145623
2048,Descending,1215,1,0,N/A,0.00002495,0.00001247,0.00003252,0.13134383,0.99990800,0.974487,True,False,552,0,63709,78950,142673
2048,Descending,1216,1,0,N/A,0.00000394,0.00001291,0.00003288,0.14425390,0.99990245,0.973602,True,False,552,0,57313,77484,134811
2048,Descending,1217,1,0,N/A,0.00000742,0.00001239,0.00003401,0.14475917,0.99990537,0.974640,True,False,552,0,59707,78789,138510
2048,Descending,1218,1,0,N/A,0.00002067,0.00001253,0.00003369,0.13980577,0.99990207,0.974365,True,False,552,0,60348,77406,137768
2048,Descending,1219,1,0,N/A,0.00000126,0.00001239,0.00003283,0.13835590,0.99990984,0.974640,True,False,552,0,53934,76695,130643
2048,Descending,1220,1,0,N/A,0.00000436,0.00001187,0.00003287,0.13697681,0.99991131,0.975708,True,False,552,0,58183,77731,135928
2048,Descending,1221,1,0,N/A,0.00000663,0.00001249,0.00003262,0.14611699,0.99990965,0.974426,True,False,552,0,60733,78566,139313
2048,Descending,1222,1,0,N/A,0.00000139,0.00001224,0.00003383,0.14594037,0.99990982,0.974976,True,False,552,0,60844,77527,138385
2048,Descending,1223,1,0,N/A,0.00000076,0.00001263,0.00003275,0.13377637,0.99990407,0.974152,True,False,552,0,58675,77802,136491
2048,Descending,1224,1,0,N/A,0.00001092,0.00001252,0.00003257,0.14300234,0.99990486,0.974396,True,False,552,0,52520,76314,128848
2048,Descending,1225,1,0,N/A,0.00000724,0.00001278,0.00003267,0.15335907,0.99990067,0.973846,True,False,552,0,57204,77359,134577
2048,Descending,1226,1,0,N/A,0.00000050,0.00001251,0.00003140,0.14683732,0.99990418,0.974396,True,False,552,0,64440,79048,143502
2048,Descending,1227,1,0,N/A,0.00002417,0.00001268,0.00003322,0.13774396,0.99990411,0.974060,True,False,552,0,57560,77021,134595
2048,Descending,1228,1,0,N/A,0.00002691,0.00001233,0.00003321,0.14312184,0.99990631,0.974762,True,False,552,0,59146,78395,137555
2048,Descending,1229,1,0,N/A,0.00000046,0.00001245,0.00003145,0.14504926,0.99990659,0.974518,True,False,552,0,57157,78101,135272
2048,Descending,1230,1,0,N/A,0.00002867,0.00001248,0.00003382,0.14493347,0.99990390,0.974457,True,False,552,0,63436,78918,142368
2048,Descending,1231,1,0,N/A,0.00001276,0.00001278,0.00003381,0.14416494,0.99989862,0.973846,True,False,552,0,57613,78184,135811
2048,Descending,1232,1,0,N/A,0.00001727,0.00001252,0.00003154,0.14415432,0.99990332,0.974396,True,False,552,0,58231,77830,136075
2048,Descending,1233,1,0,N/A,0.00003420,0.00001261,0.00003292,0.14763937,0.99990291,0.974182,True,False,552,0,56259,77198,133471
2048,Descending,1234,1,0,N/A,0.00005665,0.00001250,0.00003139,0.14061313,0.99990420,0.974457,True,False,552,0,62099,79626,141739
2048,Descending,1235,1,0,N/A,0.00004169,0.00001296,0.00003298,0.14929092,0.99990502,0.973480,True,False,552,0,57447,77281,134742
2048,Descending,1236,1,0,N/A,0.00001220,0.00001272,0.00003330,0.13785219,0.99990580,0.973969,True,False,552,0,62844,78573,141431
2048,Descending,1237,1,0,N/A,0.00000025,0.00001255,0.00003297,0.14486529,0.99990479,0.974304,True,False,552,0,55703,77112,132829
2048,Descending,1238,1,0,N/A,0.00003420,0.00001229,0.00003159,0.14165005,0.99990994,0.974854,True,False,552,0,58000,82634,140648
2048,Descending,1239,1,0,N/A,0.00003103,0.00001249,0.00003170,0.13960738,0.99990525,0.974426,True,False,552,0,60189,78575,138778
2048,Descending,1240,1,0,N/A,0.00003754,0.00001249,0.00003118,0.13825011,0.99990445,0.974457,True,False,552,0,65485,79665,145164
2048,Descending,1241,1,0,N/A,0.00001269,0.00001225,0.00003346,0.14067481,0.99991035,0.974915,True,False,552,0,55902,78066,133982
2048,Descending,1242,1,0,N/A,0.00002929,0.00001223,0.00003447,0.13768748,0.99991342,0.974976,True,False,552,0,55002,77473,132489
2048,Descending,1243,1,0,N/A,0.00002106,0.00001254,0.00003168,0.13630405,0.99990009,0.974335,True,False,552,0,65872,79932,145818
2048,Descending,1244,1,0,N/A,0.00000014,0.00001240,0.00003147,0.14017735,0.99990467,0.974640,True,False,552,0,55188,77166,132368
2048,Descending,1245,1,0,N/A,0.00003392,0.00001233,0.00003549,0.13296269,0.99990787,0.974762,True,False,552,0,57502,77310,134826
2048,Descending,1246,1,0,N/A,0.00002888,0.00001268,0.00003306,0.14921437,0.99990328,0.974060,True,False,552,0,52996,76772,129782
2048,Descending,1247,1,0,N/A,0.00001105,0.00001264,0.00003362,0.13896178,0.99990548,0.974121,True,False,552,0,57746,82773,140533
2048,Descending,1248,1,0,N/A,0.00001939,0.00001280,0.00003473,0.13560932,0.99990053,0.973816,True,False,552,0,62341,78830,141185
2048,Descending,1249,1,0,N/A,0.00000116,0.00001261,0.00003186,0.14644168,0.99990603,0.974213,True,False,552,0,57599,77808,135421
2048,Descending,1250,1,0,N/A,0.00000230,0.00001266,0.00003392,0.14398371,0.99990476,0.974091,True,False,552,0,58553,79091,137658
2048,Descending,1251,1,0,N/A,0.00000028,0.00001251,0.00003387,0.14201831,0.99990856,0.974396,True,False,552,0,54559,77009,131582
2048,Descending,1252,1,0,N/A,0.00000726,0.00001253,0.00003194,0.14093344,0.99990219,0.974365,True,False,552,0,61664,78229,139907
2048,Descending,1253,1,0,N/A,0.00002409,0.00001256,0.00003199,0.13974005,0.99990315,0.974304,True,False,552,0,57392,78128,135534
2048,Descending,1254,1,0,N/A,0.00000427,0.00001245,0.00003428,0.14551288,0.99990382,0.974548,True,False,552,0,53697,77309,131020
2048,Descending,1255,1,0,N/A,0.00001277,0.00001253,0.00003335,0.13888364,0.99990090,0.974365,True,False,552,0,56092,82354,138460
2048,Descending,1256,1,0,N/A,0.00001777,0.00001281,0.00003300,0.14046013,0.99990260,0.973785,True,False,552,0,64178,79390,143582
2048,Descending,1257,1,0,N/A,0.00001429,0.00001277,0.00003189,0.13311961,0.99989815,0.973877,True,False,552,0,55968,77799,133781
2048,Descending,1258,1,0,N/A,0.00000966,0.00001231,0.00003369,0.13244804,0.99990653,0.974823,True,False,552,0,59623,79307,138944
2048,Descending,1259,1,0,N/A,0.00002072,0.00001265,0.00003375,0.14893016,0.99990733,0.974121,True,False,552,0,53944,77542,131500
2048,Descending,1260,1,0,N/A,0.00000300,0.00001266,0.00003270,0.14574872,0.99990490,0.974091,True,False,552,0,57385,77479,134878
2048,Descending,1261,1,0,N/A,0.00001299,0.00001265,0.00003156,0.14271521,0.99990461,0.974121,True,False,552,0,60636,78702,139352
2048,Descending,1262,1,0,N/A,0.00001408,0.00001212,0.00003450,0.14207177,0.99991048,0.975220,True,False,552,0,55281,77698,132993
2048,Descending,1263,1,0,N/A,0.00001458,0.00001273,0.00003272,0.14034683,0.99989943,0.973969,True,False,552,0,54839,77495,132348
2048,Descending,1264,1,0,N/A,0.00000297,0.00001252,0.00003149,0.14615401,0.99990311,0.974365,True,False,552,0,65470,79539,145023
2048,Descending,1265,1,0,N/A,0.00001543,0.00001261,0.00003480,0.14815150,0.99990308,0.974182,True,False,552,0,64428,79258,143700
2048,Descending,1266,1,0,N/A,0.00002846,0.00001241,0.00003280,0.14436600,0.99990840,0.974609,True,False,552,0,60847,78327,139188
2048,Descending,1267,1,0,N/A,0.00001023,0.00001285,0.00003314,0.14065469,0.99990284,0.973694,True,False,552,0,57228,77244,134486
2048,Descending,1268,1,1,1,0.00007415,0.00001262,0.00003337,0.13943888,0.99990904,0.974182,True,False,552,0,55801,77332,133147
2048,Descending,1269,1,0,N/A,0.00002654,0.00001278,0.00003367,0.14159692,0.99989863,0.973846,True,False,552,0,57275,77194,134483
2048,Descending,1270,1,0,N/A,0.00002775,0.00001271,0.00003347,0.14260162,0.99990372,0.973999,True,False,552,0,60002,77942,137958
2048,Descending,1271,1,0,N/A,0.00000689,0.00001265,0.00003138,0.13717580,0.99990116,0.974121,True,False,552,0,60105,77679,137798
2048,Descending,1272,1,0,N/A,0.00001374,0.00001249,0.00003510,0.14238475,0.99990561,0.974457,True,False,552,0,55227,81014,136255
2048,Descending,1273,1,0,N/A,0.00000961,0.00001253,0.00003264,0.13343378,0.99990328,0.974365,True,False,552,0,61911,77848,139773
2048,Descending,1274,1,0,N/A,0.00000377,0.00001259,0.00003340,0.14102197,0.99990499,0.974243,True,False,552,0,61678,78350,140042
2048,Descending,1275,1,0,N/A,0.00000182,0.00001267,0.00003264,0.14171347,0.99989829,0.974091,True,False,552,0,55732,78438,134184
2048,Descending,1276,1,0,N/A,0.00003623,0.00001234,0.00003431,0.14878153,0.99991024,0.974762,True,False,552,0,55328,77592,132934
2048,Descending,1277,1,0,N/A,0.00000627,0.00001262,0.00003331,0.13591376,0.99990692,0.974182,True,False,552,0,57309,77719,135042
2048,Descending,1278,1,0,N/A,0.00005231,0.00001238,0.00003419,0.14000385,0.99990584,0.974670,True,False,552,0,51923,76560,128497
2048,Descending,1279,1,0,N/A,0.00000102,0.00001269,0.00003361,0.14153608,0.99990007,0.974030,True,False,552,0,62074,79050,141138
2048,Descending,1280,1,0,N/A,0.00001211,0.00001258,0.00003176,0.14423235,0.99990640,0.974243,True,False,552,0,56295,76856,133165
2048,Descending,1281,1,0,N/A,0.00002104,0.00001255,0.00003387,0.13697626,0.99990564,0.974304,True,False,552,0,54535,77480,132029
2048,Descending,1282,1,0,N/A,0.00001376,0.00001293,0.00003526,0.14494253,0.99989990,0.973541,True,False,552,0,57159,78249,135422
2048,Descending,1283,1,0,N/A,0.00002770,0.00001250,0.00003277,0.14917614,0.99990730,0.974426,True,False,569,0,64702,79624,144340
2048,Descending,1284,1,0,N/A,0.00001689,0.00001247,0.00003249,0.14250564,0.99990772,0.974487,True,False,552,0,58090,77471,135575
2048,Descending,1285,1,0,N/A,0.00000363,0.00001284,0.00003253,0.14342522,0.99990047,0.973724,True,False,552,0,54701,77090,131805
2048,Descending,1286,1,0,N/A,0.00001085,0.00001253,0.00003151,0.14927968,0.99990585,0.974365,True,False,552,0,61503,78431,139948
2048,Descending,1287,1,0,N/A,0.00000620,0.00001245,0.00003350,0.14094686,0.99990871,0.974518,True,False,552,0,51167,77830,129011
2048,Descending,1288,1,0,N/A,0.00000366,0.00001282,0.00003238,0.14612594,0.99989794,0.973755,True,False,552,0,77464,87299,164777
2048,Descending,1289,1,0,N/A,0.00001380,0.00001245,0.00003149,0.13528327,0.99990454,0.974548,True,False,552,0,64380,79919,144313
2048,Descending,1290,1,0,N/A,0.00000422,0.00001251,0.00003451,0.14313270,0.99990404,0.974396,True,False,552,0,58413,78025,136452
2048,Descending,1291,1,0,N/A,0.00001949,0.00001247,0.00003311,0.14003962,0.99990640,0.974487,True,False,552,0,57981,77187,135182
2048,Descending,1292,1,0,N/A,0.00000627,0.00001234,0.00003390,0.14136663,0.99991038,0.974762,True,False,552,0,60300,78267,138581
2048,Descending,1293,1,0,N/A,0.00000206,0.00001266,0.00003200,0.14851578,0.99990785,0.974091,True,False,552,0,66534,79830,146378
2048,Descending,1294,1,0,N/A,0.00002199,0.00001239,0.00003302,0.13664236,0.99990838,0.974670,True,False,552,0,58636,78805,137455
2048,Descending,1295,1,0,N/A,0.00000997,0.00001232,0.00003473,0.14158284,0.99990886,0.974792,True,False,569,0,57967,78351,136332
2048,Descending,1296,1,0,N/A,0.00000357,0.00001237,0.00003366,0.14794764,0.99990832,0.974670,True,False,552,0,82444,93052,175510
2048,Descending,1297,1,0,N/A,0.00000676,0.00001244,0.00003443,0.13825640,0.99990540,0.974579,True,False,552,0,68002,79696,147712
2048,Descending,1298,1,0,N/A,0.00000565,0.00001263,0.00003355,0.13301634,0.99990628,0.974152,True,False,552,0,60605,78380,138999
2048,Descending,1299,1,0,N/A,0.00000409,0.00001256,0.00003285,0.15193550,0.99990461,0.974304,True,False,552,0,62554,79095,141663
2048,Descending,1300,1,0,N/A,0.00001411,0.00001221,0.00003300,0.14551829,0.99991343,0.975037,True,False,552,0,55312,77126,132452
2048,Descending,1301,1,0,N/A,0.00001227,0.00001270,0.00003359,0.14691862,0.99990788,0.974030,True,False,552,0,66358,79512,145884
2048,Descending,1302,1,0,N/A,0.00002431,0.00001245,0.00003234,0.13709717,0.99990346,0.974518,True,False,552,0,59749,78565,138328
2048,Descending,1303,1,0,N/A,0.00002918,0.00001247,0.00003360,0.13981131,0.99990262,0.974487,True,False,552,0,58151,77958,136123
2048,Descending,1304,1,0,N/A,0.00001842,0.00001238,0.00003337,0.14450524,0.99990825,0.974701,True,False,552,0,58435,78226,136675
2048,Descending,1305,1,0,N/A,0.00001339,0.00001250,0.00003297,0.13389201,0.99990356,0.974426,True,False,552,0,67283,80443,147740
2048,Descending,1306,1,0,N/A,0.00002102,0.00001255,0.00003263,0.13985001,0.99990259,0.974335,True,False,552,0,61514,83826,145354
2048,Descending,1307,1,0,N/A,0.00000497,0.00001269,0.00003241,0.13845444,0.99990317,0.974030,True,False,552,0,53495,76886,130395
2048,Descending,1308,1,0,N/A,0.00002960,0.00001274,0.00003294,0.15378286,0.99990739,0.973907,True,False,552,0,60211,78574,138799
2048,Descending,1309,1,0,N/A,0.00003444,0.00001251,0.00003439,0.14983506,0.99991014,0.974396,True,False,552,0,57230,77742,134986
2048,Descending,1310,1,0,N/A,0.00000368,0.00001237,0.00003292,0.13824115,0.99990374,0.974701,True,False,552,0,65174,79514,144702
2048,Descending,1311,1,0,N/A,0.00002490,0.00001246,0.00003224,0.13812495,0.99990519,0.974518,True,False,569,0,52418,77768,130200
2048,Descending,1312,1,0,N/A,0.00000146,0.00001248,0.00003223,0.13711940,0.99990223,0.974457,True,False,552,0,59286,78577,137877
2048,Descending,1313,1,0,N/A,0.00001511,0.00001254,0.00003359,0.13049197,0.99990608,0.974335,True,False,552,0,54242,77304,131560
2048,Descending,1314,1,0,N/A,0.00001822,0.00001268,0.00003392,0.14790894,0.99990553,0.974060,True,False,552,0,62757,79582,142353
2048,Descending,1315,1,0,N/A,0.00001779,0.00001222,0.00003277,0.13755520,0.99990519,0.975006,True,False,552,0,58026,77468,135508
2048,Descending,1316,1,1,1,0.00006341,0.00001276,0.00003426,0.14752623,0.99990143,0.973907,True,False,552,0,57078,76964,134056
2048,Descending,1317,1,0,N/A,0.00001043,0.00001288,0.00003351,0.14898388,0.99990058,0.973633,True,False,552,0,59085,78143,137242
2048,Descending,1318,1,0,N/A,0.00000562,0.00001276,0.00003276,0.14672929,0.99991046,0.973877,True,False,569,0,61275,78870,140159
2048,Descending,1319,1,0,N/A,0.00001506,0.00001260,0.00003460,0.14998510,0.99990424,0.974213,True,False,552,0,56857,77807,134678
2048,Descending,1320,1,0,N/A,0.00001613,0.00001271,0.00003292,0.14088269,0.99990051,0.973999,True,False,552,0,56901,78397,135312
2048,Descending,1321,1,0,N/A,0.00002378,0.00001235,0.00003246,0.13978238,0.99990579,0.974731,True,False,552,0,59665,79058,138737
2048,Descending,1322,1,0,N/A,0.00000059,0.00001273,0.00003285,0.14243849,0.99990072,0.973969,True,False,552,0,51856,78128,129998
2048,Descending,1323,1,1,1,0.00006772,0.00001263,0.00003360,0.12923337,0.99989759,0.974152,True,False,552,0,63055,80201,143270
2048,Descending,1324,1,0,N/A,0.00002092,0.00001273,0.00003289,0.13800039,0.99989805,0.973938,True,False,569,0,52358,78677,131049
2048,Descending,1325,1,0,N/A,0.00002065,0.00001278,0.00003372,0.14083104,0.99990664,0.973846,True,False,552,0,58915,84136,143065
2048,Descending,1326,1,0,N/A,0.00005513,0.00001251,0.00003302,0.14409327,0.99990475,0.974396,True,False,552,0,58351,79620,137985
2048,Descending,1327,1,0,N/A,0.00000624,0.00001251,0.00003198,0.14596370,0.99990637,0.974396,True,False,569,0,65737,80013,145764
2048,Descending,1328,1,0,N/A,0.00000807,0.00001222,0.00003236,0.13753158,0.99990754,0.974976,True,False,552,0,59000,78484,137498
2048,Descending,1329,1,0,N/A,0.00001877,0.00001253,0.00003240,0.13962151,0.99990502,0.974365,True,False,552,0,54664,77301,131979
2048,Descending,1330,1,0,N/A,0.00001720,0.00001263,0.00003342,0.14688676,0.99990629,0.974152,True,False,569,0,58939,78549,137502
2048,Descending,1331,1,0,N/A,0.00000418,0.00001220,0.00003268,0.13295261,0.99990612,0.975037,True,False,552,0,52039,76979,129032
2048,Descending,1332,1,0,N/A,0.00001385,0.00001230,0.00003238,0.13625160,0.99990476,0.974854,True,False,552,0,62274,84166,146454
2048,Descending,1333,1,0,N/A,0.00000875,0.00001247,0.00003225,0.14046555,0.99990283,0.974487,True,False,552,0,55477,77180,132671
2048,Descending,1334,1,0,N/A,0.00001323,0.00001255,0.00003235,0.13802515,0.99990234,0.974304,True,False,552,0,59405,77931,137350
2048,Descending,1335,1,0,N/A,0.00000832,0.00001256,0.00003300,0.13477477,0.99990612,0.974304,True,False,552,0,55926,77538,133478
2048,Descending,1336,1,0,N/A,0.00000343,0.00001245,0.00003326,0.14192389,0.99990808,0.974518,True,False,552,0,61674,78471,140159
2048,Descending,1337,1,0,N/A,0.00002244,0.00001261,0.00003291,0.14125753,0.99990211,0.974213,True,False,552,0,59513,77953,137480
2048,Descending,1338,1,0,N/A,0.00000261,0.00001246,0.00003137,0.13704575,0.99990133,0.974518,True,False,552,0,57004,77907,134925
2048,Descending,1339,1,0,N/A,0.00004728,0.00001274,0.00003253,0.14762952,0.99990118,0.973938,True,False,552,0,60941,85051,146006
2048,Descending,1340,1,0,N/A,0.00000972,0.00001253,0.00003357,0.14103047,0.99990369,0.974365,True,False,552,0,60870,78537,139421
2048,Descending,1341,1,0,N/A,0.00000921,0.00001269,0.00003309,0.14425136,0.99990273,0.974030,True,False,552,0,57475,78104,135593
2048,Descending,1342,1,0,N/A,0.00001398,0.00001284,0.00003300,0.14429187,0.99990569,0.973724,True,False,552,0,52148,76991,129153
2048,Descending,1343,1,0,N/A,0.00003476,0.00001279,0.00003379,0.13502763,0.99989837,0.973846,True,False,552,0,59322,78298,137634
2048,Descending,1344,1,0,N/A,0.00000482,0.00001217,0.00003209,0.13562472,0.99991279,0.975098,True,False,552,0,64668,79041,143723
2048,Descending,1345,1,0,N/A,0.00001610,0.00001251,0.00003417,0.14283325,0.99990658,0.974396,True,False,552,0,61559,79264,140837
2048,Descending,1346,1,0,N/A,0.00000365,0.00001241,0.00003243,0.13578856,0.99990481,0.974609,True,False,552,0,63627,79537,143178
2048,Descending,1347,1,0,N/A,0.00000384,0.00001268,0.00003365,0.14659746,0.99989912,0.974060,True,False,552,0,58443,78503,136960
2048,Descending,1348,1,0,N/A,0.00000191,0.00001225,0.00003358,0.13779150,0.99991002,0.974915,True,False,552,0,59446,78929,138389
2048,Descending,1349,1,0,N/A,0.00002037,0.00001227,0.00003278,0.13708405,0.99990544,0.974915,True,False,552,0,65537,80494,146045
2048,Descending,1350,1,0,N/A,0.00001443,0.00001273,0.00003297,0.14483758,0.99990361,0.973969,True,False,552,0,61060,77974,139048
2048,Descending,1351,1,0,N/A,0.00000060,0.00001257,0.00003290,0.14419335,0.99990275,0.974274,True,False,552,0,52430,83270,135714
2048,Descending,1352,1,0,N/A,0.00003824,0.00001265,0.00003476,0.14401328,0.99990490,0.974121,True,False,552,0,57357,78736,136107
2048,Descending,1353,1,0,N/A,0.00000011,0.00001272,0.00003266,0.14439157,0.99990730,0.973969,True,False,552,0,56030,78231,134275
2048,Descending,1354,1,0,N/A,0.00002526,0.00001271,0.00003316,0.13916407,0.99989582,0.973999,True,False,552,0,62392,79974,142380
2048,Descending,1355,1,0,N/A,0.00000409,0.00001248,0.00003270,0.14446465,0.99990511,0.974487,True,False,569,0,52980,79974,132968
2048,Descending,1356,1,0,N/A,0.00001183,0.00001266,0.00003436,0.14937074,0.99990420,0.974091,True,False,552,0,61487,80202,141703
2048,Descending,1357,1,0,N/A,0.00001328,0.00001242,0.00003489,0.13585334,0.99990664,0.974579,True,False,552,0,54095,76672,130781
2048,Descending,1358,1,0,N/A,0.00001007,0.00001290,0.00003371,0.13996514,0.99990022,0.973602,True,False,552,0,62871,79340,142225
2048,Descending,1359,1,0,N/A,0.00000482,0.00001274,0.00003477,0.14386854,0.99990270,0.973938,True,False,552,0,60555,78425,138994
2048,Descending,1360,1,0,N/A,0.00000588,0.00001280,0.00003505,0.13891551,0.99990179,0.973816,True,False,552,0,51605,76336,127955
2048,Descending,1361,1,0,N/A,0.00002789,0.00001243,0.00003564,0.14033935,0.99990504,0.974579,True,False,552,0,57812,77892,135718
2048,Descending,1362,1,0,N/A,0.00000204,0.00001281,0.00003169,0.15449416,0.99990512,0.973785,True,False,552,0,59846,77845,137705
2048,Descending,1363,1,0,N/A,0.00000125,0.00001291,0.00003218,0.14879100,0.99990191,0.973572,True,False,552,0,61340,78094,139448
2048,Descending,1364,1,0,N/A,0.00000138,0.00001262,0.00003197,0.14180728,0.99990324,0.974182,True,False,569,0,61129,78761,139904
2048,Descending,1365,1,0,N/A,0.00002673,0.00001251,0.00003178,0.14488073,0.99990515,0.974396,True,False,552,0,57648,77723,135385
2048,Descending,1366,1,0,N/A,0.00001010,0.00001249,0.00003271,0.14333030,0.99990646,0.974457,True,False,552,0,57454,77711,135179
2048,Descending,1367,1,0,N/A,0.00000091,0.00001266,0.00003551,0.13378957,0.99990514,0.974091,True,False,552,0,62446,78649,141109
2048,Descending,1368,1,0,N/A,0.00001287,0.00001246,0.00003375,0.12949221,0.99990945,0.974518,True,False,552,0,52901,77875,130790
2048,Descending,1369,1,0,N/A,0.00001850,0.00001270,0.00003242,0.14067869,0.99990501,0.973999,True,False,552,0,59240,78428,137682
2048,Descending,1370,1,0,N/A,0.00004257,0.00001229,0.00003269,0.13478778,0.99990985,0.974854,True,False,552,0,56271,77459,133744
2048,Descending,1371,1,0,N/A,0.00001512,0.00001251,0.00003372,0.14039303,0.99990247,0.974396,True,False,552,0,65549,80271,145834
2048,Descending,1372,1,0,N/A,0.00000767,0.00001223,0.00003330,0.13775102,0.99990647,0.974976,True,False,552,0,61483,77838,139335
2048,Descending,1373,1,0,N/A,0.00003025,0.00001270,0.00003228,0.14250235,0.99990059,0.973999,True,False,552,0,55236,77784,133034
2048,Descending,1374,1,0,N/A,0.00000065,0.00001256,0.00003252,0.15086584,0.99990629,0.974304,True,False,552,0,62068,78594,140676
2048,Descending,1375,1,0,N/A,0.00001784,0.00001255,0.00003345,0.14134478,0.99990467,0.974335,True,False,552,0,50653,77001,127668
2048,Descending,1376,1,0,N/A,0.00004639,0.00001273,0.00003205,0.13859654,0.99990226,0.973938,True,False,552,0,61400,77617,139031
2048,Descending,1377,1,0,N/A,0.00000738,0.00001288,0.00003363,0.15164613,0.99989824,0.973633,True,False,552,0,66874,79858,146746
2048,Descending,1378,1,0,N/A,0.00003025,0.00001277,0.00003236,0.14650800,0.99989605,0.973877,True,False,552,0,59716,78577,138307
2048,Descending,1379,1,0,N/A,0.00000316,0.00001254,0.00003163,0.14097027,0.99990400,0.974335,True,False,552,0,58493,78565,137072
2048,Descending,1380,1,0,N/A,0.00001737,0.00001260,0.00003319,0.13408575,0.99990317,0.974213,True,False,552,0,62777,78751,141542
2048,Descending,1381,1,0,N/A,0.00001764,0.00001262,0.00003340,0.14688674,0.99990879,0.974182,True,False,552,0,56877,77462,134353
2048,Descending,1382,1,0,N/A,0.00000099,0.00001262,0.00003172,0.14080063,0.99990049,0.974182,True,False,552,0,58157,77916,136087
2048,Descending,1383,1,0,N/A,0.00000500,0.00001259,0.00003241,0.13281488,0.99990363,0.974243,True,False,552,0,56386,77658,134058
2048,Descending,1384,1,0,N/A,0.00000446,0.00001246,0.00003237,0.13557798,0.99990217,0.974487,True,False,552,0,56516,77707,134237
2048,Descending,1385,1,0,N/A,0.00000900,0.00001241,0.00003137,0.14037797,0.99990757,0.974609,True,False,552,0,63302,79027,142343
2048,Descending,1386,1,0,N/A,0.00002846,0.00001261,0.00003425,0.14217466,0.99990550,0.974213,True,False,552,0,59569,77909,137492
2048,Descending,1387,1,0,N/A,0.00001230,0.00001276,0.00003201,0.13931769,0.99990210,0.973907,True,False,552,0,57310,77439,134763
2048,Descending,1388,1,0,N/A,0.00000810,0.00001247,0.00003247,0.13546699,0.99990510,0.974487,True,False,569,0,52454,76436,128904
2048,Descending,1389,1,0,N/A,0.00000223,0.00001254,0.00003190,0.14884159,0.99990450,0.974335,True,False,552,0,61444,79255,140713
2048,Descending,1390,1,0,N/A,0.00000570,0.00001260,0.00003279,0.14445165,0.99990924,0.974213,True,False,552,0,56351,77371,133736
2048,Descending,1391,1,0,N/A,0.00000267,0.00001248,0.00003564,0.14143102,0.99990517,0.974457,True,False,552,0,64029,79326,143369
2048,Descending,1392,1,0,N/A,0.00002595,0.00001264,0.00003256,0.14678798,0.99990383,0.974121,True,False,552,0,58227,77712,135953
2048,Descending,1393,1,0,N/A,0.00001634,0.00001270,0.00003253,0.13988518,0.99990743,0.973999,True,False,552,0,65043,80069,145126
2048,Descending,1394,1,0,N/A,0.00002922,0.00001264,0.00003344,0.14526551,0.99990636,0.974121,True,False,552,0,61140,78609,139763
2048,Descending,1395,1,0,N/A,0.00000291,0.00001265,0.00003469,0.13754096,0.99990825,0.974121,True,False,552,0,63379,79956,143349
2048,Descending,1396,1,0,N/A,0.00000118,0.00001246,0.00003075,0.14078338,0.99990852,0.974518,True,False,552,0,61977,78416,140407
2048,Descending,1397,1,0,N/A,0.00000483,0.00001258,0.00003186,0.14073478,0.99990542,0.974243,True,False,552,0,57787,77227,135028
2048,Descending,1398,1,0,N/A,0.00000150,0.00001247,0.00003190,0.14343179,0.99990449,0.974487,True,False,552,0,60820,78880,139714
2048,Descending,1399,1,0,N/A,0.00000419,0.00001260,0.00003261,0.14385151,0.99990527,0.974243,True,False,552,0,68424,79355,147793
4096,Uniform_Small,0,1,0,N/A,0.00000037,0.00001595,0.00003105,0.27465476,0.99906095,0.934662,True,False,1112,48,70336,90270,160620
4096,Uniform_Small,1,0,0,N/A,0.00000002,0.00001560,0.00003198,0.26358232,0.99911440,0.936096,True,False,1112,48,68949,80857,149820
4096,Uniform_Small,2,1,0,N/A,0.00000063,0.00001588,0.00003181,0.26482576,0.99909857,0.934937,True,False,1096,32,63939,78456,142409
4096,Uniform_Small,3,1,0,N/A,0.00000020,0.00001565,0.00003091,0.27295854,0.99909955,0.935883,True,False,1080,16,64025,77250,141289
4096,Uniform_Small,4,1,0,N/A,0.00000039,0.00001556,0.00003136,0.26633406,0.99907272,0.936279,True,False,1096,32,65376,78429,143819
4096,Uniform_Small,5,1,0,N/A,0.00000028,0.00001586,0.00003126,0.26968599,0.99908206,0.935059,True,False,1096,32,64586,78406,143006
4096,Uniform_Small,6,1,0,N/A,0.00000027,0.00001630,0.00003206,0.28132507,0.99905838,0.933228,True,False,1161,80,66451,78547,145012
4096,Uniform_Small,7,1,0,N/A,0.00000088,0.00001557,0.00003194,0.25865750,0.99909073,0.936218,True,False,1128,64,69625,79587,149226
4096,Uniform_Small,8,1,0,N/A,0.00000127,0.00001588,0.00003170,0.27146795,0.99910894,0.934967,True,False,1144,80,67413,78494,145921
4096,Uniform_Small,9,1,0,N/A,0.00000095,0.00001601,0.00003309,0.28513854,0.99909161,0.934418,True,False,1128,64,66121,79366,145501
4096,Uniform_Small,10,1,0,N/A,0.00000015,0.00001613,0.00003274,0.28077011,0.99908144,0.933929,True,False,1128,64,67250,80918,148182
4096,Uniform_Small,11,1,0,N/A,0.00000109,0.00001564,0.00003082,0.26253171,0.99908875,0.935944,True,False,1096,32,63028,78167,141209
4096,Uniform_Small,12,1,0,N/A,0.00000205,0.00001627,0.00003288,0.26437860,0.99907996,0.933350,True,False,1128,64,63932,77722,141668
4096,Uniform_Small,13,1,0,N/A,0.00000044,0.00001601,0.00003182,0.26943291,0.99908207,0.934418,True,False,1144,80,66791,78649,145454
4096,Uniform_Small,14,1,0,N/A,0.00000101,0.00001618,0.00003195,0.26246162,0.99907989,0.933746,True,False,1144,64,64168,82992,147174
4096,Uniform_Small,15,1,0,N/A,0.00000008,0.00001645,0.00003385,0.27186404,0.99907793,0.932617,True,False,1128,64,66087,78169,144270
4096,Uniform_Small,16,1,0,N/A,0.00000039,0.00001575,0.00003151,0.27393717,0.99908677,0.935486,True,False,1129,48,65517,78007,143538
4096,Uniform_Small,17,1,0,N/A,0.00000193,0.00001654,0.00003267,0.28338382,0.99905604,0.932251,True,False,1144,80,65156,79120,144290
4096,Uniform_Small,18,1,0,N/A,0.00000199,0.00001589,0.00003245,0.27051009,0.99905917,0.934906,True,False,1112,48,63361,78081,141456
4096,Uniform_Small,19,1,0,N/A,0.00000051,0.00001634,0.00003243,0.27854761,0.99907982,0.933075,True,False,1144,80,66969,80041,147024
4096,Uniform_Small,20,1,0,N/A,0.00000043,0.00001579,0.00003083,0.28138709,0.99907126,0.935333,True,False,1113,32,73412,80083,153509
4096,Uniform_Small,21,1,0,N/A,0.00000014,0.00001598,0.00003176,0.26740042,0.99906695,0.934540,True,False,1096,32,65435,78457,143906
4096,Uniform_Small,22,1,0,N/A,0.00000170,0.00001634,0.00003235,0.26370468,0.99908489,0.933075,True,False,1128,64,66467,78889,145370
4096,Uniform_Small,23,1,0,N/A,0.00000007,0.00001569,0.00003168,0.26773321,0.99909115,0.935730,True,False,1096,32,63588,79320,142922
4096,Uniform_Small,24,1,0,N/A,0.00000068,0.00001617,0.00003282,0.27537798,0.99907916,0.933777,True,False,1144,80,68962,78745,147721
4096,Uniform_Small,25,1,0,N/A,0.00000013,0.00001566,0.00003095,0.27260865,0.99908304,0.935852,True,False,1080,16,65087,78344,143445
4096,Uniform_Small,26,1,0,N/A,0.00000033,0.00001589,0.00003186,0.26820821,0.99909476,0.934906,True,False,1144,80,66979,78749,145742
4096,Uniform_Small,27,1,0,N/A,0.00000054,0.00001631,0.00003246,0.27623176,0.99906023,0.933197,True,False,1128,64,68794,81260,150068
4096,Uniform_Small,28,1,0,N/A,0.00000021,0.00001600,0.00003077,0.28356517,0.99906375,0.934448,True,False,1096,32,66805,78436,145255
4096,Uniform_Small,29,1,0,N/A,0.00000024,0.00001580,0.00003128,0.27271317,0.99909395,0.935272,True,False,1129,48,64216,78543,142773
4096,Uniform_Small,30,1,0,N/A,0.00000003,0.00001577,0.00003159,0.26351129,0.99908839,0.935394,True,False,1128,64,66541,85372,151927
4096,Uniform_Small,31,1,0,N/A,0.00000177,0.00001624,0.00003187,0.27834617,0.99905741,0.933472,True,False,1096,32,64523,78810,143347
4096,Uniform_Small,32,1,0,N/A,0.00000022,0.00001582,0.00003120,0.27368359,0.99907762,0.935211,True,False,1064,0,66441,79029,145484
4096,Uniform_Small,33,1,0,N/A,0.00000016,0.00001580,0.00003112,0.28437912,0.99905337,0.935272,True,False,1096,32,67651,78824,146489
4096,Uniform_Small,34,1,0,N/A,0.00000071,0.00001565,0.00003128,0.26268338,0.99908674,0.935913,True,False,1112,48,65870,78599,144483
4096,Uniform_Small,35,0,0,N/A,0.00000008,0.00001565,0.00003150,0.26054471,0.99911154,0.935883,True,False,1096,32,67064,78611,145689
4096,Uniform_Small,36,1,0,N/A,0.00000000,0.00001593,0.00003163,0.27566352,0.99909228,0.934753,True,False,1096,32,64914,77903,142831
4096,Uniform_Small,37,1,0,N/A,0.00000195,0.00001595,0.00003092,0.28371845,0.99906097,0.934662,True,False,1080,16,67609,80538,148161
4096,Uniform_Small,38,1,0,N/A,0.00000120,0.00001579,0.00003100,0.26899395,0.99908434,0.935333,True,False,1114,16,65630,86001,151645
4096,Uniform_Small,39,1,0,N/A,0.00000119,0.00001627,0.00003171,0.29021618,0.99905980,0.933350,True,False,1112,48,76845,84481,161340
4096,Uniform_Small,40,1,0,N/A,0.00000055,0.00001587,0.00003118,0.26445140,0.99908194,0.934998,True,False,1113,32,67764,79294,147072
4096,Uniform_Small,41,0,0,N/A,0.00000012,0.00001602,0.00003142,0.29790376,0.99903484,0.934387,True,False,1080,16,63705,77416,141135
4096,Uniform_Small,42,1,0,N/A,0.00000136,0.00001581,0.00003169,0.25438354,0.99909079,0.935242,True,False,1146,48,65929,78263,144206
4096,Uniform_Small,43,1,0,N/A,0.00000135,0.00001647,0.00003313,0.27692997,0.99907565,0.932526,True,False,1160,96,77000,79260,156274
4096,Uniform_Small,44,1,0,N/A,0.00000093,0.00001586,0.00003145,0.26486019,0.99908351,0.935028,True,False,1113,32,67944,79124,147082
4096,Uniform_Small,45,1,0,N/A,0.00000031,0.00001574,0.00003123,0.26206614,0.99910142,0.935516,True,False,1112,48,63542,78778,142334
4096,Uniform_Small,46,1,0,N/A,0.00000160,0.00001610,0.00003204,0.27348138,0.99907751,0.934052,True,False,1128,64,65440,79234,144688
4096,Uniform_Small,47,1,0,N/A,0.00000012,0.00001577,0.00003238,0.25182392,0.99909876,0.935425,True,False,1144,80,70322,79736,150072
4096,Uniform_Small,48,1,0,N/A,0.00000088,0.00001606,0.00003197,0.28528018,0.99906538,0.934235,True,False,1128,64,67182,84121,151317
4096,Uniform_Small,49,1,0,N/A,0.00000146,0.00001608,0.00003280,0.27586364,0.99906650,0.934143,True,False,1112,48,64747,78043,142804
4096,Uniform_Small,50,1,0,N/A,0.00000184,0.00001612,0.00003348,0.27024321,0.99909683,0.933990,True,False,1144,80,66832,79460,146306
4096,Uniform_Small,51,1,0,N/A,0.00000017,0.00001597,0.00003191,0.27003175,0.99906869,0.934570,True,False,1112,48,67189,78017,145220
4096,Uniform_Small,52,1,0,N/A,0.00000044,0.00001569,0.00003109,0.27734896,0.99908516,0.935730,True,False,1080,16,80662,81094,161770
4096,Uniform_Small,53,1,0,N/A,0.00000068,0.00001582,0.00003154,0.27322969,0.99907475,0.935211,True,False,1128,64,66350,78129,144493
4096,Uniform_Small,54,1,0,N/A,0.00000024,0.00001609,0.00003128,0.26554915,0.99907154,0.934113,True,False,1096,32,64377,77918,142309
4096,Uniform_Small,55,1,0,N/A,0.00000054,0.00001606,0.00003258,0.27275927,0.99907901,0.934204,True,False,1160,96,67342,78966,146322
4096,Uniform_Small,56,1,0,N/A,0.00000075,0.00001584,0.00003183,0.27037115,0.99905948,0.935120,True,False,1096,32,62832,78352,141198
4096,Uniform_Small,57,1,0,N/A,0.00000000,0.00001560,0.00003132,0.26411372,0.99909584,0.936096,True,False,1141,48,67221,80060,147295
4096,Uniform_Small,58,1,0,N/A,0.00000029,0.00001600,0.00003161,0.27955286,0.99908415,0.934448,True,False,1096,32,62590,78786,141390
4096,Uniform_Small,59,1,0,N/A,0.00000228,0.00001615,0.00003255,0.27452967,0.99906354,0.933838,True,False,1112,48,63696,77158,140868
4096,Uniform_Small,60,1,0,N/A,0.00000014,0.00001576,0.00003192,0.26513050,0.99908936,0.935455,True,False,1112,48,65963,80279,146256
4096,Uniform_Small,61,1,0,N/A,0.00000058,0.00001562,0.00003141,0.26853937,0.99907895,0.936035,True,False,1153,64,76712,79031,155757
4096,Uniform_Small,62,1,0,N/A,0.00000049,0.00001548,0.00003145,0.26723961,0.99910953,0.936584,True,False,1080,16,67506,79207,146727
4096,Uniform_Small,63,1,0,N/A,0.00000138,0.00001602,0.00003125,0.28330801,0.99907267,0.934387,True,False,1112,48,68747,77557,146318
4096,Uniform_Small,64,1,0,N/A,0.00000058,0.00001584,0.00003188,0.27491372,0.99909426,0.935120,True,False,1112,48,67443,83097,150554
4096,Uniform_Small,65,1,0,N/A,0.00000072,0.00001602,0.00003217,0.27925791,0.99906427,0.934387,True,False,1112,48,65369,78277,143660
4096,Uniform_Small,66,1,0,N/A,0.00000009,0.00001584,0.00003120,0.28120867,0.99905589,0.935120,True,False,1128,64,66448,78714,145176
4096,Uniform_Small,67,0,0,N/A,0.00000006,0.00001577,0.00003171,0.26043550,0.99908401,0.935394,True,False,1112,48,64155,79457,143626
4096,Uniform_Small,68,1,0,N/A,0.00000057,0.00001573,0.00003097,0.26725789,0.99907364,0.935577,True,False,1080,16,65534,79919,145467
4096,Uniform_Small,69,1,0,N/A,0.00000079,0.00001600,0.00003156,0.27271517,0.99907904,0.934448,True,False,1080,16,70449,79515,149978
4096,Uniform_Small,70,1,0,N/A,0.00000006,0.00001609,0.00003280,0.27487729,0.99907729,0.934113,True,False,1096,32,76324,80921,157259
4096,Uniform_Small,71,1,0,N/A,0.00000165,0.00001586,0.00003147,0.26700961,0.99907338,0.935028,True,False,1129,48,67101,78447,145562
4096,Uniform_Small,72,1,0,N/A,0.00000132,0.00001562,0.00003121,0.28170595,0.99909341,0.936005,True,False,1112,48,67442,79303,146759
4096,Uniform_Small,73,1,0,N/A,0.00000240,0.00001600,0.00003215,0.29461670,0.99905767,0.934448,True,False,1096,32,70651,78951,149616
4096,Uniform_Small,74,1,0,N/A,0.00000094,0.00001606,0.00003118,0.27952217,0.99905564,0.934235,True,False,1096,32,67199,79345,146558
4096,Uniform_Small,75,1,0,N/A,0.00000065,0.00001572,0.00003120,0.26135514,0.99909120,0.935608,True,False,1097,16,67347,79289,146650
4096,Uniform_Small,76,1,0,N/A,0.00000004,0.00001635,0.00003334,0.28002392,0.99906004,0.933014,True,False,1176,112,64101,77660,141775
4096,Uniform_Small,77,1,0,N/A,0.00000093,0.00001621,0.00003206,0.29046840,0.99904080,0.933594,True,False,1096,32,65967,79682,145663
4096,Uniform_Small,78,1,0,N/A,0.00000074,0.00001600,0.00003140,0.28100405,0.99907136,0.934448,True,False,1096,32,68909,79955,148878
4096,Uniform_Small,79,1,0,N/A,0.00000062,0.00001585,0.00003217,0.26605961,0.99909037,0.935089,True,False,1144,80,76586,79865,156465
4096,Uniform_Small,80,1,0,N/A,0.00000046,0.00001570,0.00003103,0.27639436,0.99908229,0.935699,True,False,1096,32,67883,79874,147771
4096,Uniform_Small,81,1,0,N/A,0.00000035,0.00001577,0.00003148,0.26570288,0.99907810,0.935394,True,False,1112,48,63406,78272,141692
4096,Uniform_Small,82,1,0,N/A,0.00000078,0.00001595,0.00003181,0.26634598,0.99908144,0.934662,True,False,1128,64,66841,78061,144916
4096,Uniform_Small,83,1,0,N/A,0.00000067,0.00001618,0.00003171,0.27650600,0.99907024,0.933716,True,False,1144,80,64139,77633,141786
4096,Uniform_Small,84,1,0,N/A,0.00000288,0.00001588,0.00003272,0.26374154,0.99910111,0.934937,True,False,1112,48,68746,79930,148690
4096,Uniform_Small,85,0,0,N/A,0.00000001,0.00001583,0.00003240,0.26319128,0.99909367,0.935181,True,False,1112,48,65273,78189,143476
4096,Uniform_Small,86,1,0,N/A,0.00000118,0.00001571,0.00003180,0.26144464,0.99909394,0.935669,True,False,1144,80,65111,78927,144052
4096,Uniform_Small,87,1,0,N/A,0.00000046,0.00001667,0.00003461,0.27940568,0.99907153,0.931732,True,False,1128,64,66175,79652,145841
4096,Uniform_Small,88,1,0,N/A,0.00000342,0.00001589,0.00003191,0.27152804,0.99909866,0.934906,True,False,1145,64,89366,81507,170887
4096,Uniform_Small,89,0,0,N/A,0.00000001,0.00001603,0.00003080,0.29847179,0.99905501,0.934357,True,False,1096,32,65783,78592,144389
4096,Uniform_Small,90,1,0,N/A,0.00000039,0.00001585,0.00003237,0.27019936,0.99910214,0.935089,True,False,1128,64,68284,80080,148378
4096,Uniform_Small,91,1,0,N/A,0.00000237,0.00001571,0.00003247,0.26161567,0.99909376,0.935638,True,False,1112,48,67544,78877,146435
4096,Uniform_Small,92,1,0,N/A,0.00000018,0.00001597,0.00003206,0.28075053,0.99906292,0.934601,True,False,1128,64,64752,78185,142951
4096,Uniform_Small,93,1,0,N/A,0.00000091,0.00001607,0.00003235,0.27297298,0.99908149,0.934174,True,False,1112,48,68161,79145,147320
4096,Uniform_Small,94,1,0,N/A,0.00000083,0.00001597,0.00003194,0.26973968,0.99907122,0.934601,True,False,1152,80,64459,78515,142988
4096,Uniform_Small,95,1,0,N/A,0.00000150,0.00001620,0.00003202,0.26870049,0.99907782,0.933624,True,False,1144,80,67948,79834,147796
4096,Uniform_Small,96,1,0,N/A,0.00000144,0.00001612,0.00003215,0.27141561,0.99907175,0.933990,True,False,1112,48,68209,78712,146935
4096,Uniform_Small,97,1,0,N/A,0.00000020,0.00001601,0.00003169,0.27449530,0.99907167,0.934418,True,False,1129,48,76215,79549,155778
4096,Uniform_Small,98,1,0,N/A,0.00000066,0.00001615,0.00003246,0.27606260,0.99908046,0.933838,True,False,1160,96,66573,78750,145337
4096,Uniform_Small,99,1,0,N/A,0.00000162,0.00001574,0.00003190,0.26377781,0.99908895,0.935516,True,False,1128,64,63166,78080,141260
4096,Uniform_Small,100,1,0,N/A,0.00000042,0.00001588,0.00003193,0.27056144,0.99908611,0.934937,True,False,1128,64,66295,78584,144893
4096,Uniform_Small,101,1,0,N/A,0.00000232,0.00001624,0.00003210,0.28246195,0.99906261,0.933472,True,False,1160,96,67300,78440,145754
4096,Uniform_Small,102,0,0,N/A,0.00000004,0.00001586,0.00003151,0.27884074,0.99908146,0.935028,True,False,1096,32,68053,78965,147032
4096,Uniform_Small,103,1,0,N/A,0.00000042,0.00001567,0.00003122,0.28973990,0.99907967,0.935822,True,False,1096,32,67010,77793,144817
4096,Uniform_Small,104,1,0,N/A,0.00000141,0.00001581,0.00003145,0.27869738,0.99909712,0.935242,True,False,1080,16,68862,79676,148552
4096,Uniform_Small,105,1,0,N/A,0.00000146,0.00001646,0.00003315,0.28911201,0.99908172,0.932587,True,False,1160,96,66931,78697,145642
4096,Uniform_Small,106,1,0,N/A,0.00000028,0.00001588,0.00003138,0.25474007,0.99908943,0.934937,True,False,1128,64,76208,79745,155967
4096,Uniform_Small,107,1,0,N/A,0.00000231,0.00001679,0.00003407,0.27255073,0.99906077,0.931213,True,False,1160,96,66730,78574,145318
4096,Uniform_Small,108,1,0,N/A,0.00000100,0.00001613,0.00003276,0.26641026,0.99907663,0.933929,True,False,1096,32,64195,79466,143675
4096,Uniform_Small,109,1,0,N/A,0.00000028,0.00001568,0.00003112,0.25593412,0.99908392,0.935760,True,False,1096,32,66730,78433,145177
4096,Uniform_Small,110,1,0,N/A,0.00000026,0.00001572,0.00003125,0.27257181,0.99906414,0.935608,True,False,1064,0,63486,82243,145743
4096,Uniform_Small,111,1,0,N/A,0.00000075,0.00001577,0.00003113,0.27539217,0.99907155,0.935394,True,False,1096,32,67424,79033,146471
4096,Uniform_Small,112,1,0,N/A,0.00000008,0.00001629,0.00003181,0.27336288,0.99906902,0.933289,True,False,1112,48,62971,78804,141789
4096,Uniform_Small,113,1,0,N/A,0.00000067,0.00001587,0.00003139,0.26686948,0.99907015,0.934998,True,False,1096,32,65916,78874,144804
4096,Uniform_Small,114,1,0,N/A,0.00000030,0.00001618,0.00003258,0.27532522,0.99905329,0.933746,True,False,1112,48,63278,77662,140954
4096,Uniform_Small,115,1,0,N/A,0.00000126,0.00001583,0.00003159,0.27215771,0.99908127,0.935150,True,False,1096,32,78598,78801,157413
4096,Uniform_Small,116,1,0,N/A,0.00000154,0.00001606,0.00003257,0.26127877,0.99908346,0.934235,True,False,1096,32,65953,77948,143915
4096,Uniform_Small,117,0,0,N/A,0.00000015,0.00001568,0.00003132,0.27137736,0.99909017,0.935791,True,False,1128,64,70359,79659,150032
4096,Uniform_Small,118,1,0,N/A,0.00000077,0.00001568,0.00003089,0.26959889,0.99908050,0.935760,True,False,1098,0,67098,79451,146563
4096,Uniform_Small,119,1,0,N/A,0.00000180,0.00001562,0.00003162,0.25519497,0.99908847,0.936035,True,False,1128,64,65213,77733,142960
4096,Uniform_Small,120,1,0,N/A,0.00000013,0.00001609,0.00003153,0.29431521,0.99906823,0.934082,True,False,1112,48,66069,78859,144942
4096,Uniform_Small,121,1,0,N/A,0.00000067,0.00001568,0.00003144,0.25498804,0.99909022,0.935791,True,False,1080,16,65192,78170,143376
4096,Uniform_Small,122,1,0,N/A,0.00000030,0.00001613,0.00003216,0.28885800,0.99904540,0.933929,True,False,1128,64,67424,84428,151866
4096,Uniform_Small,123,1,0,N/A,0.00000039,0.00001572,0.00003124,0.26200378,0.99907955,0.935608,True,False,1096,32,64580,78711,143305
4096,Uniform_Small,124,1,0,N/A,0.00000021,0.00001642,0.00003326,0.27922606,0.99907881,0.932739,True,False,1144,80,78241,79927,158182
4096,Uniform_Small,125,1,0,N/A,0.00000110,0.00001601,0.00003259,0.26686795,0.99907182,0.934418,True,False,1112,48,67209,78475,145698
4096,Uniform_Small,126,0,0,N/A,0.00000014,0.00001595,0.00003224,0.26822270,0.99909115,0.934662,True,False,1144,80,64796,78508,143318
4096,Uniform_Small,127,1,0,N/A,0.00000014,0.00001592,0.00003119,0.27101806,0.99906717,0.934814,True,False,1112,48,66210,78637,144861
4096,Uniform_Small,128,1,0,N/A,0.00000067,0.00001612,0.00003252,0.28109505,0.99906529,0.933990,True,False,1144,80,70271,80382,150667
4096,Uniform_Small,129,1,0,N/A,0.00000080,0.00001569,0.00003188,0.26133283,0.99909813,0.935730,True,False,1129,48,67555,84747,152316
4096,Uniform_Small,130,1,0,N/A,0.00000093,0.00001600,0.00003183,0.28181488,0.99906768,0.934479,True,False,1096,32,63163,77385,140562
4096,Uniform_Small,131,1,0,N/A,0.00000071,0.00001620,0.00003178,0.28017690,0.99908164,0.933655,True,False,1144,80,67579,78981,146574
4096,Uniform_Small,132,1,0,N/A,0.00000001,0.00001555,0.00003094,0.27842313,0.99907774,0.936340,True,False,1080,16,64755,78346,143115
4096,Uniform_Small,133,1,0,N/A,0.00000219,0.00001598,0.00003309,0.27395950,0.99909578,0.934540,True,False,1112,48,80432,79862,160308
4096,Uniform_Small,134,0,0,N/A,0.00000008,0.00001560,0.00003083,0.28198169,0.99909718,0.936096,True,False,1080,16,71643,79657,151314
4096,Uniform_Small,135,1,0,N/A,0.00000105,0.00001609,0.00003322,0.28461626,0.99908818,0.934082,True,False,1176,112,65204,77882,143100
4096,Uniform_Small,136,1,0,N/A,0.00000060,0.00001571,0.00003161,0.26765323,0.99910406,0.935669,True,False,1112,48,67341,78685,146040
4096,Uniform_Small,137,1,0,N/A,0.00000190,0.00001628,0.00003359,0.26903489,0.99906075,0.933319,True,False,1128,64,63661,77251,140926
4096,Uniform_Small,138,1,0,N/A,0.00000143,0.00001562,0.00003136,0.28173282,0.99908809,0.936005,True,False,1112,48,66440,78528,144982
4096,Uniform_Small,139,1,0,N/A,0.00000188,0.00001638,0.00003396,0.27396853,0.99906281,0.932922,True,False,1128,64,63365,83654,147033
4096,Uniform_Small,140,0,0,N/A,0.00000013,0.00001556,0.00003130,0.24797577,0.99910437,0.936279,True,False,1096,32,66600,79538,146152
4096,Uniform_Small,141,1,0,N/A,0.00000098,0.00001594,0.00003139,0.27551630,0.99908730,0.934692,True,False,1112,48,64908,77849,142771
4096,Uniform_Small,142,1,0,N/A,0.00000055,0.00001618,0.00003279,0.26233126,0.99907406,0.933746,True,False,1112,48,64481,78506,143001
4096,Uniform_Small,143,1,0,N/A,0.00000024,0.00001577,0.00003109,0.27506295,0.99908576,0.935394,True,False,1080,16,65775,78262,144051
4096,Uniform_Small,144,1,0,N/A,0.00000003,0.00001590,0.00003115,0.27160922,0.99907597,0.934875,True,False,1112,48,63568,77730,141312
4096,Uniform_Small,145,1,0,N/A,0.00000068,0.00001609,0.00003329,0.26790615,0.99909291,0.934113,True,False,1112,48,67346,79041,146401
4096,Uniform_Small,146,1,0,N/A,0.00000006,0.00001602,0.00003273,0.27856549,0.99908755,0.934387,True,False,1080,16,65888,78337,144239
4096,Uniform_Small,147,1,0,N/A,0.00000023,0.00001577,0.00003176,0.26213179,0.99910322,0.935394,True,False,1113,32,67678,79105,146797
4096,Uniform_Small,148,1,0,N/A,0.00000044,0.00001596,0.00003246,0.27169236,0.99908368,0.934631,True,False,1112,48,64944,78639,143597
4096,Uniform_Small,149,1,0,N/A,0.00000092,0.00001623,0.00003255,0.27261295,0.99906557,0.933502,True,False,1144,80,66452,78537,145003
4096,Uniform_Small,150,1,0,N/A,0.00000248,0.00001653,0.00003394,0.28306390,0.99907587,0.932281,True,False,1128,64,64338,78111,142463
4096,Uniform_Small,151,1,0,N/A,0.00000014,0.00001566,0.00003186,0.26365207,0.99908785,0.935852,True,False,1096,32,65542,78246,143802
4096,Uniform_Small,152,1,0,N/A,0.00000088,0.00001554,0.00003088,0.26557375,0.99908804,0.936371,True,False,1096,32,67332,78372,145718
4096,Uniform_Small,153,1,0,N/A,0.00000010,0.00001579,0.00003095,0.27518386,0.99907085,0.935333,True,False,1097,16,63797,78214,142025
4096,Uniform_Small,154,1,0,N/A,0.00000009,0.00001582,0.00003119,0.27535071,0.99906655,0.935211,True,False,1146,48,66241,78173,144428
4096,Uniform_Small,155,1,0,N/A,0.00000064,0.00001641,0.00003312,0.26231875,0.99906698,0.932800,True,False,1144,80,67923,78104,146041
4096,Uniform_Small,156,1,0,N/A,0.00000068,0.00001603,0.00003239,0.27010793,0.99909223,0.934326,True,False,1112,48,66506,78559,145079
4096,Uniform_Small,157,1,0,N/A,0.00000277,0.00001601,0.00003173,0.26347691,0.99907941,0.934418,True,False,1129,48,67120,77668,144802
4096,Uniform_Small,158,0,0,N/A,0.00000000,0.00001622,0.00003186,0.27016890,0.99907127,0.933563,True,False,1144,80,69634,80093,149741
4096,Uniform_Small,159,1,0,N/A,0.00000123,0.00001587,0.00003190,0.27469232,0.99906984,0.934998,True,False,1112,48,65914,77490,143418
4096,Uniform_Small,160,1,0,N/A,0.00000140,0.00001570,0.00003168,0.26064533,0.99907433,0.935699,True,False,1096,32,65784,78648,144446
4096,Uniform_Small,161,1,0,N/A,0.00000003,0.00001611,0.00003223,0.27293084,0.99907251,0.934021,True,False,1112,48,66458,79129,145601
4096,Uniform_Small,162,1,0,N/A,0.00000020,0.00001657,0.00003286,0.27409242,0.99906089,0.932129,True,False,1176,112,67496,79198,146708
4096,Uniform_Small,163,1,0,N/A,0.00000032,0.00001589,0.00003135,0.28765466,0.99908004,0.934906,True,False,1113,32,67476,78628,146118
4096,Uniform_Small,164,1,0,N/A,0.00000016,0.00001604,0.00003147,0.27676148,0.99908337,0.934296,True,False,1096,32,65049,78211,143274
4096,Uniform_Small,165,0,0,N/A,0.00000006,0.00001609,0.00003164,0.28791798,0.99904287,0.934082,True,False,1176,112,67753,78019,145786
4096,Uniform_Small,166,1,0,N/A,0.00000155,0.00001606,0.00003173,0.26244517,0.99908690,0.934235,True,False,1128,48,64640,78493,143147
4096,Uniform_Small,167,1,0,N/A,0.00000153,0.00001582,0.00003114,0.26820379,0.99907057,0.935211,True,False,1096,32,66706,78177,144897
4096,Uniform_Small,168,1,0,N/A,0.00000047,0.00001636,0.00003304,0.27577232,0.99906541,0.932983,True,False,1112,48,62722,82681,145417
4096,Uniform_Small,169,1,0,N/A,0.00000117,0.00001569,0.00003117,0.27003839,0.99909099,0.935730,True,False,1096,32,66096,79010,145120
4096,Uniform_Small,170,1,0,N/A,0.00000013,0.00001559,0.00003123,0.25999661,0.99909761,0.936157,True,False,1080,16,68500,78977,147491
4096,Uniform_Small,171,1,0,N/A,0.00000213,0.00001623,0.00003271,0.28123553,0.99906439,0.933533,True,False,1176,112,63497,77604,141115
4096,Uniform_Small,172,1,0,N/A,0.00000124,0.00001594,0.00003181,0.27782505,0.99907463,0.934723,True,False,1064,0,65928,78858,144800
4096,Uniform_Small,173,1,0,N/A,0.00000020,0.00001591,0.00003157,0.26321209,0.99908039,0.934814,True,False,1080,16,62910,109476,172400
4096,Uniform_Small,174,1,0,N/A,0.00000060,0.00001585,0.00003152,0.26992615,0.99909170,0.935089,True,False,1128,64,65553,78496,144063
4096,Uniform_Small,175,1,0,N/A,0.00000008,0.00001583,0.00003166,0.27517298,0.99908783,0.935150,True,False,1112,48,65947,78411,144372
4096,Uniform_Small,176,1,0,N/A,0.00000136,0.00001565,0.00003116,0.26874519,0.99908963,0.935913,True,False,1080,16,68457,79298,147769
4096,Uniform_Small,177,1,0,N/A,0.00000042,0.00001640,0.00003327,0.28289042,0.99907154,0.932831,True,False,1160,96,63617,78378,142009
4096,Uniform_Small,178,1,0,N/A,0.00000022,0.00001595,0.00003149,0.27233259,0.99906482,0.934662,True,False,1112,48,65516,83010,148540
4096,Uniform_Small,179,1,0,N/A,0.00000005,0.00001630,0.00003274,0.28884005,0.99906517,0.933228,True,False,1160,64,70087,79193,149294
4096,Uniform_Small,180,1,0,N/A,0.00000133,0.00001594,0.00003205,0.27146213,0.99910200,0.934723,True,False,1096,32,65989,78266,144269
4096,Uniform_Small,181,1,0,N/A,0.00000069,0.00001565,0.00003256,0.26094580,0.99911306,0.935913,True,False,1144,80,66853,78779,145646
4096,Uniform_Small,182,1,0,N/A,0.00000122,0.00001642,0.00003324,0.26448391,0.99907737,0.932739,True,False,1144,80,69310,78814,148138
4096,Uniform_Small,183,1,0,N/A,0.00000042,0.00001595,0.00003139,0.25669544,0.99908417,0.934662,True,False,1129,48,66656,78710,145380
4096,Uniform_Small,184,1,0,N/A,0.00000089,0.00001597,0.00003205,0.25842067,0.99907870,0.934601,True,False,1144,80,63484,77940,141438
4096,Uniform_Small,185,1,0,N/A,0.00000163,0.00001612,0.00003265,0.26772073,0.99908248,0.933960,True,False,1112,48,66039,78616,144669
4096,Uniform_Small,186,1,0,N/A,0.00000086,0.00001580,0.00003222,0.25809649,0.99910036,0.935303,True,False,1128,64,63235,77900,141149
4096,Uniform_Small,187,1,0,N/A,0.00000001,0.00001658,0.00003396,0.26974929,0.99906787,0.932098,True,False,1210,112,64590,78073,142677
4096,Uniform_Small,188,1,0,N/A,0.00000016,0.00001597,0.00003120,0.28354078,0.99906906,0.934601,True,False,1128,64,66222,83609,149845
4096,Uniform_Small,189,1,0,N/A,0.00000208,0.00001618,0.00003324,0.26889699,0.99906672,0.933746,True,False,1128,64,63939,78136,142089
4096,Uniform_Small,190,1,0,N/A,0.00000004,0.00001530,0.00003079,0.25184128,0.99911936,0.937347,True,False,1064,0,66658,79360,146032
4096,Uniform_Small,191,1,0,N/A,0.00000187,0.00001626,0.00003224,0.29940281,0.99905473,0.933380,True,False,1112,48,63812,78372,142198
4096,Uniform_Small,192,1,0,N/A,0.00000067,0.00001571,0.00003125,0.26838847,0.99908072,0.935638,True,False,1064,0,67881,78415,146310
4096,Uniform_Small,193,1,0,N/A,0.00000085,0.00001581,0.00003201,0.27854979,0.99908147,0.935242,True,False,1144,80,69145,79189,148348
4096,Uniform_Small,194,1,0,N/A,0.00000191,0.00001603,0.00003186,0.28206281,0.99906734,0.934357,True,False,1129,48,66977,78930,145921
4096,Uniform_Small,195,1,0,N/A,0.00000331,0.00001575,0.00003147,0.27304852,0.99908388,0.935486,True,False,1097,16,64374,78024,142412
4096,Uniform_Small,196,1,0,N/A,0.00000240,0.00001610,0.00003296,0.27726055,0.99907727,0.934052,True,False,1096,32,64759,78071,142844
4096,Uniform_Small,197,1,0,N/A,0.00000027,0.00001602,0.00003252,0.27127786,0.99908542,0.934387,True,False,1128,64,65544,77854,143412
4096,Uniform_Small,198,1,0,N/A,0.00000055,0.00001641,0.00003357,0.28084692,0.99906832,0.932770,True,False,1128,64,68192,78961,147167
4096,Uniform_Small,199,1,0,N/A,0.00000047,0.00001631,0.00003283,0.26556252,0.99906136,0.933197,True,False,1160,96,65362,78696,144072
4096,Uniform_Full,200,1,0,N/A,0.00000100,0.00000717,0.00004281,0.15308894,0.99990188,0.970612,True,False,1176,112,63595,77960,141569
4096,Uniform_Full,201,1,0,N/A,0.00000841,0.00000696,0.00004028,0.14456650,0.99990227,0.971497,True,False,1128,64,68063,78209,146286
4096,Uniform_Full,202,1,0,N/A,0.00004352,0.00000650,0.00003284,0.14591649,0.99990566,0.973389,True,False,1096,32,63867,78453,142334
4096,Uniform_Full,203,1,0,N/A,0.00001806,0.00000634,0.00003486,0.14628729,0.99991435,0.974030,True,False,1112,48,70809,78775,149598
4096,Uniform_Full,204,1,0,N/A,0.00002069,0.00000656,0.00003396,0.14806174,0.99990426,0.973145,True,False,1112,48,64148,78001,142163
4096,Uniform_Full,205,1,0,N/A,0.00000636,0.00000674,0.00003748,0.14813074,0.99990230,0.972412,True,False,1080,16,65170,78530,143714
4096,Uniform_Full,206,1,0,N/A,0.00002391,0.00000673,0.00003590,0.15442603,0.99989897,0.972443,True,False,1112,48,67832,78925,146771
4096,Uniform_Full,207,1,0,N/A,0.00001535,0.00000625,0.00003130,0.14182392,0.99990521,0.974426,True,False,1080,16,67860,79504,147378
4096,Uniform_Full,208,1,0,N/A,0.00004839,0.00000658,0.00003459,0.14863967,0.99989944,0.973053,True,False,1112,48,69726,79276,149016
4096,Uniform_Full,209,1,0,N/A,0.00000083,0.00000642,0.00003288,0.14652199,0.99990434,0.973724,True,False,1097,16,64193,78466,142673
4096,Uniform_Full,210,1,0,N/A,0.00003832,0.00000675,0.00003764,0.14975160,0.99990209,0.972351,True,False,1128,64,66415,84019,150448
4096,Uniform_Full,211,1,0,N/A,0.00000273,0.00000642,0.00003177,0.15566195,0.99990294,0.973724,True,False,1096,32,67010,78680,145704
4096,Uniform_Full,212,1,0,N/A,0.00000183,0.00000647,0.00003509,0.15940598,0.99990626,0.973511,True,False,1123,32,69501,80148,149663
4096,Uniform_Full,213,1,0,N/A,0.00000057,0.00000657,0.00003230,0.15406418,0.99990096,0.973083,True,False,1096,32,64563,79319,143896
4096,Uniform_Full,214,1,0,N/A,0.00000862,0.00000646,0.00003462,0.14313897,0.99990635,0.973541,True,False,1112,48,64283,77860,142157
4096,Uniform_Full,215,1,0,N/A,0.00003697,0.00000677,0.00003690,0.15511532,0.99990486,0.972260,True,False,1128,64,66218,78704,144936
4096,Uniform_Full,216,1,1,1,0.00017586,0.00000694,0.00003980,0.14571986,0.99990361,0.971558,True,False,1144,80,70171,79562,149747
4096,Uniform_Full,217,1,0,N/A,0.00002031,0.00000750,0.00004495,0.16139440,0.99989648,0.969299,True,False,1144,80,67190,78528,145732
4096,Uniform_Full,218,0,0,N/A,0.00000071,0.00000694,0.00003818,0.15391607,0.99990186,0.971588,True,False,1128,64,63833,78149,141996
4096,Uniform_Full,219,1,0,N/A,0.00000295,0.00000678,0.00003836,0.14863395,0.99989715,0.972229,True,False,1144,80,67561,78183,145758
4096,Uniform_Full,220,1,0,N/A,0.00000635,0.00000693,0.00004055,0.15236370,0.99990360,0.971619,True,False,1128,64,65496,77704,143214
4096,Uniform_Full,221,1,0,N/A,0.00002603,0.00000704,0.00004186,0.14774955,0.99990430,0.971161,True,False,1128,64,68709,79988,148711
4096,Uniform_Full,222,1,0,N/A,0.00000432,0.00000686,0.00003972,0.14494214,0.99989850,0.971893,True,False,1128,64,64966,81801,146781
4096,Uniform_Full,223,1,0,N/A,0.00000169,0.00000694,0.00003826,0.15446361,0.99989899,0.971588,True,False,1112,48,67131,78503,145648
4096,Uniform_Full,224,1,0,N/A,0.00000435,0.00000662,0.00003522,0.15571830,0.99989982,0.972870,True,False,1145,64,66268,78218,144500
4096,Uniform_Full,225,1,0,N/A,0.00000412,0.00000690,0.00003945,0.15193928,0.99990170,0.971741,True,False,1128,64,65568,78508,144090
4096,Uniform_Full,226,1,0,N/A,0.00004106,0.00000651,0.00003196,0.14984820,0.99990050,0.973358,True,False,1112,48,66954,78909,145877
4096,Uniform_Full,227,1,0,N/A,0.00001176,0.00000659,0.00003478,0.15108422,0.99990506,0.973022,True,False,1144,80,64888,78538,143440
4096,Uniform_Full,228,0,0,N/A,0.00000006,0.00000680,0.00003917,0.14631994,0.99990507,0.972137,True,False,1128,64,67054,84241,151309
4096,Uniform_Full,229,1,0,N/A,0.00001654,0.00000682,0.00004043,0.14665816,0.99990002,0.972046,True,False,1145,64,64102,78041,142157
4096,Uniform_Full,230,1,0,N/A,0.00001406,0.00000681,0.00003381,0.15939004,0.99989458,0.972107,True,False,1112,48,66629,78996,145639
4096,Uniform_Full,231,1,0,N/A,0.00002541,0.00000723,0.00004279,0.15193888,0.99990400,0.970398,True,False,1208,144,64406,77935,142355
4096,Uniform_Full,232,1,0,N/A,0.00002431,0.00000665,0.00003674,0.15014406,0.99990344,0.972748,True,False,1096,32,68938,79517,148469
4096,Uniform_Full,233,1,0,N/A,0.00000742,0.00000667,0.00003358,0.16173426,0.99990229,0.972687,True,False,1096,32,64667,78606,143287
4096,Uniform_Full,234,1,0,N/A,0.00000345,0.00000675,0.00003913,0.15480394,0.99990499,0.972351,True,False,1112,48,69702,78508,148224
4096,Uniform_Full,235,1,0,N/A,0.00000786,0.00000695,0.00003974,0.15780463,0.99990220,0.971527,True,False,1129,48,68965,79806,148785
4096,Uniform_Full,236,1,0,N/A,0.00005997,0.00000640,0.00003568,0.15013591,0.99991070,0.973816,True,False,1112,48,66335,78819,145168
4096,Uniform_Full,237,1,0,N/A,0.00001958,0.00000720,0.00004083,0.15655284,0.99989898,0.970520,True,False,1128,64,70456,80511,150981
4096,Uniform_Full,238,1,0,N/A,0.00001030,0.00000653,0.00003540,0.14549860,0.99990759,0.973267,True,False,1096,32,66592,78634,145240
4096,Uniform_Full,239,1,0,N/A,0.00002914,0.00000703,0.00004493,0.14977678,0.99990596,0.971191,True,False,1176,112,66775,78722,145511
4096,Uniform_Full,240,1,0,N/A,0.00002582,0.00000665,0.00003704,0.14059118,0.99990067,0.972778,True,False,1128,64,64128,78776,142918
4096,Uniform_Full,241,1,0,N/A,0.00000149,0.00000641,0.00003424,0.14983986,0.99990918,0.973755,True,False,1096,32,71011,78558,149583
4096,Uniform_Full,242,1,0,N/A,0.00000942,0.00000665,0.00003820,0.14282059,0.99990663,0.972778,True,False,1113,32,69538,79017,148569
4096,Uniform_Full,243,1,0,N/A,0.00001168,0.00000634,0.00003663,0.14131076,0.99990962,0.974060,True,False,1096,32,65368,82658,148040
4096,Uniform_Full,244,1,0,N/A,0.00002314,0.00000684,0.00003727,0.15546286,0.99989822,0.971985,True,False,1080,16,67201,83909,151124
4096,Uniform_Full,245,1,0,N/A,0.00002304,0.00000648,0.00003575,0.14704327,0.99990501,0.973480,True,False,1128,64,64931,79386,144331
4096,Uniform_Full,246,1,0,N/A,0.00000310,0.00000689,0.00003665,0.15717476,0.99989621,0.971771,True,False,1128,64,66616,78044,144674
4096,Uniform_Full,247,1,0,N/A,0.00000677,0.00000656,0.00003735,0.13826484,0.99990982,0.973114,True,False,1160,96,64741,77946,142701
4096,Uniform_Full,248,1,0,N/A,0.00000162,0.00000664,0.00003513,0.14356926,0.99990517,0.972809,True,False,1096,32,68353,79219,147586
4096,Uniform_Full,249,1,0,N/A,0.00000090,0.00000652,0.00003338,0.15462182,0.99990127,0.973297,True,False,1112,48,64667,77729,142410
4096,Uniform_Full,250,1,0,N/A,0.00001068,0.00000618,0.00003461,0.14295196,0.99990676,0.974701,True,False,1112,48,66723,79544,146281
4096,Uniform_Full,251,1,0,N/A,0.00000733,0.00000641,0.00003269,0.14349273,0.99990557,0.973755,True,False,1096,32,64984,78528,143526
4096,Uniform_Full,252,1,0,N/A,0.00001045,0.00000694,0.00003985,0.15399582,0.99990205,0.971558,True,False,1112,48,68393,78616,147023
4096,Uniform_Full,253,1,0,N/A,0.00002637,0.00000626,0.00003291,0.13946467,0.99990223,0.974365,True,False,1064,0,67378,79198,146590
4096,Uniform_Full,254,1,0,N/A,0.00000241,0.00000671,0.00003288,0.15236391,0.99989898,0.972504,True,False,1171,80,67520,78720,146254
4096,Uniform_Full,255,1,0,N/A,0.00005557,0.00000669,0.00003479,0.14639878,0.99989870,0.972595,True,False,1144,80,66570,78140,144724
4096,Uniform_Full,256,1,0,N/A,0.00000359,0.00000655,0.00003224,0.15096873,0.99990228,0.973175,True,False,1112,48,63408,77819,141241
4096,Uniform_Full,257,1,0,N/A,0.00002236,0.00000669,0.00003317,0.15285969,0.99989939,0.972595,True,False,1080,16,65923,78480,144417
4096,Uniform_Full,258,1,0,N/A,0.00000125,0.00000669,0.00003432,0.14876747,0.99990066,0.972595,True,False,1128,64,63046,77855,140915
4096,Uniform_Full,259,1,0,N/A,0.00003218,0.00000654,0.00003258,0.14164656,0.99990239,0.973236,True,False,1128,48,67285,79354,146653
4096,Uniform_Full,260,1,0,N/A,0.00000244,0.00000636,0.00003462,0.14211318,0.99990273,0.973969,True,False,1112,48,65556,78602,144172
4096,Uniform_Full,261,1,0,N/A,0.00000260,0.00000669,0.00003779,0.14928125,0.99990706,0.972595,True,False,1128,64,66131,78629,144774
4096,Uniform_Full,262,1,0,N/A,0.00000002,0.00000649,0.00003323,0.14106039,0.99990456,0.973419,True,False,1113,32,69697,79373,149084
4096,Uniform_Full,263,1,0,N/A,0.00000426,0.00000654,0.00003570,0.13613593,0.99989978,0.973206,True,False,1112,48,65035,78117,143166
4096,Uniform_Full,264,1,0,N/A,0.00001041,0.00000695,0.00003774,0.15600412,0.99989957,0.971527,True,False,1112,48,67257,78573,145844
4096,Uniform_Full,265,1,0,N/A,0.00000130,0.00000671,0.00003375,0.15046482,0.99989596,0.972504,True,False,1096,32,63138,77701,140853
4096,Uniform_Full,266,1,0,N/A,0.00001845,0.00000643,0.00003477,0.15185331,0.99990992,0.973694,True,False,1112,48,70772,80403,151189
4096,Uniform_Full,267,1,0,N/A,0.00000543,0.00000731,0.00005000,0.15249610,0.99990600,0.970062,True,False,1160,96,63662,78575,142251
4096,Uniform_Full,268,1,0,N/A,0.00000104,0.00000641,0.00003103,0.15276689,0.99990532,0.973755,True,False,1096,32,68104,79223,147341
4096,Uniform_Full,269,1,0,N/A,0.00001626,0.00000649,0.00003377,0.14277357,0.99989975,0.973450,True,False,1112,48,65272,78933,144219
4096,Uniform_Full,270,1,0,N/A,0.00003488,0.00000655,0.00003350,0.15280470,0.99989918,0.973175,True,False,1128,64,63735,78670,142419
4096,Uniform_Full,271,1,0,N/A,0.00005289,0.00000687,0.00003429,0.15471137,0.99989242,0.971863,True,False,1144,80,66095,78397,144506
4096,Uniform_Full,272,1,0,N/A,0.00002805,0.00000681,0.00003686,0.15722912,0.99990366,0.972107,True,False,1096,32,65224,78186,143424
4096,Uniform_Full,273,1,0,N/A,0.00000387,0.00000653,0.00003745,0.14854968,0.99990267,0.973267,True,False,1080,16,67662,79262,146938
4096,Uniform_Full,274,1,0,N/A,0.00001576,0.00000675,0.00003585,0.14997333,0.99989751,0.972351,True,False,1112,48,65389,77845,143248
4096,Uniform_Full,275,1,0,N/A,0.00001131,0.00000666,0.00003755,0.15177048,0.99990387,0.972717,True,False,1080,16,66475,78738,145227
4096,Uniform_Full,276,1,0,N/A,0.00002704,0.00000705,0.00003947,0.14849432,0.99989609,0.971130,True,False,1144,80,63858,77708,141580
4096,Uniform_Full,277,1,0,N/A,0.00002718,0.00000656,0.00003351,0.14131129,0.99989611,0.973145,True,False,1080,16,70314,79566,149894
4096,Uniform_Full,278,0,0,N/A,0.00000007,0.00000649,0.00003479,0.14007158,0.99990419,0.973450,True,False,1096,32,65609,78771,144394
4096,Uniform_Full,279,1,0,N/A,0.00001328,0.00000724,0.00004041,0.15393938,0.99989327,0.970337,True,False,1128,64,64858,78361,143233
4096,Uniform_Full,280,1,0,N/A,0.00000309,0.00000655,0.00003283,0.15611955,0.99989926,0.973175,True,False,1097,16,66737,78826,145577
4096,Uniform_Full,281,1,0,N/A,0.00000373,0.00000657,0.00003583,0.14171263,0.99990208,0.973083,True,False,1112,48,62413,77452,139879
4096,Uniform_Full,282,1,0,N/A,0.00000088,0.00000698,0.00003754,0.15632022,0.99989327,0.971405,True,False,1144,80,67434,78355,145803
4096,Uniform_Full,283,1,0,N/A,0.00001007,0.00000635,0.00003403,0.14607485,0.99990621,0.973999,True,False,1080,16,66363,78009,144386
4096,Uniform_Full,284,1,0,N/A,0.00003351,0.00000671,0.00003453,0.15256854,0.99989934,0.972504,True,False,1130,32,67015,79014,146043
4096,Uniform_Full,285,1,0,N/A,0.00002467,0.00000646,0.00003215,0.15313934,0.99989983,0.973572,True,False,1080,16,64068,77940,142022
4096,Uniform_Full,286,1,0,N/A,0.00001276,0.00000652,0.00003832,0.14319539,0.99991145,0.973297,True,False,1161,80,67208,79334,146556
4096,Uniform_Full,287,1,0,N/A,0.00002846,0.00000650,0.00003310,0.15137227,0.99990046,0.973389,True,False,1096,32,67114,80268,147396
4096,Uniform_Full,288,1,0,N/A,0.00004078,0.00000671,0.00004073,0.14341509,0.99991083,0.972534,True,False,1144,80,65755,78912,144681
4096,Uniform_Full,289,1,0,N/A,0.00002272,0.00000668,0.00003740,0.15600507,0.99989871,0.972656,True,False,1144,80,68853,79401,148268
4096,Uniform_Full,290,1,0,N/A,0.00002807,0.00000659,0.00003289,0.14326855,0.99989433,0.973022,True,False,1064,0,66248,78377,144639
4096,Uniform_Full,291,1,0,N/A,0.00004744,0.00000713,0.00003982,0.14854050,0.99990130,0.970795,True,False,1192,128,66622,78363,144999
4096,Uniform_Full,292,1,0,N/A,0.00000358,0.00000640,0.00003252,0.14721003,0.99990304,0.973816,True,False,1112,48,64457,77889,142360
4096,Uniform_Full,293,1,0,N/A,0.00001710,0.00000668,0.00003758,0.15143227,0.99990692,0.972626,True,False,1112,48,67474,78507,145995
4096,Uniform_Full,294,1,0,N/A,0.00002244,0.00000648,0.00003325,0.14256520,0.99990235,0.973480,True,False,1113,32,65809,78415,144238
4096,Uniform_Full,295,1,0,N/A,0.00002100,0.00000670,0.00003502,0.15421899,0.99990273,0.972565,True,False,1144,80,66148,78348,144510
4096,Uniform_Full,296,1,0,N/A,0.00002024,0.00000658,0.00003253,0.14547610,0.99989446,0.973053,True,False,1096,32,64808,77791,142613
4096,Uniform_Full,297,1,0,N/A,0.00004770,0.00000660,0.00003593,0.15184671,0.99990037,0.972992,True,False,1128,64,68650,78707,147371
4096,Uniform_Full,298,1,0,N/A,0.00000197,0.00000638,0.00003183,0.15405656,0.99990255,0.973907,True,False,1112,48,66190,77935,144139
4096,Uniform_Full,299,1,0,N/A,0.00000855,0.00000831,0.00005754,0.14970158,0.99990585,0.965973,True,False,1237,144,64155,77938,142107
4096,Uniform_Full,300,1,0,N/A,0.00002310,0.00000665,0.00003472,0.13950965,0.99989802,0.972748,True,False,1144,80,66360,78950,145324
4096,Uniform_Full,301,1,0,N/A,0.00000261,0.00000735,0.00004370,0.15521471,0.99989876,0.969910,True,False,1192,128,63834,77603,141451
4096,Uniform_Full,302,1,0,N/A,0.00000445,0.00000627,0.00003373,0.14558702,0.99990387,0.974335,True,False,1080,16,66106,78525,144645
4096,Uniform_Full,303,1,1,1,0.00008238,0.00000703,0.00003895,0.15069843,0.99990381,0.971222,True,False,1144,80,64456,78237,142707
4096,Uniform_Full,304,1,0,N/A,0.00000099,0.00000654,0.00003234,0.15282795,0.99989624,0.973236,True,False,1096,32,69503,80224,149741
4096,Uniform_Full,305,1,0,N/A,0.00001327,0.00000674,0.00003692,0.15077360,0.99989930,0.972412,True,False,1144,80,66228,78230,144472
4096,Uniform_Full,306,1,0,N/A,0.00001610,0.00000674,0.00003804,0.14555312,0.99990157,0.972382,True,False,1128,64,65595,83738,149347
4096,Uniform_Full,307,1,0,N/A,0.00002624,0.00000707,0.00004145,0.15369617,0.99990501,0.971039,True,False,1160,96,67425,78230,145669
4096,Uniform_Full,308,1,0,N/A,0.00001058,0.00000682,0.00004211,0.15105650,0.99990095,0.972076,True,False,1096,32,64548,77731,142293
4096,Uniform_Full,309,1,0,N/A,0.00002738,0.00000689,0.00003714,0.15629023,0.99989882,0.971771,True,False,1145,64,66508,78745,145267
4096,Uniform_Full,310,1,0,N/A,0.00004197,0.00000662,0.00003888,0.15271818,0.99990733,0.972870,True,False,1112,48,62686,78286,140986
4096,Uniform_Full,311,1,1,1,0.00007401,0.00000723,0.00004276,0.15542205,0.99989708,0.970367,True,False,1160,96,69313,79139,148466
4096,Uniform_Full,312,1,0,N/A,0.00000623,0.00000654,0.00004038,0.14266546,0.99991140,0.973206,True,False,1128,64,64806,83128,147948
4096,Uniform_Full,313,1,0,N/A,0.00000589,0.00000693,0.00003835,0.16730134,0.99990107,0.971619,True,False,1144,80,68417,79444,147875
4096,Uniform_Full,314,1,0,N/A,0.00003302,0.00000671,0.00003741,0.15388173,0.99990334,0.972534,True,False,1096,32,65227,78686,143927
4096,Uniform_Full,315,1,0,N/A,0.00000227,0.00000658,0.00003711,0.14980156,0.99990586,0.973053,True,False,1112,48,67499,79250,146763
4096,Uniform_Full,316,1,0,N/A,0.00000087,0.00000658,0.00003371,0.14824564,0.99990223,0.973053,True,False,1144,80,69549,78517,148080
4096,Uniform_Full,317,1,1,1,0.00009043,0.00000674,0.00003598,0.14098582,0.99989924,0.972412,True,False,1128,64,64951,77434,142399
4096,Uniform_Full,318,1,0,N/A,0.00001544,0.00000653,0.00003395,0.14137265,0.99990161,0.973236,True,False,1096,32,70781,78339,149134
4096,Uniform_Full,319,1,0,N/A,0.00000883,0.00000631,0.00003140,0.14529458,0.99990081,0.974182,True,False,1080,16,63570,78455,142039
4096,Uniform_Full,320,1,0,N/A,0.00000059,0.00000665,0.00003383,0.15598261,0.99989658,0.972778,True,False,1097,16,66890,78422,145326
4096,Uniform_Full,321,1,0,N/A,0.00001471,0.00000650,0.00003487,0.14523640,0.99990258,0.973389,True,False,1128,64,65138,78741,143893
4096,Uniform_Full,322,1,0,N/A,0.00000329,0.00000688,0.00003650,0.15441847,0.99990115,0.971832,True,False,1128,64,66823,78522,145359
4096,Uniform_Full,323,1,0,N/A,0.00001336,0.00000671,0.00003709,0.15855895,0.99990227,0.972534,True,False,1112,48,66356,78415,144785
4096,Uniform_Full,324,1,0,N/A,0.00001554,0.00000641,0.00003317,0.14884428,0.99990096,0.973785,True,False,1130,32,70568,80388,150970
4096,Uniform_Full,325,1,0,N/A,0.00000404,0.00000670,0.00003630,0.14343969,0.99990543,0.972565,True,False,1128,64,64082,78483,142579
4096,Uniform_Full,326,1,0,N/A,0.00002703,0.00000662,0.00003708,0.14336057,0.99990384,0.972870,True,False,1161,80,64322,78643,142979
4096,Uniform_Full,327,1,0,N/A,0.00000917,0.00000703,0.00004128,0.15085332,0.99989631,0.971191,True,False,1128,64,66405,78444,144863
4096,Uniform_Full,328,1,0,N/A,0.00002040,0.00000721,0.00004437,0.15692379,0.99990362,0.970459,True,False,1176,112,63979,79628,143621
4096,Uniform_Full,329,1,0,N/A,0.00001945,0.00000658,0.00003467,0.15349517,0.99990722,0.973053,True,False,1112,48,69540,77815,147369
4096,Uniform_Full,330,1,0,N/A,0.00000982,0.00000629,0.00003459,0.13929263,0.99990655,0.974243,True,False,1112,48,63748,78214,141976
4096,Uniform_Full,331,1,0,N/A,0.00000846,0.00000662,0.00003332,0.14604534,0.99989951,0.972900,True,False,1128,64,66289,78298,144601
4096,Uniform_Full,332,1,0,N/A,0.00004759,0.00000667,0.00003504,0.15121715,0.99989332,0.972717,True,False,1113,32,65270,78762,144046
4096,Uniform_Full,333,1,0,N/A,0.00000986,0.00000643,0.00003352,0.14327117,0.99990290,0.973694,True,False,1080,16,70739,80554,151307
4096,Uniform_Full,334,1,0,N/A,0.00000143,0.00000647,0.00003349,0.15011082,0.99990500,0.973511,True,False,1096,32,66606,78628,145248
4096,Uniform_Full,335,1,0,N/A,0.00001018,0.00000712,0.00004147,0.14240471,0.99990055,0.970856,True,False,1176,112,64444,77863,142321
4096,Uniform_Full,336,1,0,N/A,0.00004314,0.00000689,0.00003528,0.15261939,0.99989481,0.971771,True,False,1128,64,66729,78687,145430
4096,Uniform_Full,337,1,0,N/A,0.00005058,0.00000649,0.00003488,0.14491589,0.99990315,0.973419,True,False,1128,64,63819,77521,141354
4096,Uniform_Full,338,1,0,N/A,0.00000548,0.00000669,0.00003649,0.14854715,0.99989876,0.972595,True,False,1145,64,67130,78627,145771
4096,Uniform_Full,339,1,0,N/A,0.00000519,0.00000651,0.00003408,0.15144923,0.99990491,0.973358,True,False,1113,32,64465,78281,142760
4096,Uniform_Full,340,1,0,N/A,0.00001390,0.00000714,0.00004129,0.14883986,0.99990174,0.970764,True,False,1128,64,67006,78883,145903
4096,Uniform_Full,341,1,0,N/A,0.00002909,0.00000641,0.00003460,0.15053324,0.99990510,0.973755,True,False,1096,32,64919,78238,143171
4096,Uniform_Full,342,1,0,N/A,0.00001342,0.00000669,0.00003608,0.14918005,0.99990099,0.972595,True,False,1112,48,69373,79006,148393
4096,Uniform_Full,343,1,0,N/A,0.00001537,0.00000648,0.00003287,0.14875146,0.99990208,0.973480,True,False,1080,16,68932,79729,148675
4096,Uniform_Full,344,1,0,N/A,0.00000357,0.00000673,0.00003672,0.15169682,0.99990038,0.972443,True,False,1128,64,65785,78218,144017
4096,Uniform_Full,345,1,0,N/A,0.00001738,0.00000654,0.00003353,0.14621656,0.99989329,0.973267,True,False,1080,16,67798,79491,147303
4096,Uniform_Full,346,1,0,N/A,0.00004489,0.00000707,0.00004112,0.16224665,0.99990263,0.971039,True,False,1160,96,68544,78362,146920
4096,Uniform_Full,347,1,0,N/A,0.00000457,0.00000648,0.00003708,0.14410637,0.99990663,0.973480,True,False,1128,64,66375,78694,145083
4096,Uniform_Full,348,1,0,N/A,0.00000343,0.00000694,0.00003764,0.15442575,0.99989932,0.971558,True,False,1144,80,64914,78168,143096
4096,Uniform_Full,349,1,1,1,0.00006791,0.00000729,0.00004594,0.15111651,0.99990209,0.970123,True,False,1128,64,66246,78776,145036
4096,Uniform_Full,350,1,0,N/A,0.00000277,0.00000677,0.00003800,0.15309624,0.99990139,0.972290,True,False,1112,48,66898,78455,145367
4096,Uniform_Full,351,1,0,N/A,0.00001275,0.00000667,0.00003245,0.14765270,0.99990252,0.972687,True,False,1113,32,67212,79002,146228
4096,Uniform_Full,352,1,0,N/A,0.00000198,0.00000672,0.00003482,0.15705436,0.99990637,0.972473,True,False,1144,80,75979,81518,157511
4096,Uniform_Full,353,1,0,N/A,0.00000992,0.00000682,0.00004149,0.14568074,0.99990832,0.972046,True,False,1128,64,64885,78089,142988
4096,Uniform_Full,354,1,0,N/A,0.00000096,0.00000654,0.00003256,0.15067091,0.99989923,0.973236,True,False,1096,32,66035,78275,144324
4096,Uniform_Full,355,1,0,N/A,0.00000096,0.00000629,0.00003223,0.14266520,0.99990591,0.974243,True,False,1129,48,63870,78676,142560
4096,Uniform_Full,356,1,1,1,0.00006734,0.00000751,0.00004476,0.14950202,0.99989685,0.969238,True,False,1160,96,65972,78417,144403
4096,Uniform_Full,357,1,0,N/A,0.00000776,0.00000708,0.00004525,0.14912330,0.99990436,0.971008,True,False,1144,80,64788,78138,142940
4096,Uniform_Full,358,1,0,N/A,0.00001109,0.00000648,0.00003493,0.14772749,0.99990467,0.973450,True,False,1080,16,67129,78658,145801
4096,Uniform_Full,359,1,0,N/A,0.00003579,0.00000668,0.00004003,0.15245138,0.99990343,0.972626,True,False,1160,96,65032,82692,147738
4096,Uniform_Full,360,1,0,N/A,0.00000291,0.00000647,0.00003232,0.14785107,0.99990230,0.973511,True,False,1080,16,67807,78947,146768
4096,Uniform_Full,361,1,0,N/A,0.00000604,0.00000706,0.00003532,0.16101508,0.99989007,0.971100,True,False,1128,64,63785,77492,141291
4096,Uniform_Full,362,1,0,N/A,0.00000256,0.00000699,0.00003811,0.14944087,0.99989999,0.971375,True,False,1129,48,65283,78547,143844
4096,Uniform_Full,363,1,0,N/A,0.00000172,0.00000646,0.00003454,0.14961079,0.99990278,0.973541,True,False,1128,64,66862,78382,145258
4096,Uniform_Full,364,1,0,N/A,0.00000217,0.00000691,0.00004002,0.14829847,0.99990860,0.971710,True,False,1128,64,62960,78531,141505
4096,Uniform_Full,365,1,0,N/A,0.00000716,0.00000747,0.00004785,0.15104480,0.99990244,0.969421,True,False,1224,160,67402,83520,150936
4096,Uniform_Full,366,1,0,N/A,0.00001882,0.00000732,0.00004274,0.15802070,0.99990247,0.970032,True,False,1160,96,65834,79975,145823
4096,Uniform_Full,367,1,0,N/A,0.00000384,0.00000647,0.00003383,0.15332923,0.99990849,0.973511,True,False,1096,32,66841,78549,145404
4096,Uniform_Full,368,1,0,N/A,0.00000854,0.00000720,0.00004697,0.14839031,0.99990927,0.970520,True,False,1144,80,65570,79218,144802
4096,Uniform_Full,369,1,0,N/A,0.00000083,0.00000622,0.00003206,0.14821303,0.99991269,0.974548,True,False,1080,16,65549,78430,143993
4096,Uniform_Full,370,1,1,1,0.00006322,0.00000715,0.00003763,0.15153112,0.99989761,0.970734,True,False,1160,96,69609,78648,148271
4096,Uniform_Full,371,1,0,N/A,0.00001118,0.00000636,0.00003379,0.14092799,0.99990415,0.973999,True,False,1096,32,70114,80559,150687
4096,Uniform_Full,372,1,0,N/A,0.00002061,0.00000684,0.00003585,0.15446464,0.99989919,0.971985,True,False,1162,64,67092,78793,145899
4096,Uniform_Full,373,1,0,N/A,0.00000188,0.00000637,0.00003557,0.14772453,0.99991041,0.973938,True,False,1080,16,63851,78275,142140
4096,Uniform_Full,374,1,0,N/A,0.00001968,0.00000638,0.00003349,0.14309053,0.99990551,0.973877,True,False,1096,32,66793,78691,145498
4096,Uniform_Full,375,1,0,N/A,0.00003418,0.00000632,0.00003360,0.14672472,0.99990625,0.974121,True,False,1096,32,66401,78798,145213
4096,Uniform_Full,376,1,0,N/A,0.00001135,0.00000632,0.00003533,0.13814822,0.99990946,0.974121,True,False,1128,64,66820,78711,145545
4096,Uniform_Full,377,1,0,N/A,0.00000404,0.00000674,0.00003584,0.15646961,0.99990016,0.972382,True,False,1160,96,65059,78190,143263
4096,Uniform_Full,378,1,0,N/A,0.00000299,0.00000650,0.00003487,0.15291834,0.99990773,0.973358,True,False,1112,48,67824,78572,146410
4096,Uniform_Full,379,0,0,N/A,0.00000077,0.00000640,0.00003346,0.14557783,0.99990460,0.973785,True,False,1080,16,64537,78575,143126
4096,Uniform_Full,380,0,0,N/A,0.00000073,0.00000657,0.00003585,0.15625115,0.99990322,0.973114,True,False,1112,48,64914,77836,142764
4096,Uniform_Full,381,1,0,N/A,0.00000627,0.00000654,0.00003424,0.14744591,0.99990517,0.973206,True,False,1096,32,65292,78735,144041
4096,Uniform_Full,382,1,0,N/A,0.00000825,0.00000636,0.00003511,0.13963154,0.99990892,0.973969,True,False,1129,48,62222,78189,140425
4096,Uniform_Full,383,1,0,N/A,0.00002220,0.00000659,0.00003323,0.14185738,0.99989769,0.973022,True,False,1080,16,65975,78658,144647
4096,Uniform_Full,384,1,0,N/A,0.00001269,0.00000623,0.00003342,0.14557304,0.99990861,0.974487,True,False,1080,16,63799,78451,142264
4096,Uniform_Full,385,1,0,N/A,0.00001797,0.00000692,0.00004342,0.14001468,0.99990347,0.971649,True,False,1128,64,67286,78696,145996
4096,Uniform_Full,386,1,0,N/A,0.00000135,0.00000659,0.00003811,0.14649336,0.99990499,0.972992,True,False,1129,48,66041,78134,144189
4096,Uniform_Full,387,1,0,N/A,0.00005702,0.00000640,0.00003225,0.14905100,0.99990013,0.973816,True,False,1080,16,67600,78909,146523
4096,Uniform_Full,388,1,0,N/A,0.00000683,0.00000666,0.00003652,0.15010705,0.99990244,0.972717,True,False,1112,48,64052,77651,141717
4096,Uniform_Full,389,1,0,N/A,0.00003298,0.00000668,0.00003598,0.15097757,0.99989967,0.972656,True,False,1096,32,63826,79054,142894
4096,Uniform_Full,390,1,0,N/A,0.00000754,0.00000635,0.00003302,0.14920588,0.99990638,0.973999,True,False,1096,32,67254,78748,146016
4096,Uniform_Full,391,1,0,N/A,0.00002950,0.00000652,0.00003489,0.14369766,0.99990806,0.973297,True,False,1112,48,68429,78830,147273
4096,Uniform_Full,392,1,0,N/A,0.00000499,0.00000651,0.00003252,0.15623178,0.99990343,0.973358,True,False,1096,32,65604,83441,149059
4096,Uniform_Full,393,1,0,N/A,0.00000647,0.00000691,0.00003848,0.15302806,0.99989815,0.971710,True,False,1112,48,64631,78555,143200
4096,Uniform_Full,394,1,0,N/A,0.00003398,0.00000656,0.00003504,0.15207034,0.99990330,0.973114,True,False,1161,80,66514,78794,145322
4096,Uniform_Full,395,1,0,N/A,0.00000647,0.00000662,0.00003538,0.15113431,0.99989944,0.972870,True,False,1128,64,65219,77900,143133
4096,Uniform_Full,396,1,0,N/A,0.00000572,0.00000660,0.00003520,0.15354925,0.99990023,0.972961,True,False,1112,48,68870,79747,148631
4096,Uniform_Full,397,0,0,N/A,0.00000002,0.00000645,0.00003542,0.15138832,0.99990638,0.973602,True,False,1112,48,67689,79315,147018
4096,Uniform_Full,398,1,0,N/A,0.00001289,0.00000672,0.00003537,0.14969089,0.99989761,0.972473,True,False,1144,80,68631,79176,147821
4096,Uniform_Full,399,1,0,N/A,0.00000477,0.00000688,0.00004157,0.14927711,0.99989954,0.971832,True,False,1144,80,65087,78855,143956
4096,Gaussian_s2,400,1,1,1,0.00762137,0.00001216,0.00003069,0.35780286,0.99990513,0.950470,True,False,1096,32,64391,77791,142196
4096,Gaussian_s2,401,1,1,1,0.01390725,0.00001210,0.00009180,0.35843561,0.99994077,0.950470,True,False,1096,32,67008,78638,145660
4096,Gaussian_s2,402,1,1,1,0.08234277,0.00007507,0.11891861,0.37859080,0.95144246,0.954346,True,False,1096,32,65151,78381,143546
4096,Gaussian_s2,403,1,1,1,0.00462951,0.00001243,0.00003858,0.35721193,0.99988334,0.949158,True,False,1128,64,67014,78810,145838
4096,Gaussian_s2,404,1,1,1,0.08884400,0.00001725,0.01906057,0.39080256,0.99701990,0.949158,True,False,1128,64,65046,78886,143946
4096,Gaussian_s2,405,1,1,1,0.02551989,0.00001260,0.00017918,0.37180194,0.99993447,0.948395,True,False,1160,96,70144,80807,150965
4096,Gaussian_s2,406,1,1,1,0.01567364,0.00001265,0.00006133,0.36738931,0.99988679,0.948242,True,False,1112,48,65246,77688,142948
4096,Gaussian_s2,407,1,1,1,0.06012742,0.00001204,0.00006473,0.37437148,0.99994711,0.951447,True,False,1128,64,65483,78261,143758
4096,Gaussian_s2,408,1,1,1,0.00661415,0.00001235,0.00004940,0.36342103,0.99990097,0.949463,True,False,1112,48,65498,82227,147739
4096,Gaussian_s2,409,1,1,1,0.01342350,0.00001253,0.00009131,0.38574277,0.99993945,0.948761,True,False,1112,48,63997,78534,142545
4096,Gaussian_s2,410,1,1,1,0.00205572,0.00001317,0.00008800,0.36382484,0.99986267,0.946045,True,False,1208,144,65893,78718,144625
4096,Gaussian_s2,411,1,1,1,0.00075417,0.00001213,0.00003953,0.35947763,0.99991641,0.950836,True,False,1096,32,64219,78406,142639
4096,Gaussian_s2,412,1,1,1,0.07914820,0.00001217,0.00019528,0.35437867,0.99996332,0.950226,True,False,1112,48,66731,78638,145383
4096,Gaussian_s2,413,1,1,1,0.04525900,0.00001192,0.00003427,0.36728831,0.99995050,0.951538,True,False,1112,48,64274,78327,142615
4096,Gaussian_s2,414,1,1,1,0.01240968,0.00001173,0.00003068,0.36485574,0.99992841,0.952271,True,False,1129,48,72175,79677,151866
4096,Gaussian_s2,415,1,1,1,0.09669910,0.00002404,0.03858033,0.34399986,0.98579760,0.952271,True,False,1160,96,64280,82135,146429
4096,Gaussian_s2,416,1,1,1,0.02241839,0.00001217,0.00004970,0.37586384,0.99991767,0.950836,True,False,1096,32,68440,79757,148211
4096,Gaussian_s2,417,1,1,1,0.00380261,0.00001232,0.00003302,0.38140925,0.99990719,0.949707,True,False,1112,48,65946,78648,144608
4096,Gaussian_s2,418,1,1,1,0.01317741,0.00001205,0.00011431,0.38074046,0.99995133,0.951599,True,False,1080,16,64383,77647,142044
4096,Gaussian_s2,419,1,1,1,0.00623040,0.00001245,0.00003693,0.35391783,0.99988918,0.949097,True,False,1128,64,66879,77768,144661
4096,Gaussian_s2,420,1,1,1,0.03905748,0.00001173,0.00028088,0.35571999,0.99996566,0.954926,True,False,1096,32,65106,78641,143761
4096,Gaussian_s2,421,1,1,1,0.00989581,0.00001230,0.00004667,0.37070316,0.99992517,0.949738,True,False,1096,32,67202,78475,145691
4096,Gaussian_s2,422,1,1,1,0.09953374,0.00002917,0.04879799,0.36781495,0.97426092,0.954803,True,False,1096,32,64636,77911,142561
4096,Gaussian_s2,423,1,1,1,0.00057753,0.00001232,0.00005064,0.36333950,0.99989684,0.949554,True,False,1128,64,67305,78799,146118
4096,Gaussian_s2,424,1,1,1,0.00633044,0.00001350,0.00015348,0.38113863,0.99991114,0.944702,True,False,1208,144,67399,78025,145438
4096,Gaussian_s2,425,1,1,1,0.01146308,0.00001190,0.00003439,0.36716193,0.99991659,0.951691,True,False,1128,32,67775,79847,147636
4096,Gaussian_s2,426,1,1,1,0.03196162,0.00001174,0.00053421,0.38317849,0.99996372,0.952911,True,False,1128,64,66221,78439,144674
4096,Gaussian_s2,427,1,1,1,0.11452664,0.00003836,0.07152426,0.36592309,0.94563247,0.956390,True,False,1080,16,64289,78396,142699
4096,Gaussian_s2,428,1,1,1,0.01225621,0.00001213,0.00003070,0.35802414,0.99989327,0.950592,True,False,1064,0,66906,84018,150938
4096,Gaussian_s2,429,1,1,1,0.01872504,0.00001289,0.00010692,0.37048515,0.99989506,0.947205,True,False,1096,32,64367,78336,142717
4096,Gaussian_s2,430,1,1,1,0.10769120,0.00002805,0.04880078,0.34760298,0.97854209,0.951935,True,False,1112,48,67104,78653,145771
4096,Gaussian_s2,431,1,1,1,0.00157142,0.00001194,0.00004429,0.38078092,0.99992884,0.951477,True,False,1129,48,64705,77906,142625
4096,Gaussian_s2,432,1,1,1,0.02441443,0.00001251,0.00008143,0.37919629,0.99991846,0.948822,True,False,1096,32,71197,79087,150298
4096,Gaussian_s2,433,1,1,1,0.00551209,0.00001252,0.00005814,0.36170215,0.99987128,0.948730,True,False,1125,32,63812,78336,142162
4096,Gaussian_s2,434,1,1,1,0.00118693,0.00001241,0.00003993,0.34840261,0.99987144,0.949188,True,False,1112,48,67052,79359,146425
4096,Gaussian_s2,435,1,1,1,0.07160895,0.00001574,0.01540571,0.38378529,0.99695921,0.949127,True,False,1128,64,63443,77924,141381
4096,Gaussian_s2,436,1,1,1,0.00011124,0.00001243,0.00003638,0.37812646,0.99991021,0.949371,True,False,1096,32,62917,78321,141252
4096,Gaussian_s2,437,1,1,1,0.01400770,0.00001471,0.01271184,0.36382759,0.99732726,0.953735,True,False,1128,64,68208,79701,147923
4096,Gaussian_s2,438,1,1,1,0.00541970,0.00001297,0.00005654,0.37130180,0.99985519,0.946869,True,False,1128,64,65508,78398,143920
4096,Gaussian_s2,439,1,1,1,0.01737397,0.00001193,0.00021492,0.37339871,0.99996184,0.952789,True,False,1096,32,66054,78602,144670
4096,Gaussian_s2,440,1,1,1,0.00052293,0.00001247,0.00004082,0.36865295,0.99989737,0.949005,True,False,1096,32,65426,78739,144179
4096,Gaussian_s2,441,1,1,1,0.00952309,0.00001211,0.00003119,0.37035841,0.99992342,0.950806,True,False,1113,32,66706,78715,145435
4096,Gaussian_s2,442,1,1,1,0.03425828,0.00001143,0.00010013,0.34673707,0.99996244,0.954681,True,False,1096,32,65733,77482,143229
4096,Gaussian_s2,443,1,1,1,0.01757473,0.00001216,0.00015670,0.38069689,0.99994523,0.952087,True,False,1096,32,66993,78770,145777
4096,Gaussian_s2,444,1,1,1,0.00951708,0.00001211,0.00009770,0.36519643,0.99994872,0.950531,True,False,1112,48,64454,78057,142525
4096,Gaussian_s2,445,1,1,1,0.01142830,0.00001212,0.00005618,0.36451612,0.99994238,0.951233,True,False,1096,32,65011,77956,142981
4096,Gaussian_s2,446,1,1,1,0.00608334,0.00001237,0.00005813,0.36672200,0.99988731,0.949341,True,False,1128,64,66466,78994,145474
4096,Gaussian_s2,447,1,1,1,0.01144006,0.00001203,0.00003299,0.36806084,0.99991024,0.951050,True,False,1144,80,64320,78239,142573
4096,Gaussian_s2,448,1,1,1,0.05741236,0.00001156,0.00041576,0.36152660,0.99997057,0.956726,True,False,1064,0,67293,78977,146284
4096,Gaussian_s2,449,1,1,1,0.02177596,0.00001202,0.00005440,0.36453880,0.99989738,0.950928,True,False,1096,32,64367,78227,142608
4096,Gaussian_s2,450,1,1,1,0.01515409,0.00001216,0.00003070,0.37655748,0.99992620,0.950562,True,False,1112,48,66939,79385,146338
4096,Gaussian_s2,451,1,1,1,0.01371213,0.00001238,0.00006124,0.36149493,0.99989674,0.949310,True,False,1144,80,67414,78356,145784
4096,Gaussian_s2,452,1,1,1,0.01351677,0.00001224,0.00004935,0.35980799,0.99992833,0.950043,True,False,1161,80,67522,78848,146384
4096,Gaussian_s2,453,1,1,1,0.00311715,0.00001274,0.00004856,0.36894838,0.99986972,0.947845,True,False,1112,48,64495,78855,143364
4096,Gaussian_s2,454,1,1,1,0.01952964,0.00001175,0.00003264,0.35084621,0.99992919,0.952637,True,False,1096,32,62637,103326,165977
4096,Gaussian_s2,455,1,1,1,0.00317696,0.00001198,0.00004012,0.36288655,0.99992070,0.951202,True,False,1128,64,66040,78302,144356
4096,Gaussian_s2,456,1,1,1,0.01658509,0.00001228,0.00007799,0.38283296,0.99995067,0.949921,True,False,1210,112,65680,78191,143885
4096,Gaussian_s2,457,1,1,1,0.01503724,0.00001242,0.00008346,0.36115189,0.99991237,0.949158,True,False,1112,48,69485,79471,148970
4096,Gaussian_s2,458,1,1,1,0.04747428,0.00001138,0.00021016,0.34123272,0.99995593,0.956482,True,False,1064,0,64023,77436,141473
4096,Gaussian_s2,459,1,1,1,0.00471237,0.00001254,0.00003185,0.37145497,0.99991113,0.948975,True,False,1080,16,67452,78456,145922
4096,Gaussian_s2,460,1,1,1,0.00526411,0.00001249,0.00012453,0.35314287,0.99992994,0.948853,True,False,1144,80,64383,78106,142503
4096,Gaussian_s2,461,1,1,1,0.01323849,0.00001209,0.00027703,0.37254337,0.99997239,0.953064,True,False,1096,32,66817,78814,145645
4096,Gaussian_s2,462,1,1,1,0.03303520,0.00001196,0.00004612,0.37171469,0.99991905,0.951691,True,False,1080,16,63564,77659,141237
4096,Gaussian_s2,463,1,1,1,0.01093510,0.00001254,0.00007355,0.37280523,0.99989779,0.948639,True,False,1161,80,63876,78787,142677
4096,Gaussian_s2,464,1,1,1,0.03212975,0.00001189,0.00006020,0.37700785,0.99993223,0.952332,True,False,1112,48,66017,79410,145441
4096,Gaussian_s2,465,1,1,1,0.02074037,0.00001189,0.00008496,0.35193945,0.99993659,0.952057,True,False,1128,64,66163,78235,144412
4096,Gaussian_s2,466,1,1,1,0.52979076,0.00021741,0.45790160,0.83105793,0.79938820,0.954163,True,False,1128,64,67453,79271,146738
4096,Gaussian_s2,467,1,1,1,0.00714765,0.00001300,0.00007081,0.36871013,0.99987007,0.946777,True,False,1112,48,64229,78312,142555
4096,Gaussian_s2,468,1,1,1,0.05945256,0.00001158,0.00013749,0.37343886,0.99996067,0.954468,True,False,1112,48,68631,79493,148138
4096,Gaussian_s2,469,1,1,1,0.00257739,0.00001283,0.00012502,0.35428828,0.99993572,0.947479,True,False,1160,96,67598,79335,146947
4096,Gaussian_s2,470,1,1,1,0.03689523,0.00001148,0.00003016,0.37519679,0.99996679,0.953491,True,False,1128,64,68149,80192,148355
4096,Gaussian_s2,471,1,1,1,0.14257701,0.00004031,0.07718572,0.35888192,0.96445329,0.954071,True,False,1080,16,68633,79463,148110
4096,Gaussian_s2,472,1,1,1,0.01467597,0.00001257,0.00008572,0.39752249,0.99995047,0.948669,True,False,1145,64,67587,80819,148420
4096,Gaussian_s2,473,1,1,1,0.00198125,0.00001260,0.00008060,0.36855418,0.99991496,0.948395,True,False,1128,64,65200,79366,144580
4096,Gaussian_s2,474,1,1,1,0.03829892,0.00001147,0.00003580,0.37793515,0.99995841,0.953918,True,False,1096,32,65879,79556,145449
4096,Gaussian_s2,475,1,1,1,0.01954832,0.00001198,0.00008718,0.38828361,0.99994753,0.952087,True,False,1096,32,66101,78364,144479
4096,Gaussian_s2,476,1,1,1,0.01573703,0.00001255,0.00005408,0.37271786,0.99992566,0.948730,True,False,1174,80,64660,78229,142903
4096,Gaussian_s2,477,1,1,1,0.00942920,0.00001243,0.00007750,0.38436024,0.99992153,0.949097,True,False,1144,80,68086,79010,147110
4096,Gaussian_s2,478,1,1,1,0.00011650,0.00001140,0.00015550,0.36231059,0.99996751,0.954407,True,False,1096,32,67185,79647,146846
4096,Gaussian_s2,479,1,1,1,0.00987541,0.00001248,0.00006506,0.35612809,0.99991089,0.949066,True,False,1144,80,72957,80549,153520
4096,Gaussian_s2,480,1,1,1,0.05704075,0.00001219,0.00017580,0.35531535,0.99995615,0.950134,True,False,1162,64,65602,78054,143670
4096,Gaussian_s2,481,1,1,1,0.05583511,0.00001216,0.00010315,0.36957430,0.99994479,0.950378,True,False,1160,96,66069,80003,146086
4096,Gaussian_s2,482,1,1,1,0.01000988,0.00001197,0.00006380,0.36323892,0.99992561,0.951660,True,False,1096,32,69365,78682,148061
4096,Gaussian_s2,483,1,1,1,0.01422798,0.00001225,0.00006241,0.38141097,0.99993099,0.950043,True,False,1096,32,65303,77990,143307
4096,Gaussian_s2,484,1,1,1,0.00946162,0.00001235,0.00003092,0.36052175,0.99989116,0.949615,True,False,1112,48,66684,77984,144682
4096,Gaussian_s2,485,1,1,1,0.02409877,0.00001193,0.00021081,0.37423914,0.99996592,0.953217,True,False,1162,64,67174,80112,147300
4096,Gaussian_s2,486,1,1,1,0.00198655,0.00001253,0.00005193,0.37104089,0.99989126,0.948730,True,False,1128,64,66770,78918,145702
4096,Gaussian_s2,487,1,1,1,0.02597556,0.00001210,0.00004480,0.37594568,0.99995134,0.950745,True,False,1177,96,63411,77771,141196
4096,Gaussian_s2,488,1,1,1,0.00100464,0.00001210,0.00003652,0.36187244,0.99991120,0.950897,True,False,1112,48,68653,83355,152022
4096,Gaussian_s2,489,1,1,1,0.00221938,0.00001241,0.00004108,0.36857564,0.99992012,0.949188,True,False,1144,80,63687,77743,141444
4096,Gaussian_s2,490,1,1,1,0.00061417,0.00001215,0.00003873,0.36209833,0.99992951,0.950562,True,False,1096,32,66276,78720,145010
4096,Gaussian_s2,491,1,1,1,0.01101766,0.00001259,0.00004671,0.37075644,0.99989701,0.948456,True,False,1112,48,64145,77851,142010
4096,Gaussian_s2,492,1,1,1,0.00512601,0.00001245,0.00008130,0.36641888,0.99992488,0.949036,True,False,1112,48,65275,78104,143393
4096,Gaussian_s2,493,1,1,1,0.22386518,0.00006797,0.13947111,0.38673367,0.95626435,0.954376,True,False,1124,48,66464,78552,145030
4096,Gaussian_s2,494,1,1,1,0.00496595,0.00001252,0.00005110,0.37137682,0.99989560,0.948761,True,False,1096,32,63659,77853,141526
4096,Gaussian_s2,495,1,1,1,0.01502839,0.00001233,0.00009012,0.39197038,0.99995187,0.949585,True,False,1144,80,66152,78320,144486
4096,Gaussian_s2,496,1,1,1,0.04157668,0.00001159,0.00010270,0.35924736,0.99996180,0.953735,True,False,1096,32,63439,78270,141723
4096,Gaussian_s2,497,1,1,1,0.01702937,0.00001229,0.00003022,0.36341515,0.99990014,0.950226,True,False,1096,32,66345,78835,145194
4096,Gaussian_s2,498,1,1,1,0.00161853,0.00001261,0.00015738,0.36056896,0.99993663,0.948364,True,False,1144,80,63994,79098,143106
4096,Gaussian_s2,499,1,1,1,0.00465689,0.00001237,0.00007880,0.38301115,0.99995512,0.949677,True,False,1096,32,69935,79889,149838
4096,Gaussian_s2,500,1,1,1,0.01957811,0.00001246,0.00006301,0.38113651,0.99992898,0.949341,True,False,1128,64,65692,78883,144589
4096,Gaussian_s2,501,1,1,1,0.00708535,0.00001223,0.00013619,0.35839782,0.99992496,0.949921,True,False,1160,96,64861,78220,143095
4096,Gaussian_s2,502,1,1,1,0.03002660,0.00001155,0.00014153,0.36333510,0.99996233,0.954071,True,False,1112,48,67221,78233,145468
4096,Gaussian_s2,503,1,1,1,0.02939767,0.00001220,0.00008146,0.38458897,0.99994290,0.950104,True,False,1112,48,64823,77816,142653
4096,Gaussian_s2,504,1,1,1,0.00760881,0.00001184,0.00006597,0.37304419,0.99993216,0.951660,True,False,1112,48,68227,78539,146780
4096,Gaussian_s2,505,1,1,1,0.00010858,0.00001269,0.00005621,0.38053276,0.99985918,0.948059,True,False,1160,96,66963,79233,146210
4096,Gaussian_s2,506,1,1,1,0.00151424,0.00001202,0.00004915,0.36709097,0.99992650,0.951141,True,False,1112,48,66990,78624,145628
4096,Gaussian_s2,507,1,1,1,0.00279840,0.00001217,0.00008379,0.37085698,0.99993785,0.950165,True,False,1144,80,62688,76915,139617
4096,Gaussian_s2,508,1,1,1,0.01336725,0.00001181,0.00007553,0.36789869,0.99995146,0.952881,True,False,1096,32,68228,79121,147363
4096,Gaussian_s2,509,1,1,1,0.03096729,0.00001203,0.00003073,0.37478049,0.99993871,0.951019,True,False,1112,48,65196,78475,143685
4096,Gaussian_s2,510,1,1,1,0.00031725,0.00001226,0.00010134,0.38751483,0.99993621,0.949799,True,False,1145,64,64673,78091,142778
4096,Gaussian_s2,511,1,1,1,0.00017884,0.00001226,0.00003228,0.35557144,0.99990523,0.950012,True,False,1112,48,69423,77654,147091
4096,Gaussian_s2,512,1,1,1,0.00730898,0.00001271,0.00006056,0.35281514,0.99989335,0.947937,True,False,1160,96,64480,77430,141924
4096,Gaussian_s2,513,1,1,1,0.05032391,0.00001143,0.00015913,0.37525762,0.99996562,0.955353,True,False,1144,80,65712,77665,143391
4096,Gaussian_s2,514,1,1,1,0.00924346,0.00001270,0.00009273,0.36601103,0.99990704,0.947998,True,False,1096,32,68452,78816,147282
4096,Gaussian_s2,515,1,1,1,0.01677293,0.00001275,0.00011968,0.36567295,0.99991768,0.947815,True,False,1112,48,66531,78095,144640
4096,Gaussian_s2,516,1,1,1,0.01404632,0.00001232,0.00003067,0.36362789,0.99992859,0.949768,True,False,1112,48,64454,77844,142312
4096,Gaussian_s2,517,1,1,1,0.01217045,0.00001196,0.00003057,0.37581790,0.99991853,0.951324,True,False,1128,64,70931,78578,149523
4096,Gaussian_s2,518,1,1,1,0.00415314,0.00001208,0.00003051,0.36268865,0.99989545,0.950867,True,False,1080,16,64985,78163,143162
4096,Gaussian_s2,519,1,1,1,0.00910975,0.00001260,0.00005891,0.35734159,0.99987017,0.948456,True,False,1112,48,65414,78484,143912
4096,Gaussian_s2,520,1,1,1,0.07520841,0.00001332,0.00768697,0.34197920,0.99926293,0.954041,True,False,1096,32,67000,78606,145620
4096,Gaussian_s2,521,1,1,1,0.00337117,0.00001183,0.00003015,0.37053776,0.99993130,0.952057,True,False,1112,48,64849,78501,143364
4096,Gaussian_s2,522,1,1,1,0.01829789,0.00001211,0.00015740,0.35730477,0.99994983,0.950409,True,False,1160,96,67935,78476,146425
4096,Gaussian_s2,523,1,1,1,0.03108213,0.00001255,0.00010359,0.38276899,0.99992553,0.948608,True,False,1128,64,64694,84184,148892
4096,Gaussian_s2,524,1,1,1,0.02414864,0.00001156,0.00006085,0.36884496,0.99997110,0.953125,True,False,1192,128,67904,78296,146214
4096,Gaussian_s2,525,1,1,1,0.01554222,0.00001176,0.00006276,0.36562761,0.99995632,0.952667,True,False,1129,48,64780,77184,141978
4096,Gaussian_s2,526,1,1,1,0.07340950,0.00001350,0.00866661,0.33191450,0.99892689,0.957062,True,False,1096,32,67590,78517,146121
4096,Gaussian_s2,527,1,1,1,0.04935249,0.00001172,0.00004616,0.37254178,0.99995868,0.952454,True,False,1080,16,62417,77421,139852
4096,Gaussian_s2,528,1,1,1,0.02533057,0.00001256,0.00006075,0.37818163,0.99993276,0.948669,True,False,1139,48,64034,83352,147400
4096,Gaussian_s2,529,1,1,1,0.00332134,0.00001229,0.00007387,0.37037356,0.99991128,0.950317,True,False,1080,16,66844,78247,145105
4096,Gaussian_s2,530,1,1,1,0.00722210,0.00001229,0.00010730,0.36615160,0.99991933,0.949677,True,False,1144,80,65057,77973,143044
4096,Gaussian_s2,531,1,1,1,0.04394656,0.00001149,0.00014377,0.35376369,0.99995339,0.954834,True,False,1096,32,67962,78277,146253
4096,Gaussian_s2,532,1,1,1,0.00473642,0.00001264,0.00004253,0.37563531,0.99990498,0.948364,True,False,1112,48,68138,77492,145644
4096,Gaussian_s2,533,1,1,1,0.01585533,0.00001245,0.00010158,0.36529690,0.99993825,0.949066,True,False,1145,64,67898,82680,150592
4096,Gaussian_s2,534,1,1,1,0.03672908,0.00001149,0.00014342,0.34139085,0.99994667,0.954803,True,False,1080,16,64071,77800,141885
4096,Gaussian_s2,535,1,1,1,0.02859253,0.00001198,0.00010572,0.36385197,0.99993924,0.952484,True,False,1096,32,65413,78449,143876
4096,Gaussian_s2,536,1,1,1,0.00361376,0.00001324,0.00007977,0.37465912,0.99985969,0.945770,True,False,1160,96,63149,77953,141116
4096,Gaussian_s2,537,1,1,1,0.01240103,0.00001177,0.00012275,0.36908413,0.99995741,0.952667,True,False,1144,80,68544,77906,146464
4096,Gaussian_s2,538,1,1,1,0.01804185,0.00001189,0.00003030,0.36451262,0.99990738,0.951569,True,False,1096,32,66626,78510,145150
4096,Gaussian_s2,539,1,1,1,0.00405467,0.00001230,0.00003070,0.36445064,0.99990053,0.949799,True,False,1112,48,64201,78350,142565
4096,Gaussian_s2,540,1,1,1,0.00481316,0.00001225,0.00006824,0.37220597,0.99994481,0.950073,True,False,1128,64,67503,78872,146389
4096,Gaussian_s2,541,1,1,1,0.00193407,0.00001279,0.00005180,0.37559665,0.99988092,0.947601,True,False,1128,64,63162,77952,141128
4096,Gaussian_s2,542,1,1,1,0.02168193,0.00001197,0.00006953,0.36116173,0.99993813,0.951660,True,False,1112,48,66960,78870,145844
4096,Gaussian_s2,543,1,1,1,0.01839678,0.00001191,0.00003353,0.37286791,0.99992820,0.951447,True,False,1144,80,62627,78064,140705
4096,Gaussian_s2,544,1,1,1,0.01873455,0.00001323,0.00019813,0.37617587,0.99991582,0.945801,True,False,1128,64,66943,78076,145033
4096,Gaussian_s2,545,1,1,1,0.03973307,0.00001115,0.00029679,0.34264613,0.99996840,0.957794,True,False,1080,16,64685,77865,142564
4096,Gaussian_s2,546,1,1,1,0.03169931,0.00001226,0.00003278,0.37543699,0.99992191,0.949982,True,False,1128,64,65145,78075,143234
4096,Gaussian_s2,547,1,1,1,0.01627031,0.00001241,0.00005437,0.35739182,0.99989464,0.949280,True,False,1096,32,72409,79676,152099
4096,Gaussian_s2,548,1,1,1,0.01444577,0.00001201,0.00006076,0.36487361,0.99992885,0.951782,True,False,1080,16,64575,77881,142470
4096,Gaussian_s2,549,1,1,1,0.00268622,0.00001224,0.00003412,0.38191069,0.99992022,0.949982,True,False,1096,32,68778,78779,147571
4096,Gaussian_s2,550,1,1,1,0.01994092,0.00001227,0.00003835,0.36728959,0.99991344,0.950043,True,False,1128,64,60819,77939,138772
4096,Gaussian_s2,551,1,1,1,0.06842856,0.00001268,0.00473627,0.38829340,0.99965608,0.951538,True,False,1161,80,67136,78777,145927
4096,Gaussian_s2,552,1,1,1,0.02227866,0.00001260,0.00014579,0.37543046,0.99994923,0.948425,True,False,1144,80,64063,77838,141915
4096,Gaussian_s2,553,1,1,1,0.09471545,0.00001285,0.00490844,0.35863353,0.99984228,0.948730,True,False,1128,64,66569,79899,146482
4096,Gaussian_s2,554,1,1,1,0.01131808,0.00001212,0.00003025,0.37803184,0.99990999,0.950684,True,False,1129,48,63904,77221,141139
4096,Gaussian_s2,555,1,1,1,0.04581871,0.00001162,0.00009542,0.36226777,0.99995552,0.953552,True,False,1128,64,64599,78090,142703
4096,Gaussian_s2,556,1,1,1,0.00049240,0.00001235,0.00008032,0.36654285,0.99993361,0.949432,True,False,1112,48,67296,78907,146217
4096,Gaussian_s2,557,1,1,1,0.13149624,0.00003694,0.06852812,0.36823957,0.96466184,0.953369,True,False,1080,16,63081,78239,141334
4096,Gaussian_s2,558,1,1,1,0.01323784,0.00001170,0.00011199,0.36425422,0.99995867,0.953186,True,False,1128,64,66811,78551,145376
4096,Gaussian_s2,559,1,1,1,0.01216770,0.00001183,0.00004086,0.37930650,0.99993813,0.951996,True,False,1096,32,67708,79907,147629
4096,Gaussian_s2,560,1,1,1,0.00049828,0.00001203,0.00003052,0.38332711,0.99990473,0.951050,True,False,1097,16,67330,78641,145985
4096,Gaussian_s2,561,1,1,1,0.01792306,0.00001212,0.00004948,0.37166780,0.99989806,0.950531,True,False,1128,64,66981,78202,145197
4096,Gaussian_s2,562,1,1,1,0.06163068,0.00002404,0.03855419,0.35416307,0.97714008,0.954010,True,False,1128,64,69070,79762,148846
4096,Gaussian_s2,563,1,1,1,0.04933328,0.00001143,0.00021416,0.36049431,0.99995460,0.956024,True,False,1064,0,64783,77868,142665
4096,Gaussian_s2,564,1,1,1,0.02642346,0.00001193,0.00003423,0.35666343,0.99992596,0.951599,True,False,1096,32,64141,78713,142868
4096,Gaussian_s2,565,1,1,1,0.00525271,0.00001219,0.00003305,0.35583238,0.99990156,0.950378,True,False,1096,32,66148,78696,144858
4096,Gaussian_s2,566,1,1,1,0.03571175,0.00001220,0.00005741,0.35847600,0.99994261,0.950226,True,False,1113,32,65264,83062,148340
4096,Gaussian_s2,567,1,1,1,0.03277846,0.00001203,0.00004173,0.35890809,0.99993684,0.951416,True,False,1096,32,67825,103009,170848
4096,Gaussian_s2,568,1,1,1,0.01311309,0.00001226,0.00005154,0.37247962,0.99992639,0.950104,True,False,1145,64,65118,78119,143251
4096,Gaussian_s2,569,1,1,1,0.00468214,0.00001267,0.00005805,0.35868942,0.99986896,0.948120,True,False,1129,48,66603,78511,145128
4096,Gaussian_s2,570,1,1,1,0.02301159,0.00001211,0.00006381,0.38803208,0.99993280,0.951172,True,False,1096,32,63240,77291,140545
4096,Gaussian_s2,571,1,1,1,0.02679498,0.00001204,0.00006403,0.38161833,0.99994693,0.951324,True,False,1096,32,65577,78779,144370
4096,Gaussian_s2,572,1,1,1,0.00547299,0.00001215,0.00007672,0.36544259,0.99993478,0.950592,True,False,1128,64,64927,77908,142849
4096,Gaussian_s2,573,1,1,1,0.03508386,0.00001157,0.00009033,0.36272789,0.99996212,0.952820,True,False,1160,96,65926,83741,149681
4096,Gaussian_s2,574,1,1,1,0.01180416,0.00001180,0.00003021,0.37919046,0.99992825,0.952209,True,False,1080,16,68096,78665,146775
4096,Gaussian_s2,575,1,1,1,0.16082478,0.00003878,0.07404110,0.36040343,0.97688288,0.952301,True,False,1096,32,64850,78649,143513
4096,Gaussian_s2,576,1,1,1,0.03922851,0.00001171,0.00005769,0.35849864,0.99995433,0.953064,True,False,1112,48,66894,78880,145788
4096,Gaussian_s2,577,1,1,1,0.00240882,0.00001225,0.00004697,0.38292306,0.99993454,0.950043,True,False,1112,48,63959,77935,141908
4096,Gaussian_s2,578,1,1,1,0.09530771,0.00003201,0.05694309,0.33562053,0.96364167,0.958099,True,False,1096,32,65703,78504,144221
4096,Gaussian_s2,579,1,1,1,0.00051296,0.00001206,0.00003019,0.35908849,0.99991437,0.950928,True,False,1080,16,62633,77990,140637
4096,Gaussian_s2,580,1,1,1,0.00813800,0.00001184,0.00006606,0.36717227,0.99995478,0.951599,True,False,1128,64,66094,79018,145126
4096,Gaussian_s2,581,1,1,1,0.02232643,0.00001187,0.00004043,0.36046586,0.99993435,0.951630,True,False,1113,32,62877,78240,141131
4096,Gaussian_s2,582,1,1,1,0.09716972,0.00002711,0.04473247,0.38088951,0.97805858,0.954590,True,False,1128,64,65075,77635,142724
4096,Gaussian_s2,583,1,1,1,0.01837289,0.00001279,0.00013035,0.37503732,0.99994041,0.947632,True,False,1153,64,67787,78732,146533
4096,Gaussian_s2,584,1,1,1,0.01004053,0.00001163,0.00005289,0.37072223,0.99992600,0.952911,True,False,1130,32,65479,78116,143609
4096,Gaussian_s2,585,1,1,1,0.06374730,0.00001163,0.00003112,0.35952466,0.99996196,0.952820,True,False,1096,32,68466,79196,147676
4096,Gaussian_s2,586,1,1,1,0.00395698,0.00001203,0.00003018,0.35241927,0.99989243,0.950989,True,False,1080,16,65278,78435,143727
4096,Gaussian_s2,587,1,1,1,0.04541152,0.00001175,0.00004164,0.37055612,0.99993964,0.952484,True,False,1144,80,65605,78939,144558
4096,Gaussian_s2,588,1,1,1,0.10343948,0.00002141,0.03089409,0.35348232,0.99203821,0.952881,True,False,1096,32,64993,83535,148542
4096,Gaussian_s2,589,1,1,1,0.00751943,0.00001239,0.00006830,0.35987716,0.99988966,0.949280,True,False,1096,32,66346,79093,145453
4096,Gaussian_s2,590,1,1,1,0.02471088,0.00001148,0.00023386,0.35628586,0.99996674,0.956055,True,False,1080,0,64957,78268,143239
4096,Gaussian_s2,591,1,1,1,0.00587522,0.00001207,0.00003142,0.35369143,0.99990652,0.950653,True,False,1146,48,64380,78632,143026
4096,Gaussian_s2,592,1,1,1,0.01464601,0.00001225,0.00003025,0.36793763,0.99990223,0.950043,True,False,1145,64,67124,78596,145734
4096,Gaussian_s2,593,1,1,1,0.00406303,0.00001238,0.00006139,0.35853533,0.99990605,0.949341,True,False,1112,48,68944,79128,148086
4096,Gaussian_s2,594,1,1,1,0.00346579,0.00001222,0.00003738,0.36336126,0.99989304,0.950165,True,False,1080,16,69467,80863,150344
4096,Gaussian_s2,595,1,1,1,0.03799675,0.00001192,0.00007989,0.35874033,0.99994811,0.951355,True,False,1160,96,62627,77617,140258
4096,Gaussian_s2,596,1,1,1,0.07408123,0.00001141,0.00008187,0.36001065,0.99996825,0.954132,True,False,1096,32,68226,79226,147466
4096,Gaussian_s2,597,1,1,1,0.00323158,0.00001227,0.00003311,0.36597888,0.99989267,0.949768,True,False,1112,48,64213,77754,141981
4096,Gaussian_s2,598,1,1,1,0.01234441,0.00001226,0.00003030,0.36935166,0.99991534,0.950043,True,False,1096,32,66589,78297,144900
4096,Gaussian_s2,599,1,1,1,0.00858448,0.00001200,0.00003079,0.36102889,0.99989755,0.951324,True,False,1064,0,62783,77796,140593
4096,Dominant,600,1,1,1,0.27245128,0.00001095,0.00231561,0.03810497,0.99999435,0.965027,True,False,1113,32,66970,78793,145777
4096,Dominant,601,1,1,1,0.27040544,0.00001148,0.00302166,0.03850598,0.99999407,0.965271,True,False,1096,32,64826,78335,143175
4096,Dominant,602,1,1,1,0.27142468,0.00001156,0.00300798,0.04023240,0.99999419,0.963684,True,False,1080,16,65517,79530,145061
4096,Dominant,603,1,1,1,0.27354899,0.00001123,0.00258943,0.03955592,0.99999440,0.963806,True,False,1096,32,65953,77644,143611
4096,Dominant,604,1,1,1,0.27404168,0.00001150,0.00173005,0.04298551,0.99999430,0.960541,True,False,1144,80,64058,78126,142198
4096,Dominant,605,1,1,1,0.27468413,0.00001126,0.00374156,0.03561264,0.99999406,0.967712,True,False,1112,48,65913,77939,143866
4096,Dominant,606,1,1,1,0.27418578,0.00001099,0.00155517,0.04057479,0.99999499,0.962555,True,False,1128,64,64407,77707,142128
4096,Dominant,607,1,1,1,0.27511218,0.00001106,0.00425929,0.03188690,0.99999474,0.971375,True,False,1112,48,68113,82734,150861
4096,Dominant,608,1,1,1,0.27236471,0.00001200,0.00173116,0.04618548,0.99999371,0.958099,True,False,1112,48,62370,77455,139839
4096,Dominant,609,1,1,1,0.27292946,0.00001124,0.00443116,0.03366503,0.99999446,0.969574,True,False,1096,32,66224,78351,144589
4096,Dominant,610,1,1,1,0.27235594,0.00001181,0.00088525,0.04777826,0.99999410,0.956238,True,False,1112,48,64525,77879,142418
4096,Dominant,611,1,1,1,0.27402657,0.00001085,0.00275210,0.03589314,0.99999480,0.967377,True,False,1096,32,67971,79145,147130
4096,Dominant,612,1,1,1,0.27439180,0.00001135,0.00345448,0.03721477,0.99999418,0.966156,True,False,1128,64,69854,79381,149249
4096,Dominant,613,1,1,1,0.27153566,0.00001138,0.00262231,0.04036725,0.99999410,0.963379,True,False,1112,48,65574,78513,144101
4096,Dominant,614,1,1,1,0.27062052,0.00001189,0.00219598,0.04516828,0.99999337,0.958893,True,False,1128,64,66723,84729,151466
4096,Dominant,615,1,1,1,0.27388793,0.00001102,0.00301293,0.03669630,0.99999444,0.966614,True,False,1128,64,64483,78169,142666
4096,Dominant,616,1,1,1,0.27244541,0.00001088,0.00277925,0.03614078,0.99999488,0.967041,True,False,1112,48,69398,80320,149732
4096,Dominant,617,1,1,1,0.27225032,0.00001207,0.00096044,0.04868219,0.99999374,0.955597,True,False,1160,96,64499,78011,142524
4096,Dominant,618,1,1,1,0.27701131,0.00001125,0.00348601,0.03655280,0.99999443,0.966888,True,False,1080,16,67056,79440,146510
4096,Dominant,619,1,1,1,0.27146587,0.00001215,0.00052550,0.05051805,0.99999378,0.953766,True,False,1157,64,64932,78484,143430
4096,Dominant,620,1,1,1,0.27117765,0.00001161,0.00276724,0.04051043,0.99999384,0.963257,True,False,1112,48,69506,78205,147725
4096,Dominant,621,1,1,1,0.27384511,0.00001119,0.00125581,0.04267797,0.99999445,0.960785,True,False,1112,48,65501,78498,144013
4096,Dominant,622,1,1,1,0.27371740,0.00001081,0.00309244,0.03490252,0.99999463,0.968140,True,False,1113,32,63546,77889,141449
4096,Dominant,623,1,1,1,0.27146032,0.00001087,0.00428462,0.03135472,0.99999438,0.971741,True,False,1080,16,66458,78874,145346
4096,Dominant,624,1,1,1,0.27272692,0.00001080,0.00313810,0.03550000,0.99999437,0.967529,True,False,1128,64,65363,78089,143466
4096,Dominant,625,1,1,1,0.27270740,0.00001083,0.00404292,0.03234441,0.99999421,0.970734,True,False,1112,48,69786,79569,149369
4096,Dominant,626,1,1,1,0.27513441,0.00001169,0.00118512,0.04562105,0.99999432,0.958099,True,False,1080,16,65437,82953,148404
4096,Dominant,627,1,1,1,0.27266642,0.00001132,0.00075725,0.04541381,0.99999458,0.958618,True,False,1112,48,68831,79295,148140
4096,Dominant,628,1,1,1,0.27301192,0.00001105,0.00358590,0.03477742,0.99999460,0.968414,True,False,1112,48,64634,78511,143159
4096,Dominant,629,1,1,1,0.27482584,0.00001139,0.00268397,0.03942232,0.99999399,0.963928,True,False,1096,32,64620,78131,142765
4096,Dominant,630,1,1,1,0.27203703,0.00001116,0.00398219,0.03459941,0.99999403,0.968567,True,False,1080,16,67080,78615,145709
4096,Dominant,631,1,1,1,0.27358261,0.00001209,0.00084680,0.04920297,0.99999406,0.955109,True,False,1144,80,64330,78150,142494
4096,Dominant,632,1,1,1,0.27022693,0.00001209,0.00249872,0.04491576,0.99999368,0.959106,True,False,1096,32,66837,83167,150018
4096,Dominant,633,1,1,1,0.27144441,0.00001181,0.00311041,0.04140151,0.99999356,0.962585,True,False,1113,32,63362,77815,141191
4096,Dominant,634,1,1,1,0.27557606,0.00001109,0.00370276,0.03492394,0.99999459,0.968323,True,False,1080,16,66489,78848,145351
4096,Dominant,635,1,1,1,0.27412331,0.00001116,0.00421163,0.03402465,0.99999409,0.969238,True,False,1080,16,62698,77579,140291
4096,Dominant,636,1,1,1,0.27409303,0.00001120,0.00152609,0.04200992,0.99999475,0.961517,True,False,1129,48,68531,79494,148039
4096,Dominant,637,1,1,1,0.27244136,0.00001158,0.00116587,0.04532073,0.99999437,0.958710,True,False,1128,64,66257,78345,144616
4096,Dominant,638,1,1,1,0.27385563,0.00001113,0.00426596,0.03438300,0.99999396,0.968750,True,False,1080,16,66109,78728,144851
4096,Dominant,639,1,1,1,0.27330682,0.00001106,0.00417513,0.03348522,0.99999449,0.969727,True,False,1080,16,68647,78751,147412
4096,Dominant,640,1,1,1,0.27137092,0.00001216,0.00098687,0.04951306,0.99999381,0.954742,True,False,1178,80,65156,78160,143330
4096,Dominant,641,1,1,1,0.27244544,0.00001179,0.00113156,0.04653789,0.99999424,0.957581,True,False,1161,80,70034,80617,150665
4096,Dominant,642,1,1,1,0.27174026,0.00001084,0.00379053,0.03296705,0.99999425,0.970123,True,False,1096,32,63343,78489,141846
4096,Dominant,643,1,1,1,0.27547318,0.00001108,0.00405020,0.03352440,0.99999458,0.969635,True,False,1096,32,66528,79354,145896
4096,Dominant,644,1,1,1,0.27497259,0.00001091,0.00442928,0.03103226,0.99999447,0.972076,True,False,1064,0,63907,82263,146184
4096,Dominant,645,1,1,1,0.27036047,0.00001189,0.00144932,0.04634076,0.99999403,0.957611,True,False,1112,48,66748,79371,146133
4096,Dominant,646,1,1,1,0.27458197,0.00001146,0.00353855,0.03773989,0.99999423,0.965759,True,False,1128,64,64634,79286,143934
4096,Dominant,647,1,1,1,0.27181375,0.00001204,0.00127584,0.04787883,0.99999367,0.956329,True,False,1128,64,64379,78599,142992
4096,Dominant,648,1,1,1,0.27340174,0.00001125,0.00255382,0.03910434,0.99999395,0.964233,True,False,1112,48,68017,78897,146928
4096,Dominant,649,1,1,1,0.27249601,0.00001122,0.00278959,0.03744302,0.99999423,0.965912,True,False,1128,64,63990,77389,141393
4096,Dominant,650,1,1,1,0.27159926,0.00001159,0.00152096,0.04473194,0.99999414,0.959229,True,False,1113,32,66273,78422,144709
4096,Dominant,651,1,1,1,0.27113378,0.00001067,0.00421503,0.03040871,0.99999463,0.972565,True,False,1080,16,63126,77954,141094
4096,Dominant,652,1,1,1,0.26965636,0.00001190,0.00328362,0.04099878,0.99999354,0.962952,True,False,1080,16,66561,80315,146890
4096,Dominant,653,1,1,1,0.27598369,0.00001133,0.00073102,0.04495976,0.99999461,0.958618,True,False,1128,64,63121,77972,141107
4096,Dominant,654,1,1,1,0.27215979,0.00001105,0.00285214,0.03719068,0.99999433,0.965881,True,False,1096,32,67191,79041,146246
4096,Dominant,655,1,1,1,0.27282748,0.00001159,0.00077930,0.04664874,0.99999446,0.957428,True,False,1096,32,63728,78108,141850
4096,Dominant,656,1,1,1,0.27201790,0.00001102,0.00296324,0.03661413,0.99999442,0.966492,True,False,1112,48,64671,78598,143283
4096,Dominant,657,1,1,1,0.27102348,0.00001155,0.00307411,0.03978599,0.99999410,0.964081,True,False,1112,48,68898,79336,148248
4096,Dominant,658,1,1,1,0.27066162,0.00001167,0.00258219,0.04194850,0.99999383,0.961761,True,False,1128,64,64121,77949,142084
4096,Dominant,659,1,1,1,0.26817089,0.00001141,0.00245246,0.04069818,0.99999392,0.962982,True,False,1112,48,67787,78544,146345
4096,Dominant,660,1,1,1,0.27405101,0.00001113,0.00349128,0.03557043,0.99999426,0.967743,True,False,1113,32,64625,77807,142446
4096,Dominant,661,1,1,1,0.27206069,0.00001271,0.00047910,0.05346509,0.99999349,0.951019,True,False,1193,112,69871,78677,148562
4096,Dominant,662,1,1,1,0.27218321,0.00001094,0.00291991,0.03660619,0.99999468,0.966553,True,False,1096,32,64128,78286,142428
4096,Dominant,663,1,1,1,0.27391297,0.00001110,0.00323212,0.03600174,0.99999465,0.967255,True,False,1080,16,67006,78748,145768
4096,Dominant,664,1,1,1,0.27232844,0.00001187,0.00143158,0.04626713,0.99999397,0.957947,True,False,1080,16,64222,79341,143577
4096,Dominant,665,1,1,1,0.27282980,0.00001117,0.00425589,0.03335780,0.99999407,0.969910,True,False,1080,16,63725,77993,141732
4096,Dominant,666,1,1,1,0.27249101,0.00001183,0.00169599,0.04552007,0.99999395,0.958588,True,False,1112,48,94073,80048,174135
4096,Dominant,667,1,1,1,0.26893964,0.00001166,0.00131693,0.04549585,0.99999396,0.958313,True,False,1128,64,69719,84272,154005
4096,Dominant,668,1,1,1,0.27483687,0.00001154,0.00310019,0.03981664,0.99999402,0.963806,True,False,1096,32,67437,78457,145908
4096,Dominant,669,1,1,1,0.27418938,0.00001104,0.00115472,0.04153920,0.99999502,0.961823,True,False,1144,64,64835,78569,143418
4096,Dominant,670,1,1,1,0.27236092,0.00001094,0.00432894,0.03191538,0.99999455,0.971252,True,False,1080,16,67718,78584,146316
4096,Dominant,671,1,1,1,0.27418068,0.00001134,0.00207898,0.04155366,0.99999421,0.961945,True,False,1161,80,66373,78096,144483
4096,Dominant,672,1,1,1,0.27382645,0.00001128,0.00136554,0.04280688,0.99999461,0.960571,True,False,1096,32,66927,79324,146265
4096,Dominant,673,1,1,1,0.26997563,0.00001185,0.00159055,0.04557924,0.99999372,0.958405,True,False,1113,32,64123,82321,146458
4096,Dominant,674,1,1,1,0.27493539,0.00001125,0.00251320,0.03984818,0.99999465,0.963593,True,False,1177,96,67550,78557,146121
4096,Dominant,675,1,1,1,0.27109554,0.00001213,0.00071314,0.04969914,0.99999380,0.954590,True,False,1128,64,67260,78843,146117
4096,Dominant,676,1,1,1,0.27387685,0.00001126,0.00180420,0.04147971,0.99999456,0.961914,True,False,1112,48,63942,78255,142211
4096,Dominant,677,1,1,1,0.27387786,0.00001088,0.00320631,0.03526455,0.99999464,0.967957,True,False,1161,80,66779,79086,145879
4096,Dominant,678,1,1,1,0.27262279,0.00001082,0.00284567,0.03583611,0.99999510,0.967255,True,False,1160,96,63946,77058,141018
4096,Dominant,679,1,1,1,0.27087301,0.00001197,0.00197423,0.04536602,0.99999391,0.958649,True,False,1096,32,70179,79123,149316
4096,Dominant,680,1,1,1,0.27274776,0.00001200,0.00110340,0.04776873,0.99999398,0.956543,True,False,1128,64,64510,77937,142461
4096,Dominant,681,1,1,1,0.27091178,0.00001152,0.00364414,0.03833174,0.99999393,0.965424,True,False,1112,48,67142,78613,145769
4096,Dominant,682,1,1,1,0.27020222,0.00001166,0.00282854,0.04113847,0.99999361,0.962769,True,False,1112,48,64290,78145,142449
4096,Dominant,683,1,1,1,0.27313188,0.00001093,0.00358763,0.03455816,0.99999447,0.968414,True,False,1112,48,68005,79405,147424
4096,Dominant,684,1,1,1,0.27315390,0.00001104,0.00194782,0.03967813,0.99999468,0.963501,True,False,1144,80,66853,78348,145215
4096,Dominant,685,1,1,1,0.27052483,0.00001200,0.00229189,0.04526585,0.99999356,0.958740,True,False,1112,48,64339,82749,147102
4096,Dominant,686,1,1,1,0.27335009,0.00001114,0.00230122,0.03926265,0.99999432,0.964111,True,False,1096,32,66005,78963,144982
4096,Dominant,687,1,1,1,0.27352303,0.00001105,0.00118116,0.04212818,0.99999484,0.961273,True,False,1144,80,69721,79647,149382
4096,Dominant,688,1,1,1,0.27479744,0.00001145,0.00237674,0.04094922,0.99999448,0.962708,True,False,1096,32,68190,78015,146219
4096,Dominant,689,1,1,1,0.27095062,0.00001203,0.00159070,0.04690559,0.99999371,0.957001,True,False,1096,32,64668,78374,143056
4096,Dominant,690,1,1,1,0.27251455,0.00001180,0.00136745,0.04599066,0.99999410,0.958191,True,False,1144,80,66635,78426,145075
4096,Dominant,691,1,1,1,0.27460214,0.00001113,0.00238940,0.03910417,0.99999463,0.964233,True,False,1113,32,65361,82574,147949
4096,Dominant,692,1,1,1,0.27478954,0.00001124,0.00293431,0.03830815,0.99999425,0.965179,True,False,1080,16,65449,78279,143742
4096,Dominant,693,1,1,1,0.27015385,0.00001161,0.00077122,0.04649976,0.99999440,0.957397,True,False,1112,48,68344,79712,148070
4096,Dominant,694,1,1,1,0.27386346,0.00001093,0.00319001,0.03601471,0.99999459,0.967316,True,False,1112,48,64033,78280,142327
4096,Dominant,695,1,1,1,0.27380961,0.00001135,0.00202325,0.04116485,0.99999430,0.962189,True,False,1080,16,66572,78727,145313
4096,Dominant,696,1,1,1,0.27259675,0.00001089,0.00348219,0.03431169,0.99999405,0.968719,True,False,1128,64,63923,78624,142561
4096,Dominant,697,1,1,1,0.27309537,0.00001093,0.00368473,0.03337982,0.99999434,0.969757,True,False,1128,64,67619,79630,147263
4096,Dominant,698,1,1,1,0.27319732,0.00001112,0.00266701,0.03852108,0.99999413,0.964722,True,False,1112,48,64700,78168,142882
4096,Dominant,699,1,1,1,0.27125326,0.00001154,0.00186744,0.04339930,0.99999413,0.960541,True,False,1096,32,67555,78707,146276
4096,Dominant,700,1,1,1,0.27190122,0.00001093,0.00402650,0.03306832,0.99999475,0.970001,True,False,1096,32,66541,78043,144598
4096,Dominant,701,1,1,1,0.27013242,0.00001172,0.00155559,0.04534389,0.99999396,0.958588,True,False,1080,16,65181,78541,143736
4096,Dominant,702,1,1,1,0.27463689,0.00001107,0.00238493,0.03866784,0.99999464,0.964630,True,False,1112,48,71214,81098,152326
4096,Dominant,703,1,1,1,0.27148905,0.00001061,0.00382856,0.03151029,0.99999449,0.971405,True,False,1112,32,65561,78139,143714
4096,Dominant,704,1,1,1,0.27389714,0.00001206,0.00056246,0.04984941,0.99999409,0.954437,True,False,1160,96,67349,83468,150831
4096,Dominant,705,1,1,1,0.26935986,0.00001162,0.00266528,0.04138405,0.99999371,0.962402,True,False,1128,64,65533,82628,148175
4096,Dominant,706,1,1,1,0.27430439,0.00001123,0.00091743,0.04366408,0.99999458,0.959839,True,False,1112,48,65717,78465,144196
4096,Dominant,707,1,1,1,0.27138847,0.00001219,0.00066432,0.05031156,0.99999378,0.953918,True,False,1128,64,64082,78587,142683
4096,Dominant,708,1,1,1,0.27362657,0.00001116,0.00126171,0.04208395,0.99999485,0.961243,True,False,1112,48,68397,79899,148310
4096,Dominant,709,1,1,1,0.27408820,0.00001127,0.00382021,0.03560997,0.99999448,0.967712,True,False,1112,48,64324,77970,142308
4096,Dominant,710,1,1,1,0.27602392,0.00001105,0.00304052,0.03691438,0.99999457,0.966431,True,False,1112,48,71866,78868,150748
4096,Dominant,711,1,1,1,0.27705607,0.00001114,0.00298345,0.03728807,0.99999408,0.966095,True,False,1112,48,63419,77911,141344
4096,Dominant,712,1,1,1,0.27175182,0.00001101,0.00387061,0.03374195,0.99999443,0.969391,True,False,1114,16,64336,77445,141795
4096,Dominant,713,1,1,1,0.27180180,0.00001241,0.00098237,0.05085306,0.99999337,0.953491,True,False,1144,80,65957,78277,144248
4096,Dominant,714,1,1,1,0.27324250,0.00001111,0.00341526,0.03595391,0.99999460,0.967285,True,False,1080,16,63453,78520,141987
4096,Dominant,715,1,1,1,0.27273738,0.00001105,0.00202906,0.03908395,0.99999461,0.964050,True,False,1128,64,66656,78334,145004
4096,Dominant,716,1,1,1,0.27159417,0.00001164,0.00271615,0.04166222,0.99999399,0.962128,True,False,1145,64,65317,78347,143678
4096,Dominant,717,1,1,1,0.27524731,0.00001115,0.00192615,0.04070266,0.99999465,0.962799,True,False,1096,32,66970,84109,151093
4096,Dominant,718,1,1,1,0.27039570,0.00001149,0.00092590,0.04577813,0.99999414,0.958130,True,False,1128,64,65176,77767,142957
4096,Dominant,719,1,1,1,0.27061069,0.00001139,0.00327390,0.03815675,0.99999389,0.965668,True,False,1096,32,68836,80195,149045
4096,Dominant,720,1,1,1,0.27319637,0.00001105,0.00431600,0.03268992,0.99999418,0.970490,True,False,1097,16,67769,78775,146558
4096,Dominant,721,1,1,1,0.27259594,0.00001097,0.00351369,0.03466426,0.99999428,0.968414,True,False,1112,48,63769,77970,141753
4096,Dominant,722,1,1,1,0.27076468,0.00001221,0.00171626,0.04791704,0.99999335,0.956268,True,False,1128,64,66090,78501,144605
4096,Dominant,723,1,1,1,0.27172276,0.00001077,0.00408301,0.03203832,0.99999463,0.970947,True,False,1096,32,65590,77994,143598
4096,Dominant,724,1,1,1,0.27037787,0.00001200,0.00164562,0.04672223,0.99999398,0.957336,True,False,1096,32,66003,78595,144612
4096,Dominant,725,1,1,1,0.27247217,0.00001101,0.00263041,0.03743031,0.99999413,0.965759,True,False,1128,64,62743,78044,140801
4096,Dominant,726,1,1,1,0.27116415,0.00001069,0.00421500,0.03049411,0.99999494,0.972534,True,False,1097,16,66942,78865,145821
4096,Dominant,727,1,1,1,0.27392480,0.00001093,0.00138909,0.04056203,0.99999485,0.962646,True,False,1160,96,63343,77674,141031
4096,Dominant,728,1,1,1,0.27298030,0.00001100,0.00209087,0.03902541,0.99999462,0.964233,True,False,1096,32,68163,80153,148330
4096,Dominant,729,1,1,1,0.27271160,0.00001116,0.00342831,0.03615482,0.99999447,0.967133,True,False,1096,32,64681,78293,142988
4096,Dominant,730,1,1,1,0.27237642,0.00001175,0.00129208,0.04552525,0.99999382,0.958679,True,False,1112,48,65269,78548,143831
4096,Dominant,731,1,1,1,0.27019212,0.00001174,0.00161809,0.04525095,0.99999386,0.958679,True,False,1096,32,66394,78484,144892
4096,Dominant,732,1,1,1,0.27349919,0.00001100,0.00239527,0.03834971,0.99999470,0.964874,True,False,1096,32,63086,78026,141126
4096,Dominant,733,1,1,1,0.27021345,0.00001140,0.00327513,0.03748658,0.99999388,0.966309,True,False,1096,32,69824,78932,148770
4096,Dominant,734,1,1,1,0.27054784,0.00001080,0.00419128,0.03126811,0.99999481,0.971771,True,False,1080,16,63300,78494,141808
4096,Dominant,735,1,1,1,0.27272537,0.00001179,0.00140056,0.04604211,0.99999403,0.958069,True,False,1096,32,65308,78579,143901
4096,Dominant,736,1,1,1,0.27148336,0.00001177,0.00264409,0.04215635,0.99999406,0.961884,True,False,1160,96,67185,78735,145934
4096,Dominant,737,1,1,1,0.26915875,0.00001163,0.00152376,0.04486224,0.99999396,0.959015,True,False,1096,32,66381,82923,149318
4096,Dominant,738,1,1,1,0.27184427,0.00001144,0.00170279,0.04307953,0.99999427,0.960846,True,False,1112,48,63479,78315,141808
4096,Dominant,739,1,1,1,0.26963037,0.00001126,0.00379834,0.03459669,0.99999436,0.968933,True,False,1097,16,64975,78568,143557
4096,Dominant,740,1,1,1,0.27412856,0.00001099,0.00240645,0.03803820,0.99999424,0.965240,True,False,1112,48,67396,79089,146499
4096,Dominant,741,1,1,1,0.27075672,0.00001179,0.00248677,0.04280564,0.99999390,0.961182,True,False,1080,16,63621,77860,141495
4096,Dominant,742,1,1,1,0.27302951,0.00001097,0.00225601,0.03780503,0.99999485,0.965332,True,False,1128,64,70282,78885,149181
4096,Dominant,743,1,1,1,0.27416739,0.00001118,0.00383171,0.03542318,0.99999454,0.967896,True,False,1096,32,64665,78276,142955
4096,Dominant,744,1,1,1,0.27320826,0.00001195,0.00085580,0.04860381,0.99999410,0.955658,True,False,1112,48,67183,78902,146099
4096,Dominant,745,1,1,1,0.27111340,0.00001066,0.00423530,0.03050436,0.99999454,0.972382,True,False,1080,16,64478,77891,142383
4096,Dominant,746,1,1,1,0.27430809,0.00001113,0.00234815,0.03934008,0.99999477,0.963959,True,False,1112,48,68418,79390,147822
4096,Dominant,747,1,1,1,0.27473393,0.00001166,0.00320342,0.03969556,0.99999431,0.963928,True,False,1112,48,68667,79204,147885
4096,Dominant,748,1,1,1,0.27416253,0.00001134,0.00185290,0.04162258,0.99999431,0.961792,True,False,1128,64,70451,78988,149453
4096,Dominant,749,1,1,1,0.26991704,0.00001179,0.00198537,0.04418022,0.99999374,0.959656,True,False,1128,64,66233,78196,144443
4096,Dominant,750,1,1,1,0.27077836,0.00001126,0.00292292,0.03801848,0.99999435,0.965607,True,False,1112,48,67315,78204,145533
4096,Dominant,751,1,1,1,0.27379781,0.00001199,0.00057054,0.04961542,0.99999399,0.954590,True,False,1128,64,67869,78418,146301
4096,Dominant,752,1,1,1,0.27240422,0.00001083,0.00239354,0.03732468,0.99999443,0.965820,True,False,1112,48,66583,78385,144982
4096,Dominant,753,1,1,1,0.27167028,0.00001184,0.00260943,0.04242366,0.99999386,0.961578,True,False,1112,48,66727,78817,145558
4096,Dominant,754,1,1,1,0.27340585,0.00001091,0.00303802,0.03584684,0.99999447,0.967285,True,False,1096,32,66286,78374,144674
4096,Dominant,755,1,1,1,0.27351445,0.00001104,0.00436363,0.03319857,0.99999455,0.970032,True,False,1064,0,66319,78893,145226
4096,Dominant,756,1,1,1,0.27018380,0.00001161,0.00077197,0.04649504,0.99999417,0.957520,True,False,1129,48,63646,78022,141682
4096,Dominant,757,1,1,1,0.26935554,0.00001164,0.00312722,0.04073307,0.99999385,0.962982,True,False,1096,32,63631,77938,141583
4096,Dominant,758,1,1,1,0.27247080,0.00001083,0.00308943,0.03515105,0.99999454,0.967804,True,False,1112,48,66126,78555,144695
4096,Dominant,759,1,1,1,0.27407148,0.00001121,0.00307333,0.03699648,0.99999428,0.966339,True,False,1112,48,64935,78393,143342
4096,Dominant,760,1,1,1,0.27289397,0.00001113,0.00287929,0.03783617,0.99999454,0.965393,True,False,1113,32,72006,78373,150393
4096,Dominant,761,1,1,1,0.27100572,0.00001089,0.00370246,0.03324818,0.99999467,0.969788,True,False,1096,32,64720,78315,143049
4096,Dominant,762,1,1,1,0.27415219,0.00001107,0.00345063,0.03567785,0.99999455,0.967560,True,False,1112,48,68453,79402,147869
4096,Dominant,763,1,1,1,0.27178779,0.00001087,0.00417018,0.03239768,0.99999479,0.970581,True,False,1096,32,63178,77910,141102
4096,Dominant,764,1,1,1,0.27110237,0.00001217,0.00113350,0.04884183,0.99999359,0.955353,True,False,1145,64,67193,78210,145417
4096,Dominant,765,1,1,1,0.26977080,0.00001160,0.00188726,0.04368915,0.99999400,0.960205,True,False,1096,32,63108,78421,141543
4096,Dominant,766,1,1,1,0.27039891,0.00001153,0.00388294,0.03696935,0.99999395,0.966827,True,False,1096,32,66543,78474,145031
4096,Dominant,767,1,1,1,0.27328521,0.00001175,0.00093129,0.04739073,0.99999429,0.956787,True,False,1208,144,66548,78009,144571
4096,Dominant,768,1,1,1,0.27308109,0.00001181,0.00086081,0.04762985,0.99999398,0.956543,True,False,1144,80,64031,77556,141601
4096,Dominant,769,1,1,1,0.27467453,0.00001126,0.00057748,0.04473030,0.99999479,0.958893,True,False,1096,32,67068,78652,145734
4096,Dominant,770,1,1,1,0.27340102,0.00001104,0.00212768,0.03913858,0.99999473,0.964020,True,False,1080,16,63291,78210,141515
4096,Dominant,771,1,1,1,0.27436373,0.00001091,0.00125510,0.04109454,0.99999478,0.962280,True,False,1128,64,66738,79411,146163
4096,Dominant,772,1,1,1,0.27519822,0.00001141,0.00331971,0.03826760,0.99999417,0.965088,True,False,1096,32,64141,77946,142101
4096,Dominant,773,1,1,1,0.27296272,0.00001191,0.00082684,0.04789228,0.99999404,0.956268,True,False,1128,64,72747,79559,152320
4096,Dominant,774,1,1,1,0.27067816,0.00001149,0.00342023,0.03828497,0.99999406,0.965454,True,False,1096,32,67653,79715,147382
4096,Dominant,775,1,1,1,0.27353770,0.00001100,0.00287551,0.03663604,0.99999452,0.966644,True,False,1096,32,64893,78726,143633
4096,Dominant,776,1,1,1,0.27372742,0.00001126,0.00140399,0.04240287,0.99999457,0.960907,True,False,1112,48,68000,78165,146179
4096,Dominant,777,1,1,1,0.27294582,0.00001193,0.00142387,0.04694563,0.99999405,0.957092,True,False,1080,16,63862,78507,142383
4096,Dominant,778,1,1,1,0.27235097,0.00001087,0.00336206,0.03450445,0.99999450,0.968567,True,False,1112,48,66545,78753,145312
4096,Dominant,779,1,1,1,0.27549586,0.00001149,0.00271487,0.04028835,0.99999431,0.963348,True,False,1112,48,64146,77930,142090
4096,Dominant,780,1,1,1,0.27200732,0.00001071,0.00330964,0.03345511,0.99999448,0.969543,True,False,1112,48,66281,83754,150049
4096,Dominant,781,1,1,1,0.27302796,0.00001089,0.00167716,0.03934918,0.99999497,0.963898,True,False,1145,64,64035,78144,142193
4096,Dominant,782,1,1,1,0.27208489,0.00001277,0.00069892,0.05323288,0.99999334,0.951233,True,False,1112,48,69166,79830,149010
4096,Dominant,783,1,1,1,0.26920375,0.00001148,0.00147879,0.04388947,0.99999411,0.959869,True,False,1129,48,64377,77988,142379
4096,Dominant,784,1,1,1,0.27669120,0.00001186,0.00136513,0.04623797,0.99999412,0.957581,True,False,1130,32,62466,77576,140056
4096,Dominant,785,1,1,1,0.27279741,0.00001127,0.00248766,0.03917926,0.99999436,0.964233,True,False,1160,96,67166,78337,145517
4096,Dominant,786,1,1,1,0.26965544,0.00001164,0.00252241,0.04259108,0.99999376,0.961273,True,False,1096,32,62614,78067,140695
4096,Dominant,787,1,1,1,0.27285805,0.00001095,0.00196916,0.03913772,0.99999488,0.964142,True,False,1128,48,66921,79332,146267
4096,Dominant,788,1,1,1,0.27678451,0.00001164,0.00148544,0.04473559,0.99999406,0.959137,True,False,1112,48,68757,79125,147896
4096,Dominant,789,1,1,1,0.27317762,0.00001137,0.00280896,0.03909152,0.99999438,0.964294,True,False,1080,16,67285,78725,146024
4096,Dominant,790,1,1,1,0.27442160,0.00001100,0.00095257,0.04220773,0.99999490,0.961151,True,False,1112,48,64241,78923,143178
4096,Dominant,791,1,1,1,0.27080891,0.00001212,0.00179362,0.04680206,0.99999391,0.957336,True,False,1144,80,66996,78537,145547
4096,Dominant,792,1,1,1,0.27372974,0.00001083,0.00265259,0.03628584,0.99999473,0.966980,True,False,1112,48,69677,79231,148922
4096,Dominant,793,1,1,1,0.27490109,0.00001122,0.00343257,0.03657260,0.99999436,0.966675,True,False,1112,48,67836,81979,149829
4096,Dominant,794,1,1,1,0.27010605,0.00001150,0.00414547,0.03634224,0.99999355,0.967346,True,False,1096,32,67041,78706,145761
4096,Dominant,795,1,1,1,0.27443564,0.00001106,0.00084704,0.04296836,0.99999491,0.960358,True,False,1096,32,63513,78223,141750
4096,Dominant,796,1,1,1,0.26915365,0.00001159,0.00198674,0.04240614,0.99999394,0.961212,True,False,1149,80,66123,78860,144997
4096,Dominant,797,1,1,1,0.27684069,0.00001128,0.00353482,0.03670031,0.99999435,0.966675,True,False,1128,64,65103,78770,143887
4096,Dominant,798,1,1,1,0.27404350,0.00001092,0.00148389,0.04068892,0.99999487,0.962585,True,False,1112,48,65776,84300,150090
4096,Dominant,799,1,1,1,0.27598375,0.00001138,0.00250086,0.04075010,0.99999448,0.962769,True,False,1144,80,65079,78057,143150
4096,Near_Zero,800,0,0,N/A,0.00000000,0.00001384,0.00003029,0.06019390,0.99814080,0.943359,True,False,1080,16,68270,78874,147158
4096,Near_Zero,801,0,0,N/A,0.00000000,0.00001413,0.00003034,0.06149831,0.99812842,0.942139,True,False,1064,0,67821,78290,146125
4096,Near_Zero,802,0,0,N/A,0.00000000,0.00001422,0.00003031,0.06188921,0.99812534,0.941772,True,False,1064,0,67521,79288,146823
4096,Near_Zero,803,0,0,N/A,0.00000000,0.00001363,0.00003028,0.05928042,0.99815118,0.944214,True,False,1097,16,64593,78276,142883
4096,Near_Zero,804,0,0,N/A,0.00000000,0.00001387,0.00003030,0.06032018,0.99814378,0.943237,True,False,1064,0,64477,79855,144346
4096,Near_Zero,805,0,0,N/A,0.00000000,0.00001360,0.00003027,0.05914618,0.99815646,0.944336,True,False,1064,0,67481,78133,145628
4096,Near_Zero,806,0,0,N/A,0.00000000,0.00001401,0.00003030,0.06094373,0.99813361,0.942657,True,False,1080,16,63823,78219,142056
4096,Near_Zero,807,0,0,N/A,0.00000000,0.00001401,0.00003030,0.06094415,0.99813339,0.942657,True,False,1080,16,65874,78538,144426
4096,Near_Zero,808,0,0,N/A,0.00000000,0.00001399,0.00003030,0.06084364,0.99813676,0.942749,True,False,1080,16,66824,78205,145043
4096,Near_Zero,809,0,0,N/A,0.00000000,0.00001391,0.00003029,0.06051526,0.99814204,0.943054,True,False,1080,16,70437,78869,149320
4096,Near_Zero,810,0,0,N/A,0.00000000,0.00001392,0.00003031,0.06055238,0.99813731,0.943024,True,False,1080,16,63987,78546,142547
4096,Near_Zero,811,0,0,N/A,0.00000000,0.00001401,0.00003030,0.06094130,0.99813609,0.942657,True,False,1064,0,66542,79265,145821
4096,Near_Zero,812,0,0,N/A,0.00000000,0.00001410,0.00003033,0.06136490,0.99813236,0.942261,True,False,1096,32,63576,77581,141171
4096,Near_Zero,813,0,0,N/A,0.00000000,0.00001349,0.00003027,0.05863511,0.99815197,0.944824,True,False,1064,0,63857,78259,142130
4096,Near_Zero,814,0,0,N/A,0.00000000,0.00001397,0.00003029,0.06074593,0.99813760,0.942841,True,False,1064,0,67140,79565,146719
4096,Near_Zero,815,0,0,N/A,0.00000000,0.00001385,0.00003028,0.06022477,0.99814236,0.943329,True,False,1064,0,64498,78485,142997
4096,Near_Zero,816,0,0,N/A,0.00000000,0.00001397,0.00003028,0.06077461,0.99814120,0.942810,True,False,1064,0,68917,79153,148084
4096,Near_Zero,817,0,0,N/A,0.00000000,0.00001406,0.00003031,0.06117213,0.99813124,0.942444,True,False,1096,32,64562,78858,143434
4096,Near_Zero,818,0,0,N/A,0.00000000,0.00001382,0.00003029,0.06009500,0.99814303,0.943451,True,False,1080,16,68329,80310,148653
4096,Near_Zero,819,0,0,N/A,0.00000000,0.00001376,0.00003027,0.05982621,0.99815350,0.943695,True,False,1081,0,64156,78602,142772
4096,Near_Zero,820,0,0,N/A,0.00000000,0.00001384,0.00003030,0.06019269,0.99814209,0.943359,True,False,1080,16,66119,78525,144658
4096,Near_Zero,821,1,0,N/A,0.00000000,0.00001342,0.00003026,0.05836711,0.99816223,0.945068,True,False,1080,16,63267,78207,141488
4096,Near_Zero,822,0,0,N/A,0.00000000,0.00001406,0.00003031,0.06117027,0.99813340,0.942444,True,False,1064,0,63520,77870,141404
4096,Near_Zero,823,0,0,N/A,0.00000000,0.00001378,0.00003029,0.05993477,0.99814190,0.943604,True,False,1080,16,66095,79244,145353
4096,Near_Zero,824,0,0,N/A,0.00000000,0.00001385,0.00003030,0.06026003,0.99813935,0.943298,True,False,1097,16,62979,78181,141174
4096,Near_Zero,825,0,0,N/A,0.00000000,0.00001394,0.00003031,0.06064543,0.99814117,0.942932,True,False,1064,0,68417,78474,146905
4096,Near_Zero,826,0,0,N/A,0.00000000,0.00001416,0.00003031,0.06162673,0.99812899,0.942017,True,False,1064,0,62791,78473,141278
4096,Near_Zero,827,0,0,N/A,0.00000000,0.00001376,0.00003030,0.05986457,0.99814780,0.943665,True,False,1064,0,67798,78985,146797
4096,Near_Zero,828,0,0,N/A,0.00000000,0.00001396,0.00003030,0.06074294,0.99814098,0.942841,True,False,1080,16,67040,78653,145707
4096,Near_Zero,829,0,0,N/A,0.00000000,0.00001410,0.00003032,0.06136066,0.99813671,0.942261,True,False,1064,0,66527,78785,145326
4096,Near_Zero,830,0,0,N/A,0.00000000,0.00001363,0.00003028,0.05928103,0.99815053,0.944214,True,False,1064,0,64176,78224,142414
4096,Near_Zero,831,0,0,N/A,0.00000000,0.00001401,0.00003034,0.06097160,0.99813802,0.942627,True,False,1064,0,68648,78628,147290
4096,Near_Zero,832,0,0,N/A,0.00000000,0.00001420,0.00003033,0.06178828,0.99812921,0.941864,True,False,1080,16,71197,81165,152376
4096,Near_Zero,833,1,0,N/A,0.00000000,0.00001417,0.00003034,0.06165956,0.99812829,0.941986,True,False,1080,16,63537,77217,140768
4096,Near_Zero,834,0,0,N/A,0.00000000,0.00001397,0.00003028,0.06077895,0.99813678,0.942810,True,False,1064,0,67147,77882,145043
4096,Near_Zero,835,0,0,N/A,0.00000000,0.00001406,0.00003031,0.06116881,0.99813448,0.942444,True,False,1081,0,61953,78323,140290
4096,Near_Zero,836,0,0,N/A,0.00000000,0.00001376,0.00003028,0.05982995,0.99814980,0.943695,True,False,1064,0,67966,78763,146743
4096,Near_Zero,837,0,0,N/A,0.00000000,0.00001425,0.00003031,0.06201437,0.99812916,0.941650,True,False,1064,0,68834,79603,148451
4096,Near_Zero,838,0,0,N/A,0.00000000,0.00001402,0.00003031,0.06100183,0.99813991,0.942596,True,False,1064,0,69432,79716,149162
4096,Near_Zero,839,0,0,N/A,0.00000000,0.00001391,0.00003029,0.06051538,0.99814233,0.943054,True,False,1064,0,63772,83424,147210
4096,Near_Zero,840,0,0,N/A,0.00000000,0.00001366,0.00003028,0.05941279,0.99814778,0.944092,True,False,1064,0,64014,77935,141963
4096,Near_Zero,841,0,0,N/A,0.00000000,0.00001409,0.00003031,0.06129997,0.99813254,0.942322,True,False,1080,16,66995,78242,145251
4096,Near_Zero,842,0,0,N/A,0.00000000,0.00001391,0.00003030,0.06048610,0.99813917,0.943085,True,False,1064,0,64792,78836,143642
4096,Near_Zero,843,0,0,N/A,0.00000000,0.00001423,0.00003033,0.06191817,0.99812850,0.941742,True,False,1064,0,67751,78687,146452
4096,Near_Zero,844,0,0,N/A,0.00000001,0.00001366,0.00003031,0.05940985,0.99815105,0.944092,True,False,1080,16,64609,77848,142471
4096,Near_Zero,845,0,0,N/A,0.00000000,0.00001381,0.00003031,0.06009841,0.99813970,0.943451,True,False,1064,0,71247,79109,150370
4096,Near_Zero,846,0,0,N/A,0.00000000,0.00001383,0.00003028,0.06016073,0.99814192,0.943390,True,False,1081,0,65044,80259,145317
4096,Near_Zero,847,0,0,N/A,0.00000000,0.00001372,0.00003028,0.05966951,0.99814915,0.943848,True,False,1081,0,66573,79287,145874
4096,Near_Zero,848,0,0,N/A,0.00000000,0.00001384,0.00003029,0.06019185,0.99814318,0.943359,True,False,1080,16,63220,77836,141070
4096,Near_Zero,849,0,0,N/A,0.00000000,0.00001405,0.00003032,0.06114014,0.99813081,0.942474,True,False,1098,0,63031,78252,141297
4096,Near_Zero,850,0,0,N/A,0.00000000,0.00001408,0.00003031,0.06126794,0.99813257,0.942352,True,False,1064,0,67945,78510,146469
4096,Near_Zero,851,0,0,N/A,0.00000000,0.00001388,0.00003029,0.06038761,0.99814098,0.943176,True,False,1064,0,63894,77862,141770
4096,Near_Zero,852,0,0,N/A,0.00000000,0.00001412,0.00003030,0.06143066,0.99813123,0.942200,True,False,1080,16,71616,78806,150436
4096,Near_Zero,853,0,0,N/A,0.00000000,0.00001391,0.00003031,0.06051707,0.99814037,0.943054,True,False,1080,16,63874,78016,141904
4096,Near_Zero,854,0,0,N/A,0.00000000,0.00001424,0.00003033,0.06195373,0.99812537,0.941711,True,False,1098,0,96324,81931,178269
4096,Near_Zero,855,0,0,N/A,0.00000000,0.00001424,0.00003033,0.06195239,0.99812657,0.941711,True,False,1064,0,67475,78398,145887
4096,Near_Zero,856,0,0,N/A,0.00000000,0.00001350,0.00003027,0.05869176,0.99815974,0.944763,True,False,1080,16,66832,79797,146643
4096,Near_Zero,857,0,0,N/A,0.00000000,0.00001382,0.00003030,0.06012402,0.99814639,0.943420,True,False,1064,0,63478,78038,141530
4096,Near_Zero,858,0,0,N/A,0.00000000,0.00001426,0.00003032,0.06205362,0.99812247,0.941620,True,False,1064,0,63524,77465,141003
4096,Near_Zero,859,0,0,N/A,0.00000000,0.00001373,0.00003026,0.05970386,0.99814707,0.943817,True,False,1064,0,67053,78863,145930
4096,Near_Zero,860,0,0,N/A,0.00000000,0.00001397,0.00003029,0.06074008,0.99814347,0.942841,True,False,1081,0,64758,83850,148622
4096,Near_Zero,861,0,0,N/A,0.00000000,0.00001425,0.00003032,0.06201492,0.99812846,0.941650,True,False,1096,32,67385,79169,146568
4096,Near_Zero,862,0,0,N/A,0.00000000,0.00001379,0.00003029,0.05996924,0.99813973,0.943573,True,False,1080,16,62731,78126,140871
4096,Near_Zero,863,0,0,N/A,0.00000000,0.00001398,0.00003030,0.06081154,0.99813679,0.942780,True,False,1080,16,66633,79537,146184
4096,Near_Zero,864,0,0,N/A,0.00000000,0.00001417,0.00003031,0.06166401,0.99812402,0.941986,True,False,1080,16,63760,77666,141440
4096,Near_Zero,865,0,0,N/A,0.00000000,0.00001385,0.00003030,0.06025757,0.99814176,0.943298,True,False,1064,0,65946,78416,144376
4096,Near_Zero,866,0,0,N/A,0.00000000,0.00001408,0.00003030,0.06123513,0.99813268,0.942383,True,False,1080,16,64007,78902,142923
4096,Near_Zero,867,0,0,N/A,0.00000000,0.00001401,0.00003031,0.06093871,0.99813868,0.942657,True,False,1080,16,67154,80639,147807
4096,Near_Zero,868,0,0,N/A,0.00000000,0.00001378,0.00003030,0.05996235,0.99814641,0.943573,True,False,1064,0,65404,78210,143628
4096,Near_Zero,869,0,0,N/A,0.00000000,0.00001397,0.00003030,0.06078014,0.99813561,0.942810,True,False,1064,0,64890,78251,143155
4096,Near_Zero,870,0,0,N/A,0.00000000,0.00001397,0.00003032,0.06078239,0.99813364,0.942810,True,False,1080,16,65896,78009,143919
4096,Near_Zero,871,0,0,N/A,0.00000000,0.00001400,0.00003030,0.06090870,0.99813648,0.942688,True,False,1080,16,68430,79030,147474
4096,Near_Zero,872,0,0,N/A,0.00000000,0.00001334,0.00003025,0.05797695,0.99816578,0.945435,True,False,1080,16,67318,79118,146450
4096,Near_Zero,873,0,0,N/A,0.00000000,0.00001368,0.00003027,0.05947579,0.99814943,0.944031,True,False,1098,0,64520,78393,142927
4096,Near_Zero,874,0,0,N/A,0.00000000,0.00001368,0.00003028,0.05947175,0.99815342,0.944031,True,False,1080,16,71107,78772,149893
4096,Near_Zero,875,0,0,N/A,0.00000000,0.00001432,0.00003034,0.06231322,0.99812154,0.941376,True,False,1096,32,64300,77637,141951
4096,Near_Zero,876,0,0,N/A,0.00000000,0.00001420,0.00003032,0.06179024,0.99812706,0.941864,True,False,1064,0,64915,78102,143031
4096,Near_Zero,877,0,0,N/A,0.00000000,0.00001389,0.00003028,0.06042126,0.99813967,0.943146,True,False,1106,16,64344,78672,143030
4096,Near_Zero,878,0,0,N/A,0.00000000,0.00001391,0.00003029,0.06051637,0.99814127,0.943054,True,False,1080,16,67431,78699,146144
4096,Near_Zero,879,0,0,N/A,0.00000000,0.00001408,0.00003033,0.06127051,0.99812975,0.942352,True,False,1080,16,65722,78287,144023
4096,Near_Zero,880,0,0,N/A,0.00000000,0.00001425,0.00003031,0.06201425,0.99812915,0.941650,True,False,1080,16,63746,78003,141763
4096,Near_Zero,881,0,0,N/A,0.00000000,0.00001420,0.00003034,0.06178716,0.99813017,0.941864,True,False,1080,16,67164,78495,145673
4096,Near_Zero,882,0,0,N/A,0.00000000,0.00001442,0.00003032,0.06273402,0.99812127,0.940979,True,False,1064,0,68773,79298,148085
4096,Near_Zero,883,0,0,N/A,0.00000000,0.00001376,0.00003031,0.05983362,0.99814607,0.943695,True,False,1064,0,71901,79852,151767
4096,Near_Zero,884,0,0,N/A,0.00000000,0.00001388,0.00003028,0.06035490,0.99814119,0.943207,True,False,1080,16,63796,77607,141417
4096,Near_Zero,885,0,0,N/A,0.00000000,0.00001415,0.00003032,0.06155636,0.99813486,0.942078,True,False,1080,16,66209,78921,145144
4096,Near_Zero,886,0,0,N/A,0.00000000,0.00001385,0.00003031,0.06025721,0.99814228,0.943298,True,False,1064,0,64951,77521,142486
4096,Near_Zero,887,0,0,N/A,0.00000000,0.00001410,0.00003031,0.06136351,0.99813377,0.942261,True,False,1064,0,64796,77854,142664
4096,Near_Zero,888,0,0,N/A,0.00000000,0.00001404,0.00003030,0.06107012,0.99813664,0.942535,True,False,1081,0,67811,78706,146531
4096,Near_Zero,889,0,0,N/A,0.00000000,0.00001396,0.00003032,0.06074484,0.99813869,0.942841,True,False,1080,16,62342,78015,140371
4096,Near_Zero,890,0,0,N/A,0.00000000,0.00001384,0.00003028,0.06018711,0.99814777,0.943359,True,False,1098,0,67516,83559,151089
4096,Near_Zero,891,0,0,N/A,0.00000000,0.00001395,0.00003029,0.06068001,0.99813921,0.942902,True,False,1064,0,64193,78065,142272
4096,Near_Zero,892,0,0,N/A,0.00000001,0.00001419,0.00003032,0.06172847,0.99812431,0.941925,True,False,1097,16,68932,79374,148320
4096,Near_Zero,893,0,0,N/A,0.00000000,0.00001344,0.00003027,0.05843586,0.99815779,0.945007,True,False,1106,16,63683,77712,141409
4096,Near_Zero,894,0,0,N/A,0.00000000,0.00001352,0.00003026,0.05878758,0.99816057,0.944672,True,False,1080,16,67081,78943,146038
4096,Near_Zero,895,0,0,N/A,0.00000000,0.00001379,0.00003029,0.05996488,0.99814410,0.943573,True,False,1064,0,65060,78476,143550
4096,Near_Zero,896,0,0,N/A,0.00000000,0.00001407,0.00003033,0.06123399,0.99813407,0.942383,True,False,1064,0,86573,80449,167036
4096,Near_Zero,897,0,0,N/A,0.00000000,0.00001364,0.00003025,0.05931071,0.99815327,0.944183,True,False,1064,0,66214,78255,144483
4096,Near_Zero,898,0,0,N/A,0.00000000,0.00001412,0.00003030,0.06142792,0.99813396,0.942200,True,False,1080,16,65237,80185,145436
4096,Near_Zero,899,1,0,N/A,0.00000000,0.00001386,0.00003027,0.06028677,0.99814471,0.943268,True,False,1080,16,66515,78252,144781
4096,Near_Zero,900,0,0,N/A,0.00000000,0.00001406,0.00003030,0.06116996,0.99813351,0.942444,True,False,1064,0,63757,77863,141634
4096,Near_Zero,901,0,0,N/A,0.00000000,0.00001372,0.00003028,0.05967096,0.99814788,0.943848,True,False,1064,0,67785,79691,147490
4096,Near_Zero,902,0,0,N/A,0.00000000,0.00001360,0.00003028,0.05914940,0.99815321,0.944336,True,False,1080,16,67825,77613,145452
4096,Near_Zero,903,0,0,N/A,0.00000000,0.00001428,0.00003032,0.06214619,0.99812663,0.941528,True,False,1080,16,65090,78519,143623
4096,Near_Zero,904,0,0,N/A,0.00000000,0.00001384,0.00003029,0.06019082,0.99814401,0.943359,True,False,1064,0,65473,77877,143364
4096,Near_Zero,905,0,0,N/A,0.00000000,0.00001435,0.00003034,0.06244110,0.99812286,0.941254,True,False,1080,16,64731,78357,143102
4096,Near_Zero,906,0,0,N/A,0.00000000,0.00001367,0.00003029,0.05944867,0.99814433,0.944061,True,False,1064,0,66047,78153,144214
4096,Near_Zero,907,0,0,N/A,0.00000000,0.00001394,0.00003030,0.06061672,0.99813781,0.942963,True,False,1064,0,63957,77579,141550
4096,Near_Zero,908,0,0,N/A,0.00000000,0.00001419,0.00003030,0.06171823,0.99813408,0.941925,True,False,1064,0,67520,78211,145745
4096,Near_Zero,909,0,0,N/A,0.00000000,0.00001399,0.00003030,0.06087209,0.99814056,0.942719,True,False,1096,32,67386,77606,145006
4096,Near_Zero,910,0,0,N/A,0.00000000,0.00001373,0.00003028,0.05973898,0.99814413,0.943787,True,False,1080,16,70618,80373,151005
4096,Near_Zero,911,0,0,N/A,0.00000000,0.00001411,0.00003030,0.06139287,0.99813670,0.942230,True,False,1064,0,65811,77790,143615
4096,Near_Zero,912,0,0,N/A,0.00000000,0.00001455,0.00003037,0.06332082,0.99811668,0.940430,True,False,1064,0,68546,79670,148230
4096,Near_Zero,913,0,0,N/A,0.00000000,0.00001400,0.00003030,0.06090389,0.99814113,0.942688,True,False,1096,32,64287,77757,142058
4096,Near_Zero,914,0,0,N/A,0.00000000,0.00001375,0.00003029,0.05980473,0.99814309,0.943726,True,False,1080,16,68840,78811,147665
4096,Near_Zero,915,0,0,N/A,0.00000000,0.00001423,0.00003032,0.06191456,0.99813206,0.941742,True,False,1080,16,66569,78868,145451
4096,Near_Zero,916,0,0,N/A,0.00000000,0.00001387,0.00003030,0.06032398,0.99813996,0.943237,True,False,1080,16,63491,78438,141943
4096,Near_Zero,917,0,0,N/A,0.00000000,0.00001419,0.00003030,0.06172159,0.99813119,0.941925,True,False,1096,16,67497,78395,145906
4096,Near_Zero,918,0,0,N/A,0.00000000,0.00001363,0.00003026,0.05924219,0.99815725,0.944244,True,False,1064,0,63485,77693,141192
4096,Near_Zero,919,0,0,N/A,0.00000000,0.00001378,0.00003028,0.05992915,0.99814746,0.943604,True,False,1098,0,66858,78773,145645
4096,Near_Zero,920,1,0,N/A,0.00000000,0.00001425,0.00003032,0.06198396,0.99812730,0.941681,True,False,1064,0,66435,78191,144640
4096,Near_Zero,921,0,0,N/A,0.00000000,0.00001365,0.00003028,0.05934400,0.99815230,0.944153,True,False,1097,16,67226,79414,146654
4096,Near_Zero,922,0,0,N/A,0.00000000,0.00001413,0.00003031,0.06145966,0.99813456,0.942169,True,False,1064,0,65789,78388,144191
4096,Near_Zero,923,0,0,N/A,0.00000000,0.00001416,0.00003032,0.06159734,0.99812619,0.942047,True,False,1080,16,64355,77693,142062
4096,Near_Zero,924,0,0,N/A,0.00000000,0.00001396,0.00003030,0.06071328,0.99813818,0.942871,True,False,1064,0,67638,78221,145873
4096,Near_Zero,925,0,0,N/A,0.00000000,0.00001380,0.00003030,0.06003184,0.99814172,0.943512,True,False,1064,0,63082,78279,141375
4096,Near_Zero,926,0,0,N/A,0.00000000,0.00001415,0.00003032,0.06156084,0.99813013,0.942078,True,False,1064,0,67357,83793,151164
4096,Near_Zero,927,0,0,N/A,0.00000000,0.00001349,0.00003026,0.05865388,0.99816543,0.944794,True,False,1064,0,67304,84280,151598
4096,Near_Zero,928,0,0,N/A,0.00000000,0.00001434,0.00003034,0.06240736,0.99812396,0.941284,True,False,1064,0,65745,78908,144667
4096,Near_Zero,929,0,0,N/A,0.00000000,0.00001410,0.00003033,0.06133808,0.99812699,0.942291,True,False,1097,16,78965,81721,160700
4096,Near_Zero,930,0,0,N/A,0.00000000,0.00001422,0.00003032,0.06189019,0.99812416,0.941772,True,False,1064,0,67783,79344,147141
4096,Near_Zero,931,0,0,N/A,0.00000001,0.00001343,0.00003026,0.05839872,0.99816257,0.945038,True,False,1080,16,64235,78591,142840
4096,Near_Zero,932,0,0,N/A,0.00000000,0.00001405,0.00003030,0.06110136,0.99813736,0.942505,True,False,1081,0,67436,78824,146274
4096,Near_Zero,933,0,0,N/A,0.00000000,0.00001343,0.00003025,0.05837180,0.99815719,0.945068,True,False,1081,0,68204,78863,147081
4096,Near_Zero,934,0,0,N/A,0.00000000,0.00001398,0.00003031,0.06081137,0.99813675,0.942780,True,False,1064,0,64798,79386,144198
4096,Near_Zero,935,0,0,N/A,0.00000000,0.00001405,0.00003033,0.06113833,0.99813283,0.942474,True,False,1064,0,69035,81076,150125
4096,Near_Zero,936,0,0,N/A,0.00000000,0.00001377,0.00003031,0.05990108,0.99814335,0.943634,True,False,1110,16,70506,81280,151800
4096,Near_Zero,937,0,0,N/A,0.00000000,0.00001369,0.00003029,0.05954036,0.99814923,0.943970,True,False,1080,16,66892,80000,146906
4096,Near_Zero,938,0,0,N/A,0.00000000,0.00001418,0.00003031,0.06169297,0.99812768,0.941956,True,False,1080,16,65358,80487,145859
4096,Near_Zero,939,0,0,N/A,0.00000000,0.00001374,0.00003027,0.05977015,0.99814523,0.943756,True,False,1080,16,68445,80794,149253
4096,Near_Zero,940,0,0,N/A,0.00000000,0.00001396,0.00003030,0.06074511,0.99813829,0.942841,True,False,1064,0,65055,79620,144689
4096,Near_Zero,941,0,0,N/A,0.00000000,0.00001404,0.00003033,0.06107951,0.99812697,0.942535,True,False,1064,0,67770,85379,153163
4096,Near_Zero,942,1,0,N/A,0.00000000,0.00001413,0.00003032,0.06149392,0.99813257,0.942139,True,False,1081,0,70210,79570,149794
4096,Near_Zero,943,0,0,N/A,0.00000000,0.00001410,0.00003032,0.06133087,0.99813414,0.942291,True,False,1064,0,63197,78288,141499
4096,Near_Zero,944,0,0,N/A,0.00000000,0.00001413,0.00003031,0.06146323,0.99813085,0.942169,True,False,1064,0,66285,78043,144342
4096,Near_Zero,945,1,0,N/A,0.00000000,0.00001381,0.00003028,0.06005923,0.99814639,0.943481,True,False,1064,0,64010,78708,142732
4096,Near_Zero,946,0,0,N/A,0.00000000,0.00001422,0.00003031,0.06188620,0.99812831,0.941772,True,False,1064,0,66472,78733,145219
4096,Near_Zero,947,0,0,N/A,0.00000000,0.00001431,0.00003033,0.06227552,0.99812674,0.941406,True,False,1064,0,63877,78765,142656
4096,Near_Zero,948,0,0,N/A,0.00000000,0.00001376,0.00003028,0.05986817,0.99814406,0.943665,True,False,1080,16,66890,84258,151162
4096,Near_Zero,949,0,0,N/A,0.00000000,0.00001397,0.00003032,0.06077763,0.99813803,0.942810,True,False,1081,0,63732,77964,141710
4096,Near_Zero,950,0,0,N/A,0.00000000,0.00001334,0.00003026,0.05797580,0.99816695,0.945435,True,False,1080,16,66943,79279,146236
4096,Near_Zero,951,0,0,N/A,0.00000000,0.00001390,0.00003030,0.06044641,0.99814658,0.943115,True,False,1064,0,64114,77828,141956
4096,Near_Zero,952,0,0,N/A,0.00000000,0.00001377,0.00003028,0.05989787,0.99814649,0.943634,True,False,1064,0,69043,80236,149293
4096,Near_Zero,953,0,0,N/A,0.00000000,0.00001373,0.00003028,0.05970438,0.99814674,0.943817,True,False,1064,0,65977,78882,144873
4096,Near_Zero,954,0,0,N/A,0.00000000,0.00001389,0.00003030,0.06042045,0.99814035,0.943146,True,False,1080,16,65106,78609,143729
4096,Near_Zero,955,1,0,N/A,0.00000000,0.00001403,0.00003030,0.06104218,0.99813187,0.942566,True,False,1064,0,67128,78612,145754
4096,Near_Zero,956,0,0,N/A,0.00000000,0.00001385,0.00003031,0.06022632,0.99814105,0.943329,True,False,1064,0,63964,78050,142028
4096,Near_Zero,957,0,0,N/A,0.00000000,0.00001414,0.00003032,0.06152236,0.99813615,0.942108,True,False,1080,16,66051,78422,144487
4096,Near_Zero,958,0,0,N/A,0.00000000,0.00001374,0.00003027,0.05976263,0.99815271,0.943756,True,False,1064,0,65580,78542,144136
4096,Near_Zero,959,0,0,N/A,0.00000000,0.00001366,0.00003027,0.05941141,0.99814943,0.944092,True,False,1064,0,66594,79759,146367
4096,Near_Zero,960,0,0,N/A,0.00000000,0.00001410,0.00003033,0.06136397,0.99813324,0.942261,True,False,1080,16,65079,78099,143192
4096,Near_Zero,961,0,0,N/A,0.00000000,0.00001368,0.00003027,0.05950708,0.99815031,0.944000,True,False,1080,16,64062,79245,143321
4096,Near_Zero,962,0,0,N/A,0.00000000,0.00001372,0.00003029,0.05967303,0.99814550,0.943848,True,False,1080,16,68647,79338,147999
4096,Near_Zero,963,0,0,N/A,0.00000000,0.00001392,0.00003031,0.06055271,0.99813723,0.943024,True,False,1080,16,65139,83172,148325
4096,Near_Zero,964,0,0,N/A,0.00000000,0.00001406,0.00003033,0.06116978,0.99813386,0.942444,True,False,1064,0,66721,78481,145216
4096,Near_Zero,965,0,0,N/A,0.00000000,0.00001424,0.00003034,0.06198173,0.99812980,0.941681,True,False,1080,16,63568,78284,141866
4096,Near_Zero,966,0,0,N/A,0.00000000,0.00001401,0.00003034,0.06097329,0.99813644,0.942627,True,False,1080,16,67040,79088,146142
4096,Near_Zero,967,0,0,N/A,0.00000000,0.00001381,0.00003032,0.06006088,0.99814477,0.943481,True,False,1064,0,63669,77803,141486
4096,Near_Zero,968,0,0,N/A,0.00000000,0.00001382,0.00003030,0.06012250,0.99814780,0.943420,True,False,1080,16,67181,79184,146379
4096,Near_Zero,969,0,0,N/A,0.00000000,0.00001373,0.00003030,0.05973338,0.99814970,0.943787,True,False,1080,16,67412,77917,145343
4096,Near_Zero,970,0,0,N/A,0.00000000,0.00001389,0.00003029,0.06042000,0.99814081,0.943146,True,False,1064,0,65169,78913,144096
4096,Near_Zero,971,0,0,N/A,0.00000000,0.00001407,0.00003031,0.06120303,0.99813256,0.942413,True,False,1080,16,65947,78357,144318
4096,Near_Zero,972,0,0,N/A,0.00000000,0.00001392,0.00003030,0.06055167,0.99813831,0.943024,True,False,1080,16,68344,79071,147429
4096,Near_Zero,973,0,0,N/A,0.00000000,0.00001384,0.00003029,0.06018556,0.99814930,0.943359,True,False,1064,0,67250,78260,145524
4096,Near_Zero,974,0,0,N/A,0.00000000,0.00001371,0.00003030,0.05960225,0.99815185,0.943909,True,False,1080,16,70306,79532,149852
4096,Near_Zero,975,0,0,N/A,0.00000000,0.00001401,0.00003031,0.06094235,0.99813491,0.942657,True,False,1080,16,66108,79206,145328
4096,Near_Zero,976,0,0,N/A,0.00000000,0.00001400,0.00003030,0.06090756,0.99813726,0.942688,True,False,1080,16,65156,82432,147602
4096,Near_Zero,977,0,0,N/A,0.00000000,0.00001369,0.00003027,0.05954027,0.99814928,0.943970,True,False,1080,16,67313,78946,146273
4096,Near_Zero,978,0,0,N/A,0.00000000,0.00001407,0.00003031,0.06123388,0.99813407,0.942383,True,False,1080,16,65041,78356,143411
4096,Near_Zero,979,0,0,N/A,0.00000000,0.00001367,0.00003028,0.05944424,0.99814877,0.944061,True,False,1064,0,67616,78883,146513
4096,Near_Zero,980,0,0,N/A,0.00000000,0.00001409,0.00003032,0.06130039,0.99813222,0.942322,True,False,1080,16,66567,78675,145256
4096,Near_Zero,981,0,0,N/A,0.00000000,0.00001410,0.00003033,0.06136432,0.99813277,0.942261,True,False,1096,32,64902,78414,143330
4096,Near_Zero,982,0,0,N/A,0.00000000,0.00001407,0.00003030,0.06120466,0.99813105,0.942413,True,False,1064,0,68086,84458,152558
4096,Near_Zero,983,0,0,N/A,0.00000000,0.00001394,0.00003031,0.06065101,0.99813560,0.942932,True,False,1080,16,63472,78025,141511
4096,Near_Zero,984,0,0,N/A,0.00000000,0.00001425,0.00003031,0.06198297,0.99812821,0.941681,True,False,1080,16,66947,78785,145746
4096,Near_Zero,985,0,0,N/A,0.00000000,0.00001400,0.00003030,0.06090713,0.99813762,0.942688,True,False,1080,16,63285,78010,141309
4096,Near_Zero,986,0,0,N/A,0.00000000,0.00001437,0.00003033,0.06254016,0.99812075,0.941162,True,False,1064,0,67214,78566,145794
4096,Near_Zero,987,0,0,N/A,0.00000000,0.00001420,0.00003033,0.06178876,0.99812845,0.941864,True,False,1097,16,64147,83332,147493
4096,Near_Zero,988,1,0,N/A,0.00000000,0.00001407,0.00003031,0.06119641,0.99813939,0.942413,True,False,1064,0,63397,78691,142102
4096,Near_Zero,989,0,0,N/A,0.00000000,0.00001399,0.00003031,0.06084505,0.99813556,0.942749,True,False,1064,0,68009,79885,147908
4096,Near_Zero,990,0,0,N/A,0.00000000,0.00001385,0.00003029,0.06026095,0.99813856,0.943298,True,False,1080,16,63437,78560,142011
4096,Near_Zero,991,0,0,N/A,0.00000000,0.00001431,0.00003035,0.06227755,0.99812484,0.941406,True,False,1064,0,67035,79145,146194
4096,Near_Zero,992,0,0,N/A,0.00000000,0.00001420,0.00003034,0.06178633,0.99813098,0.941864,True,False,1064,0,62915,85339,148268
4096,Near_Zero,993,0,0,N/A,0.00000000,0.00001338,0.00003024,0.05813745,0.99816647,0.945282,True,False,1064,0,67558,79738,147310
4096,Near_Zero,994,0,0,N/A,0.00000000,0.00001413,0.00003033,0.06145805,0.99813605,0.942169,True,False,1080,16,64775,78959,143748
4096,Near_Zero,995,0,0,N/A,0.00000000,0.00001325,0.00003026,0.05762165,0.99816710,0.945770,True,False,1098,0,67566,79206,146786
4096,Near_Zero,996,0,0,N/A,0.00000000,0.00001438,0.00003033,0.06257154,0.99812180,0.941132,True,False,1080,16,64433,77929,142376
4096,Near_Zero,997,0,0,N/A,0.00000000,0.00001391,0.00003029,0.06048246,0.99814289,0.943085,True,False,1080,16,65040,78483,143537
4096,Near_Zero,998,0,0,N/A,0.00000000,0.00001374,0.00003027,0.05973817,0.99814507,0.943787,True,False,1098,0,65871,78576,144461
4096,Near_Zero,999,0,0,N/A,0.00000000,0.00001421,0.00003032,0.06182087,0.99812870,0.941833,True,False,1096,32,64262,78715,142991
4096,Ascending,1000,1,0,N/A,0.00000253,0.00001238,0.00003973,0.29639020,0.99967056,0.949280,True,False,1560,496,66510,78941,145465
4096,Ascending,1001,1,0,N/A,0.00000273,0.00001268,0.00004069,0.29100478,0.99966734,0.948059,True,False,1560,496,63209,83568,146791
4096,Ascending,1002,1,0,N/A,0.00000259,0.00001226,0.00003948,0.28232755,0.99968100,0.949768,True,False,1560,496,69077,78574,147665
4096,Ascending,1003,1,0,N/A,0.00000198,0.00001227,0.00003736,0.28884159,0.99965272,0.949738,True,False,1560,496,64338,77294,141646
4096,Ascending,1004,1,0,N/A,0.00000075,0.00001202,0.00003627,0.28247966,0.99966684,0.950775,True,False,1560,496,70552,79606,150172
4096,Ascending,1005,1,0,N/A,0.00000095,0.00001233,0.00003806,0.30187419,0.99965270,0.949493,True,False,1560,496,64278,78014,142306
4096,Ascending,1006,1,0,N/A,0.00000146,0.00001238,0.00003831,0.28743808,0.99967481,0.949280,True,False,1589,496,65766,77852,143632
4096,Ascending,1007,1,0,N/A,0.00000776,0.00001260,0.00004090,0.29387400,0.99965624,0.948395,True,False,1577,496,66889,78364,145267
4096,Ascending,1008,1,0,N/A,0.00000052,0.00001257,0.00004065,0.29629388,0.99966699,0.948517,True,False,1560,496,66587,77960,144561
4096,Ascending,1009,1,0,N/A,0.00000234,0.00001195,0.00003676,0.27270125,0.99967215,0.951050,True,False,1560,496,68434,78228,146676
4096,Ascending,1010,1,0,N/A,0.00001113,0.00001266,0.00004294,0.28683388,0.99966732,0.948151,True,False,1560,496,63922,77119,141055
4096,Ascending,1011,1,0,N/A,0.00000744,0.00001225,0.00003876,0.28288434,0.99967038,0.949829,True,False,1560,496,68450,78855,147319
4096,Ascending,1012,1,0,N/A,0.00000393,0.00001255,0.00004182,0.29113362,0.99967474,0.948578,True,False,1560,496,66461,77689,144164
4096,Ascending,1013,1,0,N/A,0.00000341,0.00001267,0.00004128,0.28439505,0.99967795,0.948120,True,False,1560,496,69188,79655,148857
4096,Ascending,1014,1,0,N/A,0.00000088,0.00001241,0.00003927,0.27729437,0.99965885,0.949158,True,False,1560,496,66612,78286,144912
4096,Ascending,1015,1,0,N/A,0.00000564,0.00001243,0.00004115,0.27589863,0.99965982,0.949066,True,False,1577,496,64353,78107,142474
4096,Ascending,1016,1,0,N/A,0.00000375,0.00001249,0.00004032,0.27863155,0.99967080,0.948853,True,False,1560,496,73711,79099,152824
4096,Ascending,1017,1,0,N/A,0.00000302,0.00001258,0.00004196,0.29202215,0.99967425,0.948456,True,False,1560,496,68802,78213,147029
4096,Ascending,1018,1,0,N/A,0.00000078,0.00001264,0.00004024,0.29101177,0.99967506,0.948242,True,False,1560,496,69328,78353,147695
4096,Ascending,1019,1,0,N/A,0.00000050,0.00001226,0.00003853,0.29578061,0.99965967,0.949768,True,False,1577,496,64223,77442,141679
4096,Ascending,1020,1,0,N/A,0.00000479,0.00001273,0.00004076,0.29043103,0.99966483,0.947876,True,False,1560,496,67737,78354,146105
4096,Ascending,1021,1,0,N/A,0.00000130,0.00001262,0.00004133,0.28394441,0.99966631,0.948303,True,False,1560,496,63418,77344,140776
4096,Ascending,1022,1,0,N/A,0.00000749,0.00001220,0.00003815,0.28142809,0.99967352,0.950043,True,False,1560,496,70055,79531,149600
4096,Ascending,1023,1,0,N/A,0.00000213,0.00001255,0.00004033,0.30233964,0.99966452,0.948578,True,False,1560,496,65870,77575,143459
4096,Ascending,1024,1,0,N/A,0.00000417,0.00001248,0.00004027,0.29241426,0.99965707,0.948883,True,False,1560,496,66752,77610,144376
4096,Ascending,1025,1,0,N/A,0.00000965,0.00001259,0.00003887,0.29665731,0.99964683,0.948425,True,False,1560,496,68661,78687,147362
4096,Ascending,1026,1,0,N/A,0.00000551,0.00001295,0.00004467,0.28804672,0.99967348,0.946960,True,False,1577,496,65271,77667,142952
4096,Ascending,1027,1,0,N/A,0.00000752,0.00001291,0.00004301,0.28648998,0.99967272,0.947113,True,False,1560,496,67099,78152,145265
4096,Ascending,1028,0,0,N/A,0.00000010,0.00001206,0.00003818,0.28334014,0.99966889,0.950592,True,False,1560,496,65444,77830,143288
4096,Ascending,1029,1,0,N/A,0.00000054,0.00001250,0.00004120,0.28430754,0.99967901,0.948792,True,False,1560,496,67051,79069,146134
4096,Ascending,1030,1,0,N/A,0.00000393,0.00001275,0.00004366,0.29355902,0.99967810,0.947784,True,False,1577,496,64711,78320,143045
4096,Ascending,1031,1,0,N/A,0.00000509,0.00001253,0.00004151,0.28813018,0.99967467,0.948669,True,False,1560,496,71972,78658,150644
4096,Ascending,1032,1,0,N/A,0.00000766,0.00001272,0.00004334,0.28492769,0.99967657,0.947906,True,False,1560,496,63993,78436,142443
4096,Ascending,1033,0,0,N/A,0.00000008,0.00001269,0.00004115,0.29307335,0.99966939,0.948029,True,False,1560,496,64693,77834,142541
4096,Ascending,1034,1,0,N/A,0.00000679,0.00001225,0.00003727,0.29198617,0.99965798,0.949829,True,False,1560,496,67053,78387,145454
4096,Ascending,1035,1,0,N/A,0.00000436,0.00001284,0.00004348,0.29808488,0.99966806,0.947418,True,False,1560,496,62563,78457,141034
4096,Ascending,1036,1,0,N/A,0.00001071,0.00001223,0.00003594,0.28940141,0.99964976,0.949921,True,False,1560,496,65991,77822,143827
4096,Ascending,1037,1,0,N/A,0.00000408,0.00001231,0.00003761,0.29284085,0.99966334,0.949585,True,False,1560,496,64997,77761,142772
4096,Ascending,1038,1,0,N/A,0.00000422,0.00001244,0.00003873,0.28238132,0.99966440,0.949066,True,False,1560,496,67260,78702,145976
4096,Ascending,1039,1,0,N/A,0.00000005,0.00001211,0.00003897,0.28710249,0.99968255,0.950409,True,False,1560,496,64618,77583,142215
4096,Ascending,1040,1,0,N/A,0.00000350,0.00001254,0.00004258,0.28744319,0.99967339,0.948639,True,False,1560,496,67310,78687,146011
4096,Ascending,1041,0,0,N/A,0.00000019,0.00001220,0.00003884,0.28612366,0.99967209,0.950012,True,False,1560,496,63702,77621,141337
4096,Ascending,1042,1,0,N/A,0.00000566,0.00001205,0.00003963,0.29500217,0.99968764,0.950653,True,False,1560,496,69383,85089,154486
4096,Ascending,1043,1,0,N/A,0.00000284,0.00001203,0.00003652,0.28774148,0.99967182,0.950714,True,False,1560,496,69097,79271,148382
4096,Ascending,1044,1,0,N/A,0.00000286,0.00001211,0.00003652,0.27989454,0.99966481,0.950409,True,False,1560,496,64722,77770,142506
4096,Ascending,1045,1,0,N/A,0.00000917,0.00001252,0.00003909,0.28277657,0.99965984,0.948700,True,False,1560,496,68706,79168,147888
4096,Ascending,1046,1,0,N/A,0.00000230,0.00001261,0.00004113,0.29590192,0.99966271,0.948334,True,False,1594,496,67468,77991,145473
4096,Ascending,1047,1,0,N/A,0.00001142,0.00001252,0.00003801,0.29976665,0.99965291,0.948730,True,False,1560,496,66776,78590,145380
4096,Ascending,1048,1,0,N/A,0.00000787,0.00001247,0.00003808,0.29779465,0.99966394,0.948914,True,False,1560,496,63456,78624,142094
4096,Ascending,1049,1,0,N/A,0.00000310,0.00001218,0.00003936,0.28854877,0.99967933,0.950104,True,False,1560,496,66955,78637,145606
4096,Ascending,1050,1,0,N/A,0.00000819,0.00001223,0.00003986,0.28667004,0.99967764,0.949890,True,False,1560,496,70965,78457,149436
4096,Ascending,1051,1,0,N/A,0.00000050,0.00001249,0.00004159,0.28510880,0.99966833,0.948822,True,False,1560,496,65970,78094,144078
4096,Ascending,1052,1,0,N/A,0.00000055,0.00001265,0.00003980,0.28897001,0.99966325,0.948181,True,False,1560,496,83594,81933,165541
4096,Ascending,1053,1,0,N/A,0.00000093,0.00001217,0.00003667,0.28675066,0.99966484,0.950134,True,False,1577,496,66465,78079,144558
4096,Ascending,1054,1,0,N/A,0.00000183,0.00001194,0.00003714,0.28538568,0.99967361,0.951111,True,False,1560,496,68148,82090,150252
4096,Ascending,1055,0,0,N/A,0.00000006,0.00001290,0.00004197,0.29191566,0.99965312,0.947144,True,False,1560,496,65975,78000,143989
4096,Ascending,1056,1,0,N/A,0.00000887,0.00001232,0.00003822,0.28749658,0.99966488,0.949524,True,False,1560,496,68409,78613,147036
4096,Ascending,1057,1,0,N/A,0.00000068,0.00001214,0.00003595,0.28272222,0.99965819,0.950256,True,False,1560,496,63383,77974,141371
4096,Ascending,1058,1,0,N/A,0.00000811,0.00001256,0.00003889,0.29465118,0.99964425,0.948547,True,False,1560,496,67688,78232,145934
4096,Ascending,1059,1,0,N/A,0.00000173,0.00001249,0.00003927,0.28849819,0.99966592,0.948853,True,False,1618,496,63967,77652,141633
4096,Ascending,1060,1,0,N/A,0.00000151,0.00001229,0.00003606,0.28664774,0.99966024,0.949646,True,False,1577,496,65244,77451,142709
4096,Ascending,1061,1,0,N/A,0.00000761,0.00001227,0.00003889,0.29746671,0.99966329,0.949738,True,False,1560,496,71633,78804,150451
4096,Ascending,1062,1,0,N/A,0.00000534,0.00001208,0.00003700,0.28911949,0.99966644,0.950500,True,False,1594,496,74886,81303,156203
4096,Ascending,1063,1,0,N/A,0.00000513,0.00001254,0.00003857,0.28387033,0.99967009,0.948639,True,False,1560,496,67746,77985,145745
4096,Ascending,1064,1,0,N/A,0.00000408,0.00001199,0.00003842,0.28533766,0.99969478,0.950897,True,False,1560,496,63875,77932,141821
4096,Ascending,1065,1,0,N/A,0.00000876,0.00001227,0.00003874,0.28590736,0.99966900,0.949738,True,False,1560,496,67998,78659,146671
4096,Ascending,1066,1,0,N/A,0.00000464,0.00001202,0.00003570,0.28102298,0.99967202,0.950775,True,False,1560,496,63848,78195,142057
4096,Ascending,1067,1,0,N/A,0.00000158,0.00001246,0.00004134,0.30137507,0.99966540,0.948944,True,False,1560,496,67085,78124,145223
4096,Ascending,1068,1,0,N/A,0.00000132,0.00001217,0.00003832,0.27847403,0.99966978,0.950165,True,False,1594,496,66795,78479,145288
4096,Ascending,1069,1,0,N/A,0.00000544,0.00001263,0.00003727,0.29109817,0.99964597,0.948273,True,False,1560,496,64824,77967,142805
4096,Ascending,1070,1,0,N/A,0.00000240,0.00001281,0.00004074,0.29977193,0.99965919,0.947540,True,False,1577,496,70228,78891,149133
4096,Ascending,1071,1,0,N/A,0.00000117,0.00001226,0.00003801,0.28801892,0.99966061,0.949768,True,False,1560,496,64748,77920,142682
4096,Ascending,1072,1,0,N/A,0.00000038,0.00001273,0.00004279,0.29632570,0.99967146,0.947876,True,False,1560,496,70177,78525,148716
4096,Ascending,1073,1,0,N/A,0.00001588,0.00001282,0.00004010,0.29496831,0.99964844,0.947479,True,False,1560,496,63884,77413,141311
4096,Ascending,1074,1,0,N/A,0.00000009,0.00001267,0.00004126,0.29084575,0.99967191,0.948120,True,False,1560,496,69430,79472,148916
4096,Ascending,1075,1,0,N/A,0.00000114,0.00001248,0.00003849,0.29359269,0.99966695,0.948883,True,False,1560,496,64570,77881,142465
4096,Ascending,1076,1,0,N/A,0.00000377,0.00001258,0.00004152,0.28911663,0.99967804,0.948486,True,False,1577,496,66576,78545,145135
4096,Ascending,1077,1,0,N/A,0.00000315,0.00001214,0.00003661,0.29418236,0.99967035,0.950256,True,False,1560,496,63729,77155,140898
4096,Ascending,1078,1,0,N/A,0.00000229,0.00001180,0.00003612,0.28032639,0.99967411,0.951660,True,False,1560,496,63742,77471,141227
4096,Ascending,1079,1,0,N/A,0.00000327,0.00001244,0.00003916,0.28664981,0.99966329,0.949066,True,False,1560,496,67263,77821,145098
4096,Ascending,1080,1,0,N/A,0.00000325,0.00001297,0.00004285,0.30617787,0.99967199,0.946869,True,False,1560,496,65159,82552,147725
4096,Ascending,1081,1,0,N/A,0.00000448,0.00001207,0.00003792,0.27623952,0.99968437,0.950562,True,False,1577,496,67707,78941,146662
4096,Ascending,1082,1,0,N/A,0.00000116,0.00001259,0.00003883,0.29924064,0.99966074,0.948425,True,False,1560,496,65617,77484,143115
4096,Ascending,1083,1,0,N/A,0.00000045,0.00001287,0.00004288,0.29952481,0.99966304,0.947266,True,False,1560,496,67114,78099,145227
4096,Ascending,1084,1,0,N/A,0.00000170,0.00001229,0.00003902,0.28328451,0.99966620,0.949677,True,False,1560,496,64012,77063,141089
4096,Ascending,1085,1,0,N/A,0.00000030,0.00001261,0.00003976,0.28389880,0.99966034,0.948334,True,False,1560,496,69097,78979,148090
4096,Ascending,1086,1,0,N/A,0.00000885,0.00001257,0.00004112,0.28657792,0.99966548,0.948517,True,False,1560,496,65422,78007,143443
4096,Ascending,1087,1,0,N/A,0.00000055,0.00001244,0.00003936,0.28560985,0.99967969,0.949066,True,False,1560,496,63464,77002,140480
4096,Ascending,1088,1,0,N/A,0.00000465,0.00001255,0.00003964,0.29838348,0.99967024,0.948608,True,False,1589,496,66930,78198,145142
4096,Ascending,1089,1,0,N/A,0.00000589,0.00001292,0.00004022,0.29238277,0.99966310,0.947083,True,False,1560,496,63949,78227,142190
4096,Ascending,1090,1,0,N/A,0.00000115,0.00001234,0.00003927,0.28964214,0.99966524,0.949463,True,False,1560,496,65741,77991,143746
4096,Ascending,1091,1,0,N/A,0.00000035,0.00001289,0.00004249,0.28872474,0.99966857,0.947205,True,False,1577,496,64853,83047,147914
4096,Ascending,1092,1,0,N/A,0.00000272,0.00001267,0.00004114,0.29110018,0.99967248,0.948120,True,False,1560,496,67019,78754,145787
4096,Ascending,1093,1,0,N/A,0.00000774,0.00001267,0.00004073,0.30348731,0.99966846,0.948120,True,False,1560,496,63800,77871,141685
4096,Ascending,1094,1,0,N/A,0.00000363,0.00001231,0.00004137,0.29211501,0.99968671,0.949585,True,False,1560,496,66800,78047,144861
4096,Ascending,1095,1,0,N/A,0.00000227,0.00001245,0.00004036,0.28745652,0.99966990,0.949005,True,False,1560,496,64670,84590,149274
4096,Ascending,1096,1,0,N/A,0.00000083,0.00001243,0.00004189,0.29133766,0.99967468,0.949097,True,False,1560,496,65758,77220,142992
4096,Ascending,1097,1,0,N/A,0.00001193,0.00001229,0.00003919,0.28194839,0.99967582,0.949677,True,False,1560,496,68547,79209,147770
4096,Ascending,1098,1,0,N/A,0.00000261,0.00001241,0.00003920,0.28630865,0.99966783,0.949188,True,False,1560,496,65945,78298,144257
4096,Ascending,1099,1,0,N/A,0.00000398,0.00001241,0.00003830,0.29180384,0.99966810,0.949158,True,False,1560,496,68446,83513,151973
4096,Ascending,1100,1,0,N/A,0.00000051,0.00001217,0.00003715,0.28126317,0.99966767,0.950134,True,False,1560,496,64014,77743,141771
4096,Ascending,1101,1,0,N/A,0.00000065,0.00001248,0.00003899,0.28427309,0.99965731,0.948883,True,False,1560,496,69089,78675,147778
4096,Ascending,1102,1,0,N/A,0.00000586,0.00001255,0.00004176,0.29838003,0.99968378,0.948608,True,False,1560,496,64383,77652,142049
4096,Ascending,1103,1,0,N/A,0.00000317,0.00001275,0.00003979,0.29679380,0.99965442,0.947784,True,False,1560,496,66143,83389,149546
4096,Ascending,1104,1,0,N/A,0.00000252,0.00001198,0.00003690,0.28568824,0.99967362,0.950928,True,False,1560,496,63721,77360,141095
4096,Ascending,1105,1,0,N/A,0.00000176,0.00001267,0.00004259,0.28457435,0.99967500,0.948120,True,False,1560,496,64436,77542,141992
4096,Ascending,1106,0,0,N/A,0.00000021,0.00001230,0.00003650,0.28641188,0.99965904,0.949615,True,False,1560,496,67758,77520,145292
4096,Ascending,1107,1,0,N/A,0.00000390,0.00001253,0.00003904,0.28563677,0.99965793,0.948669,True,False,1577,496,74056,81031,155101
4096,Ascending,1108,1,0,N/A,0.00000422,0.00001266,0.00003860,0.28235335,0.99965717,0.948151,True,False,1560,496,68659,77792,146465
4096,Ascending,1109,1,0,N/A,0.00001952,0.00001251,0.00004100,0.29434888,0.99966713,0.948761,True,False,1560,496,64325,77242,141581
4096,Ascending,1110,1,0,N/A,0.00000104,0.00001283,0.00004272,0.28663237,0.99966946,0.947449,True,False,1560,496,67999,79275,147288
4096,Ascending,1111,1,0,N/A,0.00000685,0.00001262,0.00004213,0.27954637,0.99967061,0.948303,True,False,1577,496,65250,78133,143397
4096,Ascending,1112,1,0,N/A,0.00000672,0.00001257,0.00004029,0.28603462,0.99966393,0.948517,True,False,1560,496,67382,78837,146233
4096,Ascending,1113,1,0,N/A,0.00000048,0.00001248,0.00004082,0.28580024,0.99966927,0.948883,True,False,1560,496,67694,77577,145285
4096,Ascending,1114,1,0,N/A,0.00000039,0.00001228,0.00003778,0.29906722,0.99966761,0.949707,True,False,1560,496,64434,77723,142171
4096,Ascending,1115,1,0,N/A,0.00000177,0.00001232,0.00003613,0.28970833,0.99966878,0.949554,True,False,1560,496,66845,77681,144540
4096,Ascending,1116,1,0,N/A,0.00000343,0.00001210,0.00003629,0.28603718,0.99966539,0.950439,True,False,1560,496,64757,77883,142654
4096,Ascending,1117,1,0,N/A,0.00000426,0.00001236,0.00003742,0.28263231,0.99967341,0.949371,True,False,1560,496,67642,78877,146533
4096,Ascending,1118,1,0,N/A,0.00000641,0.00001289,0.00004194,0.28774302,0.99967246,0.947205,True,False,1560,496,62856,78277,141147
4096,Ascending,1119,1,0,N/A,0.00000450,0.00001247,0.00003982,0.28520924,0.99966312,0.948914,True,False,1560,496,66992,77869,144875
4096,Ascending,1120,1,0,N/A,0.00000546,0.00001268,0.00004120,0.30077743,0.99967265,0.948059,True,False,1560,496,62701,77694,140409
4096,Ascending,1121,1,0,N/A,0.00000089,0.00001296,0.00004076,0.30013958,0.99965484,0.946930,True,False,1560,496,66094,77907,144015
4096,Ascending,1122,1,0,N/A,0.00000281,0.00001249,0.00003848,0.29153309,0.99966263,0.948822,True,False,1560,496,68809,81665,150488
4096,Ascending,1123,1,0,N/A,0.00000970,0.00001279,0.00004253,0.29654190,0.99966607,0.947632,True,False,1560,496,65061,77014,142089
4096,Ascending,1124,1,0,N/A,0.00000320,0.00001232,0.00003809,0.29253142,0.99966681,0.949524,True,False,1560,496,69709,78965,148688
4096,Ascending,1125,1,0,N/A,0.00000942,0.00001273,0.00003917,0.29282683,0.99965209,0.947876,True,False,1577,496,64772,77913,142699
4096,Ascending,1126,1,0,N/A,0.00000192,0.00001217,0.00003644,0.28178312,0.99966410,0.950165,True,False,1560,496,70029,78644,148687
4096,Ascending,1127,1,0,N/A,0.00000231,0.00001269,0.00003903,0.29414958,0.99965463,0.948029,True,False,1594,496,84890,78486,163390
4096,Ascending,1128,1,0,N/A,0.00000427,0.00001258,0.00004191,0.29232518,0.99967584,0.948456,True,False,1560,496,67732,78539,146285
4096,Ascending,1129,1,0,N/A,0.00001322,0.00001245,0.00003840,0.28687775,0.99967050,0.949005,True,False,1560,496,67717,78706,146437
4096,Ascending,1130,1,0,N/A,0.00000078,0.00001278,0.00004249,0.29410643,0.99966579,0.947662,True,False,1560,496,67775,78215,146004
4096,Ascending,1131,0,0,N/A,0.00000003,0.00001267,0.00004002,0.30781452,0.99965534,0.948090,True,False,1560,496,66998,83346,150358
4096,Ascending,1132,1,0,N/A,0.00000455,0.00001232,0.00004013,0.29239345,0.99967922,0.949554,True,False,1577,496,69761,78966,148741
4096,Ascending,1133,0,0,N/A,0.00000010,0.00001190,0.00003860,0.27158341,0.99969118,0.951263,True,False,1560,496,66579,78477,145070
4096,Ascending,1134,1,0,N/A,0.00000718,0.00001306,0.00004462,0.29154149,0.99965832,0.946503,True,False,1576,496,62795,78080,140889
4096,Ascending,1135,1,0,N/A,0.00000105,0.00001198,0.00003660,0.27694716,0.99967905,0.950928,True,False,1560,496,67607,78094,145715
4096,Ascending,1136,1,0,N/A,0.00000542,0.00001229,0.00003903,0.28106652,0.99967769,0.949677,True,False,1560,496,63436,76780,140230
4096,Ascending,1137,1,0,N/A,0.00000642,0.00001258,0.00003801,0.29199210,0.99965847,0.948456,True,False,1560,496,70536,79195,149745
4096,Ascending,1138,0,0,N/A,0.00000011,0.00001229,0.00003847,0.28474242,0.99966853,0.949677,True,False,1560,496,63421,76877,140312
4096,Ascending,1139,1,0,N/A,0.00000358,0.00001225,0.00003614,0.28714451,0.99967046,0.949829,True,False,1577,496,66950,78414,145378
4096,Ascending,1140,1,0,N/A,0.00000277,0.00001253,0.00003844,0.29285058,0.99966719,0.948669,True,False,1560,496,65836,77397,143247
4096,Ascending,1141,1,0,N/A,0.00000506,0.00001243,0.00003935,0.29264862,0.99966150,0.949097,True,False,1560,496,63993,77730,141737
4096,Ascending,1142,1,0,N/A,0.00000484,0.00001214,0.00003857,0.28743864,0.99967734,0.950287,True,False,1560,496,67288,78142,145444
4096,Ascending,1143,1,0,N/A,0.00000044,0.00001257,0.00003775,0.28880229,0.99966699,0.948517,True,False,1577,496,64513,77638,142165
4096,Ascending,1144,1,0,N/A,0.00000216,0.00001255,0.00003813,0.28725036,0.99965626,0.948578,True,False,1577,496,67592,78499,146105
4096,Ascending,1145,1,0,N/A,0.00000572,0.00001221,0.00003937,0.28506838,0.99966055,0.949982,True,False,1560,496,64222,77868,142104
4096,Ascending,1146,1,0,N/A,0.00000114,0.00001206,0.00004074,0.28536846,0.99968118,0.950623,True,False,1577,496,70730,78470,149214
4096,Ascending,1147,0,0,N/A,0.00000007,0.00001236,0.00004050,0.29532403,0.99967858,0.949371,True,False,1560,496,64792,77280,142086
4096,Ascending,1148,1,0,N/A,0.00000193,0.00001226,0.00003629,0.29511882,0.99966221,0.949799,True,False,1560,496,69305,78844,148163
4096,Ascending,1149,1,0,N/A,0.00000339,0.00001270,0.00004190,0.29261383,0.99967565,0.947998,True,False,1560,496,63441,77597,141052
4096,Ascending,1150,1,0,N/A,0.00000086,0.00001210,0.00003876,0.28155154,0.99967978,0.950439,True,False,1560,496,63284,77794,141092
4096,Ascending,1151,1,0,N/A,0.00000149,0.00001246,0.00003913,0.28853566,0.99965904,0.948975,True,False,1560,496,69729,78889,148632
4096,Ascending,1152,1,0,N/A,0.00000186,0.00001272,0.00004048,0.29246368,0.99966016,0.947906,True,False,1560,496,82582,98874,181470
4096,Ascending,1153,1,0,N/A,0.00000130,0.00001227,0.00003960,0.26930060,0.99967990,0.949738,True,False,1560,496,68410,79313,147737
4096,Ascending,1154,1,0,N/A,0.00000116,0.00001234,0.00003865,0.29040505,0.99967311,0.949463,True,False,1560,496,64027,77665,141706
4096,Ascending,1155,1,0,N/A,0.00001009,0.00001256,0.00004042,0.28590057,0.99966144,0.948547,True,False,1560,496,73417,79662,153093
4096,Ascending,1156,1,0,N/A,0.00000222,0.00001282,0.00004415,0.28872438,0.99967704,0.947479,True,False,1560,496,65161,78227,143402
4096,Ascending,1157,1,0,N/A,0.00000109,0.00001276,0.00004197,0.28291673,0.99966275,0.947754,True,False,1560,496,68576,80192,148782
4096,Ascending,1158,0,0,N/A,0.00000009,0.00001255,0.00004076,0.28936413,0.99966887,0.948578,True,False,1560,496,66675,77880,144569
4096,Ascending,1159,1,0,N/A,0.00000107,0.00001200,0.00003739,0.29421236,0.99968229,0.950836,True,False,1560,496,66926,78262,145202
4096,Ascending,1160,1,0,N/A,0.00000046,0.00001252,0.00003885,0.28856442,0.99966200,0.948730,True,False,1560,496,67171,78409,145594
4096,Ascending,1161,1,0,N/A,0.00000167,0.00001200,0.00003859,0.28552875,0.99967967,0.950867,True,False,1560,496,64363,77423,141800
4096,Ascending,1162,1,0,N/A,0.00000527,0.00001244,0.00003831,0.28792893,0.99965293,0.949036,True,False,1560,496,66748,77599,144361
4096,Ascending,1163,1,0,N/A,0.00000585,0.00001244,0.00003862,0.28308833,0.99966389,0.949066,True,False,1560,496,69541,78089,147644
4096,Ascending,1164,1,0,N/A,0.00000320,0.00001258,0.00003912,0.29248687,0.99967226,0.948456,True,False,1560,496,67124,78623,145761
4096,Ascending,1165,1,0,N/A,0.00000043,0.00001249,0.00003881,0.28527417,0.99965773,0.948822,True,False,1560,496,63683,77586,141283
4096,Ascending,1166,1,0,N/A,0.00000060,0.00001296,0.00004370,0.29530411,0.99967059,0.946899,True,False,1560,496,67287,78931,146232
4096,Ascending,1167,1,0,N/A,0.00000138,0.00001226,0.00003695,0.28464109,0.99967337,0.949799,True,False,1560,496,66308,82704,149026
4096,Ascending,1168,1,0,N/A,0.00000190,0.00001283,0.00004041,0.29481833,0.99964359,0.947449,True,False,1560,496,64676,78147,142837
4096,Ascending,1169,1,0,N/A,0.00000230,0.00001273,0.00004275,0.28202124,0.99967663,0.947845,True,False,1594,496,66485,78280,144779
4096,Ascending,1170,1,0,N/A,0.00000044,0.00001259,0.00004120,0.29069878,0.99966530,0.948425,True,False,1560,496,64759,77971,142744
4096,Ascending,1171,1,0,N/A,0.00000275,0.00001277,0.00004092,0.29198875,0.99964875,0.947693,True,False,1560,496,66954,98910,165878
4096,Ascending,1172,1,0,N/A,0.00000207,0.00001290,0.00004355,0.29408444,0.99966573,0.947174,True,False,1560,496,65094,77912,143020
4096,Ascending,1173,1,0,N/A,0.00000070,0.00001229,0.00003854,0.29077075,0.99967578,0.949677,True,False,1560,496,67197,78240,145451
4096,Ascending,1174,0,0,N/A,0.00000028,0.00001271,0.00003999,0.31083565,0.99966688,0.947937,True,False,1560,496,64467,77531,142012
4096,Ascending,1175,1,0,N/A,0.00000346,0.00001226,0.00004108,0.27155671,0.99968371,0.949799,True,False,1560,496,71238,79103,150355
4096,Ascending,1176,1,0,N/A,0.00000407,0.00001325,0.00004316,0.29554371,0.99964946,0.945740,True,False,1560,496,65495,77357,142866
4096,Ascending,1177,1,0,N/A,0.00000124,0.00001237,0.00003964,0.28207928,0.99967568,0.949341,True,False,1560,496,68617,79277,147908
4096,Ascending,1178,1,0,N/A,0.00000242,0.00001306,0.00004452,0.28777933,0.99967063,0.946503,True,False,1560,496,69352,78958,148324
4096,Ascending,1179,1,0,N/A,0.00000085,0.00001261,0.00003866,0.28338198,0.99964869,0.948364,True,False,1560,496,64922,77617,142553
4096,Ascending,1180,0,0,N/A,0.00000010,0.00001246,0.00004118,0.28772764,0.99966103,0.948975,True,False,1560,496,66677,77852,144543
4096,Ascending,1181,1,0,N/A,0.00000294,0.00001261,0.00004054,0.28895622,0.99965759,0.948364,True,False,1560,496,63101,77493,140608
4096,Ascending,1182,1,0,N/A,0.00000745,0.00001253,0.00004090,0.28053702,0.99965482,0.948669,True,False,1560,496,67806,78922,146742
4096,Ascending,1183,1,0,N/A,0.00000795,0.00001211,0.00003683,0.29114482,0.99966203,0.950409,True,False,1560,496,63373,77158,140545
4096,Ascending,1184,1,0,N/A,0.00000269,0.00001273,0.00004304,0.28934815,0.99967091,0.947845,True,False,1560,496,66379,77947,144340
4096,Ascending,1185,1,0,N/A,0.00001000,0.00001278,0.00004333,0.29587338,0.99966682,0.947662,True,False,1560,496,66934,77985,144933
4096,Ascending,1186,1,0,N/A,0.00000561,0.00001224,0.00003947,0.27516751,0.99966638,0.949860,True,False,1560,496,70378,79750,150142
4096,Ascending,1187,1,0,N/A,0.00000194,0.00001235,0.00004072,0.28951939,0.99968042,0.949402,True,False,1577,496,66981,77748,144743
4096,Ascending,1188,1,0,N/A,0.00000151,0.00001269,0.00004135,0.28605757,0.99965667,0.948029,True,False,1560,496,65233,77904,143151
4096,Ascending,1189,1,0,N/A,0.00000205,0.00001255,0.00003795,0.30180283,0.99967160,0.948578,True,False,1560,496,66318,78000,144332
4096,Ascending,1190,1,0,N/A,0.00000797,0.00001284,0.00004360,0.30491082,0.99965835,0.947388,True,False,1560,496,65245,79110,144369
4096,Ascending,1191,1,0,N/A,0.00000356,0.00001182,0.00003635,0.29011222,0.99968163,0.951569,True,False,1560,496,70867,79716,150597
4096,Ascending,1192,1,0,N/A,0.00000603,0.00001254,0.00004081,0.28878566,0.99965617,0.948639,True,False,1594,496,64635,77979,142628
4096,Ascending,1193,1,0,N/A,0.00000193,0.00001279,0.00004124,0.28413706,0.99966044,0.947632,True,False,1560,496,69880,78752,148646
4096,Ascending,1194,1,0,N/A,0.00000373,0.00001280,0.00004290,0.29974976,0.99967922,0.947571,True,False,1560,496,66531,77912,144457
4096,Ascending,1195,1,0,N/A,0.00001630,0.00001232,0.00003688,0.29111283,0.99966036,0.949554,True,False,1560,496,63378,77548,140940
4096,Ascending,1196,1,0,N/A,0.00000408,0.00001246,0.00004253,0.28741481,0.99968153,0.948944,True,False,1560,496,65793,77732,143539
4096,Ascending,1197,1,0,N/A,0.00000467,0.00001252,0.00004017,0.29448853,0.99966187,0.948730,True,False,1560,496,64103,76859,140976
4096,Ascending,1198,1,0,N/A,0.00001029,0.00001302,0.00004285,0.28600771,0.99966019,0.946655,True,False,1560,496,81769,79827,161610
4096,Ascending,1199,1,0,N/A,0.00000318,0.00001249,0.00003924,0.29836643,0.99965845,0.948853,True,False,1560,496,65659,77421,143094
4096,Descending,1200,1,0,N/A,0.00000717,0.00001124,0.00003259,0.27933231,0.99966482,0.953979,True,False,1064,0,69050,79646,148710
4096,Descending,1201,1,0,N/A,0.00000424,0.00001123,0.00003309,0.26933967,0.99968328,0.954010,True,False,1064,0,64946,78666,143626
4096,Descending,1202,1,0,N/A,0.00000401,0.00001128,0.00003086,0.28105325,0.99967816,0.953796,True,False,1081,0,64861,78862,143737
4096,Descending,1203,1,0,N/A,0.00000270,0.00001166,0.00003144,0.29822514,0.99965201,0.952271,True,False,1064,0,67553,78026,145593
4096,Descending,1204,1,0,N/A,0.00000021,0.00001112,0.00003173,0.28453338,0.99967636,0.954468,True,False,1081,0,63728,78571,142313
4096,Descending,1205,1,0,N/A,0.00000123,0.00001143,0.00003152,0.28661383,0.99965456,0.953217,True,False,1064,0,69657,80031,149702
4096,Descending,1206,1,0,N/A,0.00000197,0.00001132,0.00003212,0.27729326,0.99967535,0.953644,True,False,1064,0,69534,80133,149681
4096,Descending,1207,1,0,N/A,0.00000030,0.00001138,0.00003154,0.28741024,0.99965876,0.953400,True,False,1064,0,67286,77990,145290
4096,Descending,1208,1,0,N/A,0.00000279,0.00001124,0.00003179,0.27750394,0.99967595,0.953979,True,False,1064,0,65236,77718,142968
4096,Descending,1209,1,0,N/A,0.00000137,0.00001117,0.00003249,0.29213338,0.99969484,0.954254,True,False,1064,0,66455,78710,145179
4096,Descending,1210,1,0,N/A,0.00001041,0.00001147,0.00003171,0.28874322,0.99966763,0.953033,True,False,1064,0,63650,77973,141637
4096,Descending,1211,1,0,N/A,0.00000196,0.00001152,0.00003237,0.27306212,0.99966156,0.952820,True,False,1064,0,70175,79778,149967
4096,Descending,1212,1,0,N/A,0.00000094,0.00001142,0.00003204,0.27673929,0.99965632,0.953247,True,False,1081,0,65965,78639,144618
4096,Descending,1213,1,0,N/A,0.00000440,0.00001130,0.00003110,0.27413915,0.99967021,0.953735,True,False,1064,0,64315,77893,142222
4096,Descending,1214,1,0,N/A,0.00000672,0.00001118,0.00003085,0.26488158,0.99967225,0.954224,True,False,1064,0,66334,78267,144615
4096,Descending,1215,1,0,N/A,0.00001503,0.00001130,0.00003234,0.27783941,0.99966032,0.953735,True,False,1064,0,61879,77658,139551
4096,Descending,1216,1,0,N/A,0.00000094,0.00001115,0.00003073,0.28056966,0.99967723,0.954346,True,False,1064,0,66791,78268,145073
4096,Descending,1217,1,0,N/A,0.00000207,0.00001115,0.00003157,0.27743512,0.99968034,0.954346,True,False,1064,0,65966,78680,144660
4096,Descending,1218,1,0,N/A,0.00000877,0.00001145,0.00003128,0.27250311,0.99965410,0.953125,True,False,1081,0,71318,78918,150250
4096,Descending,1219,1,0,N/A,0.00000439,0.00001131,0.00003201,0.28352205,0.99967271,0.953705,True,False,1064,0,64275,77905,142194
4096,Descending,1220,1,0,N/A,0.00000409,0.00001149,0.00003159,0.28059545,0.99966157,0.952942,True,False,1064,0,66576,83381,149971
4096,Descending,1221,1,0,N/A,0.00000251,0.00001120,0.00003157,0.28374393,0.99966423,0.954163,True,False,1064,0,66875,78798,145687
4096,Descending,1222,1,0,N/A,0.00000246,0.00001151,0.00003292,0.28461715,0.99966622,0.952881,True,False,1064,0,68631,79774,148419
4096,Descending,1223,1,0,N/A,0.00000398,0.00001136,0.00003136,0.29338121,0.99967567,0.953491,True,False,1064,0,67611,83775,151400
4096,Descending,1224,1,0,N/A,0.00000509,0.00001136,0.00003162,0.29403177,0.99966880,0.953491,True,False,1081,0,64291,77771,142076
4096,Descending,1225,1,0,N/A,0.00000187,0.00001131,0.00003166,0.30274886,0.99967735,0.953705,True,False,1064,0,66597,78341,144952
4096,Descending,1226,1,0,N/A,0.00000621,0.00001127,0.00003169,0.27631356,0.99967660,0.953857,True,False,1064,0,63954,78195,142163
4096,Descending,1227,1,0,N/A,0.00000027,0.00001139,0.00003099,0.28359321,0.99967229,0.953369,True,False,1064,0,66101,79045,145160
4096,Descending,1228,1,0,N/A,0.00000360,0.00001137,0.00003237,0.27738682,0.99966872,0.953430,True,False,1064,0,62696,77898,140608
4096,Descending,1229,1,0,N/A,0.00000805,0.00001148,0.00003115,0.28550795,0.99965287,0.952972,True,False,1064,0,63215,78020,141249
4096,Descending,1230,1,0,N/A,0.00000504,0.00001117,0.00003116,0.28550552,0.99967499,0.954254,True,False,1064,0,89198,79207,168419
4096,Descending,1231,1,0,N/A,0.00000412,0.00001166,0.00003249,0.29723073,0.99967457,0.952240,True,False,1081,0,63495,79303,142812
4096,Descending,1232,1,0,N/A,0.00000136,0.00001122,0.00003172,0.28424787,0.99967041,0.954071,True,False,1064,0,69614,80068,149696
4096,Descending,1233,1,0,N/A,0.00000867,0.00001121,0.00003200,0.28311898,0.99969504,0.954102,True,False,1064,0,65473,78973,144460
4096,Descending,1234,1,0,N/A,0.00000059,0.00001112,0.00003161,0.27835959,0.99967900,0.954468,True,False,1081,0,67008,78829,145851
4096,Descending,1235,1,0,N/A,0.00000082,0.00001142,0.00003120,0.28924632,0.99966197,0.953217,True,False,1064,0,64624,78138,142776
4096,Descending,1236,1,0,N/A,0.00000875,0.00001127,0.00003116,0.27817409,0.99968166,0.953827,True,False,1064,0,66951,79124,146089
4096,Descending,1237,1,0,N/A,0.00000171,0.00001145,0.00003181,0.27152655,0.99966855,0.953125,True,False,1064,0,64142,77738,141894
4096,Descending,1238,1,0,N/A,0.00000180,0.00001119,0.00003142,0.27289518,0.99967109,0.954163,True,False,1064,0,63689,78101,141804
4096,Descending,1239,1,0,N/A,0.00001416,0.00001141,0.00003190,0.28635476,0.99967435,0.953278,True,False,1064,0,66175,78457,144646
4096,Descending,1240,1,0,N/A,0.00000913,0.00001124,0.00003191,0.27910285,0.99967675,0.953979,True,False,1064,0,65228,78251,143493
4096,Descending,1241,1,0,N/A,0.00000216,0.00001117,0.00003209,0.27839508,0.99968593,0.954254,True,False,1064,0,67001,78137,145152
4096,Descending,1242,1,0,N/A,0.00001261,0.00001143,0.00003196,0.28838653,0.99966153,0.953217,True,False,1064,0,64737,78006,142757
4096,Descending,1243,1,0,N/A,0.00000579,0.00001129,0.00003105,0.26946883,0.99968122,0.953766,True,False,1081,0,68124,78771,146909
4096,Descending,1244,1,0,N/A,0.00000221,0.00001122,0.00003181,0.28059109,0.99967983,0.954041,True,False,1064,0,65972,78688,144674
4096,Descending,1245,1,0,N/A,0.00000442,0.00001142,0.00003186,0.28858744,0.99966291,0.953247,True,False,1064,0,67129,79357,146500
4096,Descending,1246,1,0,N/A,0.00000554,0.00001101,0.00003207,0.27994285,0.99968955,0.954926,True,False,1081,0,64678,78442,143134
4096,Descending,1247,1,0,N/A,0.00000075,0.00001122,0.00003112,0.28258295,0.99966604,0.954041,True,False,1064,0,63980,77809,141803
4096,Descending,1248,1,0,N/A,0.00000305,0.00001147,0.00003226,0.28615382,0.99965965,0.953033,True,False,1081,0,66759,83124,149897
4096,Descending,1249,1,0,N/A,0.00000528,0.00001130,0.00003210,0.28714223,0.99968194,0.953705,True,False,1064,0,63952,78053,142019
4096,Descending,1250,1,0,N/A,0.00000257,0.00001154,0.00003149,0.28676823,0.99965287,0.952759,True,False,1064,0,67626,79236,146876
4096,Descending,1251,1,0,N/A,0.00000255,0.00001144,0.00003120,0.28143470,0.99966106,0.953156,True,False,1064,0,62635,77767,140416
4096,Descending,1252,1,0,N/A,0.00001211,0.00001128,0.00003135,0.28700254,0.99967862,0.953796,True,False,1098,0,68796,79227,148037
4096,Descending,1253,1,0,N/A,0.00000120,0.00001127,0.00003139,0.28255564,0.99966682,0.953857,True,False,1064,0,68135,79074,147223
4096,Descending,1254,1,0,N/A,0.00000728,0.00001130,0.00003171,0.27257968,0.99967189,0.953735,True,False,1081,0,66248,79310,145572
4096,Descending,1255,1,0,N/A,0.00000153,0.00001110,0.00003123,0.28070263,0.99969270,0.954529,True,False,1064,0,62729,78911,141654
4096,Descending,1256,1,0,N/A,0.00000226,0.00001115,0.00003148,0.27109990,0.99967209,0.954346,True,False,1064,0,63707,77553,141274
4096,Descending,1257,1,0,N/A,0.00000652,0.00001133,0.00003138,0.27694599,0.99966950,0.953613,True,False,1064,0,66994,79126,146134
4096,Descending,1258,1,0,N/A,0.00000332,0.00001113,0.00003131,0.27254010,0.99968485,0.954437,True,False,1064,0,63731,78999,142744
4096,Descending,1259,1,0,N/A,0.00000391,0.00001147,0.00003161,0.28537254,0.99966135,0.953003,True,False,1064,0,68170,79720,147904
4096,Descending,1260,1,0,N/A,0.00000443,0.00001137,0.00003142,0.30104843,0.99966634,0.953430,True,False,1064,0,64883,86233,151130
4096,Descending,1261,1,0,N/A,0.00000352,0.00001123,0.00003168,0.27661716,0.99967322,0.954010,True,False,1064,0,67146,78994,146154
4096,Descending,1262,1,0,N/A,0.00000061,0.00001124,0.00003122,0.27578536,0.99967646,0.953979,True,False,1081,0,65213,78299,143526
4096,Descending,1263,1,0,N/A,0.00000243,0.00001142,0.00003128,0.28411266,0.99966812,0.953217,True,False,1064,0,69120,79673,148807
4096,Descending,1264,1,0,N/A,0.00000293,0.00001152,0.00003150,0.29031746,0.99966661,0.952820,True,False,1064,0,64570,78416,143000
4096,Descending,1265,1,0,N/A,0.00000011,0.00001128,0.00003162,0.27413225,0.99967450,0.953796,True,False,1064,0,64718,77582,142314
4096,Descending,1266,1,0,N/A,0.00001025,0.00001124,0.00003212,0.28907218,0.99968922,0.953949,True,False,1064,0,66697,78626,145337
4096,Descending,1267,1,0,N/A,0.00000009,0.00001139,0.00003154,0.29545908,0.99967024,0.953369,True,False,1064,0,63391,78075,141480
4096,Descending,1268,1,0,N/A,0.00000200,0.00001127,0.00003219,0.27104132,0.99967076,0.953857,True,False,1064,0,67009,78660,145683
4096,Descending,1269,1,0,N/A,0.00000662,0.00001134,0.00003123,0.28193550,0.99966988,0.953552,True,False,1064,0,62676,77097,139787
4096,Descending,1270,1,0,N/A,0.00000140,0.00001136,0.00003189,0.28168361,0.99968162,0.953461,True,False,1064,0,66695,78440,145149
4096,Descending,1271,1,0,N/A,0.00000350,0.00001108,0.00003171,0.27436579,0.99968079,0.954620,True,False,1064,0,76544,79724,156282
4096,Descending,1272,1,0,N/A,0.00000016,0.00001143,0.00003217,0.28795348,0.99967213,0.953186,True,False,1081,0,69100,80162,149276
4096,Descending,1273,1,0,N/A,0.00000667,0.00001117,0.00003257,0.27420001,0.99967102,0.954254,True,False,1064,0,63615,78652,142281
4096,Descending,1274,1,0,N/A,0.00000076,0.00001123,0.00003174,0.27600664,0.99967879,0.954010,True,False,1064,0,65306,78809,144129
4096,Descending,1275,1,0,N/A,0.00000196,0.00001130,0.00003113,0.30060739,0.99967544,0.953735,True,False,1064,0,66191,78213,144418
4096,Descending,1276,1,0,N/A,0.00000352,0.00001123,0.00003200,0.27597901,0.99967380,0.954010,True,False,1064,0,64443,78323,142780
4096,Descending,1277,1,0,N/A,0.00000083,0.00001152,0.00003202,0.28552912,0.99966049,0.952820,True,False,1064,0,66475,83481,149970
4096,Descending,1278,1,0,N/A,0.00000233,0.00001126,0.00003136,0.28267938,0.99967419,0.953888,True,False,1064,0,64866,78086,142966
4096,Descending,1279,1,0,N/A,0.00000047,0.00001147,0.00003129,0.29494437,0.99966395,0.953003,True,False,1064,0,68435,79645,148094
4096,Descending,1280,1,0,N/A,0.00000202,0.00001120,0.00003155,0.27318462,0.99966944,0.954132,True,False,1081,0,63901,77802,141717
4096,Descending,1281,1,0,N/A,0.00000260,0.00001121,0.00003114,0.27593063,0.99966914,0.954102,True,False,1064,0,65888,77552,143454
4096,Descending,1282,1,0,N/A,0.00000491,0.00001141,0.00003156,0.28682180,0.99966186,0.953278,True,False,1064,0,64173,77919,142106
4096,Descending,1283,1,0,N/A,0.00000097,0.00001127,0.00003247,0.28616257,0.99968322,0.953857,True,False,1064,0,63302,78700,142016
4096,Descending,1284,1,0,N/A,0.00000685,0.00001104,0.00003139,0.27241565,0.99967962,0.954803,True,False,1064,0,70975,79617,150606
4096,Descending,1285,1,0,N/A,0.00000036,0.00001128,0.00003153,0.28452567,0.99967082,0.953796,True,False,1064,0,64344,78718,143076
4096,Descending,1286,1,0,N/A,0.00000416,0.00001107,0.00003208,0.28261177,0.99968298,0.954681,True,False,1064,0,68501,78892,147407
4096,Descending,1287,1,0,N/A,0.00000218,0.00001140,0.00003080,0.29366944,0.99966495,0.953308,True,False,1064,0,64753,78051,142818
4096,Descending,1288,1,0,N/A,0.00000941,0.00001135,0.00003120,0.28619712,0.99966939,0.953522,True,False,1064,0,68612,79608,148234
4096,Descending,1289,1,0,N/A,0.00000017,0.00001133,0.00003221,0.27318052,0.99967383,0.953613,True,False,1064,0,67414,78478,145906
4096,Descending,1290,1,0,N/A,0.00000135,0.00001119,0.00003189,0.27936858,0.99968243,0.954193,True,False,1081,0,67179,79316,146509
4096,Descending,1291,1,0,N/A,0.00000635,0.00001132,0.00003167,0.27535435,0.99966744,0.953644,True,False,1064,0,65170,78373,143557
4096,Descending,1292,1,0,N/A,0.00000417,0.00001149,0.00003137,0.27962203,0.99966330,0.952942,True,False,1064,0,65425,78137,143576
4096,Descending,1293,1,0,N/A,0.00000058,0.00001149,0.00003192,0.30084492,0.99966181,0.952972,True,False,1064,0,66865,78234,145113
4096,Descending,1294,1,0,N/A,0.00000188,0.00001133,0.00003076,0.28772646,0.99966352,0.953583,True,False,1064,0,65020,78377,143411
4096,Descending,1295,1,0,N/A,0.00000179,0.00001131,0.00003157,0.29179088,0.99967090,0.953674,True,False,1064,0,67797,79483,147294
4096,Descending,1296,1,0,N/A,0.00000655,0.00001130,0.00003068,0.28253284,0.99967064,0.953735,True,False,1064,0,64235,78464,142713
4096,Descending,1297,1,0,N/A,0.00000246,0.00001134,0.00003162,0.28752787,0.99966090,0.953583,True,False,1064,0,66004,78618,144636
4096,Descending,1298,1,0,N/A,0.00000557,0.00001154,0.00003206,0.28233304,0.99966324,0.952728,True,False,1064,0,63010,84248,147272
4096,Descending,1299,1,0,N/A,0.00000023,0.00001132,0.00003154,0.28342023,0.99966359,0.953674,True,False,1064,0,66434,78513,144961
4096,Descending,1300,1,0,N/A,0.00000337,0.00001133,0.00003249,0.28185217,0.99966934,0.953613,True,False,1081,0,63437,78231,141682
4096,Descending,1301,1,0,N/A,0.00000251,0.00001145,0.00003194,0.27997514,0.99966059,0.953125,True,False,1064,0,64480,78837,143331
4096,Descending,1302,1,0,N/A,0.00000303,0.00001152,0.00003189,0.28552737,0.99966762,0.952820,True,False,1064,0,67563,84099,151676
4096,Descending,1303,1,0,N/A,0.00000343,0.00001123,0.00003218,0.27756352,0.99968469,0.954010,True,False,1064,0,64200,78967,143181
4096,Descending,1304,1,0,N/A,0.00000430,0.00001136,0.00003137,0.28891037,0.99967267,0.953491,True,False,1064,0,66728,78784,145526
4096,Descending,1305,1,0,N/A,0.00000225,0.00001154,0.00003188,0.29412008,0.99965779,0.952728,True,False,1064,0,64082,77967,142063
4096,Descending,1306,1,0,N/A,0.00000760,0.00001142,0.00003208,0.29400778,0.99967499,0.953247,True,False,1064,0,67837,84434,152285
4096,Descending,1307,1,0,N/A,0.00001346,0.00001134,0.00003201,0.28167177,0.99967696,0.953552,True,False,1064,0,67766,78575,146355
4096,Descending,1308,1,0,N/A,0.00000159,0.00001154,0.00003122,0.27509059,0.99965122,0.952728,True,False,1064,0,67772,79693,147479
4096,Descending,1309,1,0,N/A,0.00000259,0.00001127,0.00003153,0.28297985,0.99966610,0.953857,True,False,1064,0,64207,78218,142439
4096,Descending,1310,1,0,N/A,0.00000350,0.00001150,0.00003244,0.28099785,0.99966473,0.952911,True,False,1067,0,69162,78302,147478
4096,Descending,1311,1,0,N/A,0.00000350,0.00001116,0.00003167,0.27999316,0.99969396,0.954285,True,False,1064,0,66693,78773,145480
4096,Descending,1312,1,0,N/A,0.00000035,0.00001119,0.00003225,0.28591468,0.99966503,0.954163,True,False,1064,0,68957,79339,148310
4096,Descending,1313,1,0,N/A,0.00000488,0.00001136,0.00003144,0.27520962,0.99966447,0.953491,True,False,1064,0,69668,81049,150731
4096,Descending,1314,1,0,N/A,0.00000247,0.00001104,0.00003139,0.26636622,0.99968339,0.954803,True,False,1064,0,65724,77973,143711
4096,Descending,1315,1,0,N/A,0.00000368,0.00001120,0.00003112,0.28266183,0.99967797,0.954132,True,False,1064,0,70270,80406,150690
4096,Descending,1316,1,0,N/A,0.00000163,0.00001123,0.00003150,0.27679645,0.99968914,0.954010,True,False,1064,0,65259,79205,144478
4096,Descending,1317,1,0,N/A,0.00000865,0.00001141,0.00003132,0.29340771,0.99966224,0.953278,True,False,1064,0,67359,78908,146281
4096,Descending,1318,1,0,N/A,0.00000122,0.00001131,0.00003185,0.28304547,0.99967197,0.953674,True,False,1064,0,64713,78301,143028
4096,Descending,1319,1,0,N/A,0.00000817,0.00001172,0.00003230,0.29419306,0.99965289,0.952026,True,False,1064,0,65310,78740,144064
4096,Descending,1320,1,0,N/A,0.00000252,0.00001127,0.00003255,0.27844113,0.99967668,0.953857,True,False,1064,0,66819,83345,150178
4096,Descending,1321,1,0,N/A,0.00000467,0.00001123,0.00003245,0.27514623,0.99968145,0.954010,True,False,1064,0,63911,78108,142033
4096,Descending,1322,1,0,N/A,0.00000297,0.00001144,0.00003108,0.28873970,0.99965608,0.953156,True,False,1064,0,67572,78818,146404
4096,Descending,1323,1,0,N/A,0.00000004,0.00001130,0.00003119,0.27036596,0.99966996,0.953735,True,False,1064,0,64327,78105,142446
4096,Descending,1324,1,0,N/A,0.00000338,0.00001128,0.00003127,0.27894709,0.99967449,0.953796,True,False,1064,0,66651,78603,145268
4096,Descending,1325,1,0,N/A,0.00000251,0.00001136,0.00003226,0.28123350,0.99967319,0.953461,True,False,1064,0,63616,78337,141967
4096,Descending,1326,1,0,N/A,0.00000046,0.00001137,0.00003111,0.29421707,0.99968041,0.953461,True,False,1064,0,69944,80346,150304
4096,Descending,1327,1,0,N/A,0.00001031,0.00001157,0.00003164,0.28576529,0.99965790,0.952606,True,False,1064,0,64719,78001,142734
4096,Descending,1328,1,0,N/A,0.00000392,0.00001122,0.00003219,0.28471461,0.99967544,0.954071,True,False,1064,0,63903,84129,148046
4096,Descending,1329,1,0,N/A,0.00000945,0.00001132,0.00003140,0.28553801,0.99966259,0.953644,True,False,1064,0,65998,77903,143915
4096,Descending,1330,1,0,N/A,0.00000680,0.00001110,0.00003146,0.27399062,0.99967236,0.954559,True,False,1064,0,65439,78985,144438
4096,Descending,1331,1,0,N/A,0.00001215,0.00001129,0.00003126,0.28404198,0.99968244,0.953766,True,False,1081,0,65330,78285,143629
4096,Descending,1332,1,0,N/A,0.00000392,0.00001123,0.00003164,0.28498284,0.99967744,0.954010,True,False,1064,0,68826,78158,146998
4096,Descending,1333,1,0,N/A,0.00000272,0.00001142,0.00003221,0.28267043,0.99966855,0.953247,True,False,1064,0,74242,81938,156194
4096,Descending,1334,1,0,N/A,0.00000027,0.00001117,0.00003139,0.27372253,0.99967560,0.954254,True,False,1064,0,64737,78785,143536
4096,Descending,1335,1,0,N/A,0.00000295,0.00001147,0.00003203,0.28653567,0.99966342,0.953003,True,False,1064,0,68876,79920,148810
4096,Descending,1336,1,0,N/A,0.00000498,0.00001130,0.00003107,0.27993227,0.99966589,0.953735,True,False,1098,0,66082,78445,144541
4096,Descending,1337,1,0,N/A,0.00000608,0.00001116,0.00003126,0.28051463,0.99968291,0.954315,True,False,1064,0,66159,79364,145537
4096,Descending,1338,1,0,N/A,0.00000204,0.00001118,0.00003174,0.27406471,0.99966946,0.954224,True,False,1081,0,66706,79251,145971
4096,Descending,1339,1,0,N/A,0.00000116,0.00001116,0.00003089,0.26486118,0.99967355,0.954315,True,False,1064,0,64184,78332,142530
4096,Descending,1340,1,0,N/A,0.00000289,0.00001129,0.00003194,0.28080473,0.99967069,0.953766,True,False,1064,0,69293,80683,149990
4096,Descending,1341,1,0,N/A,0.00000295,0.00001121,0.00003235,0.27589165,0.99967813,0.954102,True,False,1064,0,63912,78539,142465
4096,Descending,1342,1,0,N/A,0.00000214,0.00001113,0.00003181,0.28810502,0.99967718,0.954437,True,False,1064,0,66117,79418,145549
4096,Descending,1343,1,0,N/A,0.00000076,0.00001131,0.00003201,0.28698216,0.99967718,0.953674,True,False,1064,0,62693,78533,141240
4096,Descending,1344,1,0,N/A,0.00000951,0.00001158,0.00003184,0.29867685,0.99965139,0.952576,True,False,1081,0,67836,80181,148031
4096,Descending,1345,1,0,N/A,0.00000047,0.00001132,0.00003152,0.28142176,0.99967088,0.953644,True,False,1064,0,62298,79498,141810
4096,Descending,1346,1,0,N/A,0.00000454,0.00001148,0.00003192,0.27717475,0.99966705,0.952972,True,False,1064,0,68197,80128,148339
4096,Descending,1347,1,0,N/A,0.00000899,0.00001121,0.00003187,0.27149271,0.99967800,0.954071,True,False,1064,0,65869,77943,143826
4096,Descending,1348,1,0,N/A,0.00001581,0.00001134,0.00003127,0.28211928,0.99966627,0.953552,True,False,1064,0,66055,82597,148666
4096,Descending,1349,1,0,N/A,0.00000087,0.00001118,0.00003159,0.28353905,0.99967663,0.954224,True,False,1064,0,66188,78121,144323
4096,Descending,1350,1,0,N/A,0.00000250,0.00001155,0.00003223,0.28918397,0.99965323,0.952698,True,False,1064,0,64950,78387,143351
4096,Descending,1351,1,0,N/A,0.00000722,0.00001142,0.00003156,0.28631690,0.99966356,0.953247,True,False,1081,0,68929,78225,147168
4096,Descending,1352,1,0,N/A,0.00000278,0.00001131,0.00003190,0.28244563,0.99966443,0.953674,True,False,1064,0,62734,77014,139762
4096,Descending,1353,1,0,N/A,0.00000003,0.00001118,0.00003130,0.28227877,0.99966457,0.954193,True,False,1064,0,66198,78598,144810
4096,Descending,1354,1,0,N/A,0.00000444,0.00001131,0.00003095,0.27831525,0.99967226,0.953705,True,False,1064,0,64766,77603,142383
4096,Descending,1355,1,0,N/A,0.00000624,0.00001159,0.00003140,0.29040923,0.99965940,0.952545,True,False,1064,0,66631,78916,145561
4096,Descending,1356,1,0,N/A,0.00000848,0.00001116,0.00003132,0.28374851,0.99968813,0.954285,True,False,1064,0,65099,78337,143450
4096,Descending,1357,1,0,N/A,0.00000518,0.00001116,0.00003188,0.28025459,0.99968489,0.954285,True,False,1064,0,63401,77887,141302
4096,Descending,1358,1,0,N/A,0.00000063,0.00001151,0.00003261,0.29265059,0.99967532,0.952850,True,False,1064,0,66428,78466,144908
4096,Descending,1359,1,0,N/A,0.00000210,0.00001141,0.00003224,0.29273531,0.99968087,0.953278,True,False,1064,0,62995,77326,140335
4096,Descending,1360,1,0,N/A,0.00000467,0.00001130,0.00003158,0.29083310,0.99967617,0.953735,True,False,1064,0,65144,77723,142881
4096,Descending,1361,1,0,N/A,0.00000049,0.00001132,0.00003151,0.27810296,0.99967527,0.953644,True,False,1064,0,61577,77335,138926
4096,Descending,1362,1,0,N/A,0.00000012,0.00001145,0.00003203,0.29933017,0.99966903,0.953125,True,False,1064,0,81779,79811,161604
4096,Descending,1363,1,0,N/A,0.00000260,0.00001122,0.00003258,0.28332506,0.99969235,0.954041,True,False,1064,0,63873,82018,145905
4096,Descending,1364,1,0,N/A,0.00000653,0.00001128,0.00003209,0.27481525,0.99967349,0.953827,True,False,1064,0,66039,78800,144853
4096,Descending,1365,1,0,N/A,0.00000154,0.00001134,0.00003117,0.28261496,0.99966808,0.953552,True,False,1064,0,64744,78176,142934
4096,Descending,1366,1,0,N/A,0.00000502,0.00001147,0.00003101,0.29665793,0.99967271,0.953033,True,False,1064,0,69064,79906,148984
4096,Descending,1367,1,0,N/A,0.00000091,0.00001148,0.00003126,0.27497139,0.99966126,0.952972,True,False,1064,0,73174,80808,153996
4096,Descending,1368,1,0,N/A,0.00001001,0.00001151,0.00003188,0.29006833,0.99965805,0.952850,True,False,1064,0,64505,78320,142839
4096,Descending,1369,1,0,N/A,0.00000270,0.00001122,0.00003206,0.28709660,0.99967511,0.954041,True,False,1064,0,67068,78121,145203
4096,Descending,1370,1,0,N/A,0.00000023,0.00001145,0.00003205,0.29458483,0.99965635,0.953125,True,False,1081,0,64162,77515,141691
4096,Descending,1371,1,0,N/A,0.00000053,0.00001138,0.00003092,0.28047792,0.99966191,0.953400,True,False,1081,0,65893,83406,149313
4096,Descending,1372,1,0,N/A,0.00000514,0.00001140,0.00003069,0.27899617,0.99966620,0.953339,True,False,1081,0,62952,77975,140941
4096,Descending,1373,1,0,N/A,0.00000024,0.00001120,0.00003161,0.28610396,0.99967051,0.954163,True,False,1064,0,65930,78572,144516
4096,Descending,1374,1,0,N/A,0.00000866,0.00001139,0.00003198,0.28621274,0.99968424,0.953369,True,False,1064,0,62702,77890,140606
4096,Descending,1375,1,0,N/A,0.00000054,0.00001119,0.00003145,0.28121413,0.99968321,0.954193,True,False,1081,0,63837,77729,141580
4096,Descending,1376,1,0,N/A,0.00000243,0.00001131,0.00003227,0.28379785,0.99966559,0.953674,True,False,1064,0,67958,77979,145951
4096,Descending,1377,1,0,N/A,0.00000026,0.00001148,0.00003079,0.28981078,0.99966276,0.952972,True,False,1064,0,63511,78128,141653
4096,Descending,1378,1,0,N/A,0.00000452,0.00001116,0.00003140,0.28370599,0.99968155,0.954285,True,False,1081,0,78784,81905,160703
4096,Descending,1379,1,0,N/A,0.00000260,0.00001147,0.00003176,0.28857161,0.99966494,0.953033,True,False,1064,0,65547,78491,144052
4096,Descending,1380,1,0,N/A,0.00000707,0.00001125,0.00003178,0.27879118,0.99968433,0.953918,True,False,1081,0,69311,80109,149434
4096,Descending,1381,1,0,N/A,0.00000362,0.00001120,0.00003150,0.27953081,0.99967196,0.954132,True,False,1064,0,64778,77728,142520
4096,Descending,1382,1,0,N/A,0.00000118,0.00001125,0.00003245,0.28500019,0.99967545,0.953949,True,False,1064,0,67137,78585,145736
4096,Descending,1383,1,0,N/A,0.00000446,0.00001147,0.00003104,0.27722353,0.99966293,0.953033,True,False,1064,0,64703,77804,142521
4096,Descending,1384,1,0,N/A,0.00000269,0.00001160,0.00003083,0.28483363,0.99965398,0.952515,True,False,1064,0,64956,77939,142909
4096,Descending,1385,1,0,N/A,0.00000030,0.00001118,0.00003148,0.27993107,0.99966909,0.954224,True,False,1064,0,65093,78093,143200
4096,Descending,1386,1,0,N/A,0.00000262,0.00001125,0.00003120,0.26593924,0.99966826,0.953918,True,False,1064,0,62970,77628,140612
4096,Descending,1387,1,0,N/A,0.00000063,0.00001104,0.00003173,0.28196769,0.99968319,0.954803,True,False,1081,0,67112,82020,149146
4096,Descending,1388,1,0,N/A,0.00000464,0.00001140,0.00003154,0.30342803,0.99967835,0.953308,True,False,1064,0,62957,77911,140882
4096,Descending,1389,1,0,N/A,0.00000505,0.00001140,0.00003101,0.28554047,0.99965371,0.953339,True,False,1081,0,68364,79549,147927
4096,Descending,1390,1,0,N/A,0.00000264,0.00001128,0.00003097,0.28121779,0.99966630,0.953827,True,False,1064,0,63481,79409,142904
4096,Descending,1391,1,0,N/A,0.00001953,0.00001122,0.00003107,0.28016805,0.99967629,0.954071,True,False,1064,0,66532,78510,145056
4096,Descending,1392,1,0,N/A,0.00000582,0.00001142,0.00003213,0.29156672,0.99966717,0.953247,True,False,1064,0,65622,78535,144171
4096,Descending,1393,1,0,N/A,0.00000140,0.00001121,0.00003220,0.28580346,0.99968274,0.954102,True,False,1064,0,64730,78060,142804
4096,Descending,1394,1,0,N/A,0.00000824,0.00001127,0.00003220,0.27753680,0.99968104,0.953827,True,False,1064,0,68917,79203,148134
4096,Descending,1395,1,0,N/A,0.00000372,0.00001106,0.00003099,0.27834509,0.99968132,0.954712,True,False,1064,0,65310,77396,142720
4096,Descending,1396,1,0,N/A,0.00000542,0.00001142,0.00003217,0.29918414,0.99966244,0.953247,True,False,1096,0,66312,78471,144797
4096,Descending,1397,1,0,N/A,0.00001323,0.00001149,0.00003181,0.28957396,0.99966758,0.952942,True,False,1081,0,62756,77674,140444
4096,Descending,1398,1,0,N/A,0.00000315,0.00001140,0.00003145,0.28229115,0.99966240,0.953308,True,False,1081,0,75548,82535,158097
4096,Descending,1399,1,0,N/A,0.00000590,0.00001142,0.00003165,0.29430594,0.99967273,0.953247,True,False,1064,0,65304,78154,143472
8192,Uniform_Small,0,1,0,N/A,0.00000026,0.00001550,0.00003129,0.82201894,0.99651109,0.873016,False,False,2120,32,72702,88826,161542
8192,Uniform_Small,1,1,0,N/A,0.00000020,0.00001545,0.00003084,0.84512264,0.99645072,0.873474,False,False,2154,32,71144,84359,155517
8192,Uniform_Small,2,1,0,N/A,0.00000081,0.00001535,0.00003069,0.83013190,0.99651497,0.874237,False,False,2137,32,69731,78660,148405
8192,Uniform_Small,3,1,0,N/A,0.00000007,0.00001549,0.00003094,0.84255590,0.99654186,0.873108,False,False,2170,48,71250,79196,150460
8192,Uniform_Small,4,0,0,N/A,0.00000005,0.00001524,0.00003113,0.81134200,0.99656575,0.875153,False,False,2136,48,71279,79697,150990
8192,Uniform_Small,5,1,0,N/A,0.00000037,0.00001555,0.00003102,0.84804607,0.99643933,0.872620,False,False,2120,32,75032,81176,156222
8192,Uniform_Small,6,1,0,N/A,0.00000016,0.00001531,0.00003086,0.82952993,0.99649053,0.874542,False,False,2153,48,70874,79480,150368
8192,Uniform_Small,7,1,0,N/A,0.00000004,0.00001549,0.00003110,0.83006398,0.99650785,0.873138,False,False,2202,80,76175,80397,156586
8192,Uniform_Small,8,1,0,N/A,0.00000006,0.00001527,0.00003089,0.81309694,0.99653362,0.874908,False,False,2120,32,70226,78305,148545
8192,Uniform_Small,9,1,0,N/A,0.00000080,0.00001544,0.00003088,0.84299808,0.99651871,0.873505,False,False,2137,32,71622,79465,151101
8192,Uniform_Small,10,0,0,N/A,0.00000002,0.00001557,0.00003142,0.84999736,0.99653728,0.872437,False,False,2185,80,71395,79412,150821
8192,Uniform_Small,11,1,0,N/A,0.00000103,0.00001524,0.00003095,0.82147907,0.99652029,0.875122,False,False,2136,48,72731,78682,151427
8192,Uniform_Small,12,1,0,N/A,0.00000004,0.00001555,0.00003158,0.81436329,0.99654192,0.872650,False,False,2152,64,71028,79198,150240
8192,Uniform_Small,13,1,0,N/A,0.00000003,0.00001538,0.00003088,0.83840375,0.99651939,0.874023,False,False,2137,32,71815,78797,150626
8192,Uniform_Small,14,1,0,N/A,0.00000063,0.00001546,0.00003090,0.82905186,0.99651658,0.873322,False,False,2152,64,72613,80407,153034
8192,Uniform_Small,15,1,0,N/A,0.00000034,0.00001555,0.00003155,0.83808272,0.99651984,0.872589,False,False,2153,48,70760,79326,150100
8192,Uniform_Small,16,0,0,N/A,0.00000002,0.00001546,0.00003104,0.82109433,0.99645543,0.873352,False,False,2104,16,70442,78918,149374
8192,Uniform_Small,17,0,0,N/A,0.00000001,0.00001545,0.00003099,0.84120237,0.99648677,0.873474,False,False,2120,32,71867,80271,152152
8192,Uniform_Small,18,1,0,N/A,0.00000027,0.00001547,0.00003121,0.81714556,0.99650614,0.873230,False,False,2201,96,72072,80181,152267
8192,Uniform_Small,19,1,0,N/A,0.00000026,0.00001543,0.00003084,0.83425122,0.99655325,0.873627,False,False,2120,32,71568,79203,150785
8192,Uniform_Small,20,0,0,N/A,0.00000002,0.00001542,0.00003058,0.83035581,0.99650968,0.873657,False,False,2120,32,71081,78416,149511
8192,Uniform_Small,21,0,0,N/A,0.00000009,0.00001561,0.00003127,0.83907531,0.99649710,0.872131,False,False,2185,80,71500,78405,149919
8192,Uniform_Small,22,1,0,N/A,0.00000046,0.00001552,0.00003074,0.81860186,0.99647082,0.872833,False,False,2122,0,70455,79484,149953
8192,Uniform_Small,23,1,0,N/A,0.00000006,0.00001542,0.00003103,0.81710431,0.99656353,0.873688,False,False,2169,64,75834,79715,155563
8192,Uniform_Small,24,1,0,N/A,0.00000015,0.00001540,0.00003097,0.80724354,0.99651601,0.873840,False,False,2153,48,72763,86618,159395
8192,Uniform_Small,25,0,0,N/A,0.00000001,0.00001560,0.00003120,0.81119288,0.99643439,0.872192,False,False,2169,64,71496,78715,150225
8192,Uniform_Small,26,1,0,N/A,0.00000007,0.00001552,0.00003183,0.84066051,0.99654782,0.872833,False,False,2184,96,71345,78851,150210
8192,Uniform_Small,27,1,0,N/A,0.00000025,0.00001561,0.00003136,0.83589444,0.99652795,0.872131,False,False,2202,80,71657,78501,150172
8192,Uniform_Small,28,1,0,N/A,0.00000006,0.00001552,0.00003122,0.83359507,0.99647859,0.872833,False,False,2152,64,73277,80366,153657
8192,Uniform_Small,29,1,0,N/A,0.00000005,0.00001536,0.00003108,0.81233247,0.99648819,0.874176,False,False,2152,64,69690,78994,148698
8192,Uniform_Small,30,1,0,N/A,0.00000011,0.00001553,0.00003119,0.82250702,0.99651959,0.872803,False,False,2152,64,74050,79911,153975
8192,Uniform_Small,31,1,0,N/A,0.00000037,0.00001553,0.00003117,0.82074087,0.99647669,0.872803,False,False,2168,80,71015,79796,150825
8192,Uniform_Small,32,1,0,N/A,0.00000009,0.00001558,0.00003109,0.83168283,0.99647920,0.872406,False,False,2120,32,70693,79524,150231
8192,Uniform_Small,33,0,0,N/A,0.00000001,0.00001540,0.00003090,0.83749407,0.99642696,0.873871,False,False,2137,32,72648,78766,151428
8192,Uniform_Small,34,1,0,N/A,0.00000009,0.00001530,0.00003075,0.80928008,0.99653406,0.874634,False,False,2136,48,70288,79283,149585
8192,Uniform_Small,35,1,0,N/A,0.00000027,0.00001544,0.00003099,0.82102217,0.99653640,0.873505,False,False,2120,32,72652,79289,151955
8192,Uniform_Small,36,1,0,N/A,0.00000071,0.00001571,0.00003200,0.81677945,0.99645357,0.871277,False,False,2152,64,70881,103770,174665
8192,Uniform_Small,37,1,0,N/A,0.00000025,0.00001549,0.00003118,0.82500446,0.99650705,0.873138,False,False,2169,64,70886,78507,149407
8192,Uniform_Small,38,1,0,N/A,0.00000007,0.00001545,0.00003079,0.82804802,0.99647933,0.873474,False,False,2152,48,71474,79210,150698
8192,Uniform_Small,39,0,0,N/A,0.00000006,0.00001553,0.00003099,0.81621087,0.99646222,0.872803,False,False,2170,48,71053,80784,151851
8192,Uniform_Small,40,0,0,N/A,0.00000005,0.00001542,0.00003091,0.81155972,0.99652785,0.873657,False,False,2120,32,73405,81243,154662
8192,Uniform_Small,41,0,0,N/A,0.00000005,0.00001536,0.00003107,0.82178614,0.99654562,0.874176,False,False,2186,64,70735,80258,151007
8192,Uniform_Small,42,1,0,N/A,0.00000009,0.00001551,0.00003107,0.81678330,0.99640114,0.872925,False,False,2202,80,71063,78611,149688
8192,Uniform_Small,43,1,0,N/A,0.00000008,0.00001533,0.00003088,0.81563582,0.99649161,0.874451,False,False,2104,16,70598,79364,149976
8192,Uniform_Small,44,1,0,N/A,0.00000002,0.00001552,0.00003100,0.82808764,0.99650055,0.872833,False,False,2104,16,71148,79455,150617
8192,Uniform_Small,45,1,0,N/A,0.00000012,0.00001527,0.00003078,0.81530304,0.99654569,0.874908,False,False,2088,0,72035,79666,151715
8192,Uniform_Small,46,1,0,N/A,0.00000029,0.00001560,0.00003126,0.83885805,0.99648164,0.872192,False,False,2186,64,74959,79548,154521
8192,Uniform_Small,47,1,0,N/A,0.00000016,0.00001540,0.00003080,0.82533514,0.99654395,0.873840,False,False,2120,32,71258,78928,150200
8192,Uniform_Small,48,1,0,N/A,0.00000001,0.00001540,0.00003097,0.81536528,0.99650195,0.873840,False,False,2184,96,71189,79177,150380
8192,Uniform_Small,49,1,0,N/A,0.00000002,0.00001544,0.00003116,0.83966092,0.99648307,0.873505,False,False,2136,48,70599,79300,149913
8192,Uniform_Small,50,1,0,N/A,0.00000016,0.00001531,0.00003090,0.82971136,0.99654024,0.874573,False,False,2144,48,71438,78981,150433
8192,Uniform_Small,51,0,0,N/A,0.00000000,0.00001550,0.00003107,0.83311742,0.99650506,0.872986,False,False,2218,96,70335,79371,149720
8192,Uniform_Small,52,1,0,N/A,0.00000025,0.00001553,0.00003101,0.83474700,0.99646512,0.872742,False,False,2153,48,71526,79972,151512
8192,Uniform_Small,53,1,0,N/A,0.00000001,0.00071747,0.00093709,-1.27250901,0.58560647,6.877533,False,False,2138,16,72875,79864,152753
8192,Uniform_Small,54,1,0,N/A,0.00000024,0.00001557,0.00003082,0.82651071,0.99652492,0.872467,False,False,2152,64,71069,80423,151506
8192,Uniform_Small,55,1,0,N/A,0.00000012,0.00001555,0.00003098,0.82358146,0.99648951,0.872650,False,False,2169,64,76603,78763,155380
8192,Uniform_Small,56,1,0,N/A,0.00000067,0.00001552,0.00003123,0.81892110,0.99650080,0.872864,False,False,2170,48,72408,81245,153667
8192,Uniform_Small,57,0,0,N/A,0.00000002,0.00001542,0.00003080,0.83076417,0.99651387,0.873718,False,False,2136,48,71666,78992,150672
8192,Uniform_Small,58,1,0,N/A,0.00000004,0.00001539,0.00003090,0.82514738,0.99649086,0.873962,False,False,2104,16,69793,78770,148577
8192,Uniform_Small,59,1,0,N/A,0.00000010,0.00001553,0.00003076,0.83510095,0.99639768,0.872803,False,False,2136,48,70145,78903,149062
8192,Uniform_Small,60,1,0,N/A,0.00000008,0.00001558,0.00003154,0.85288444,0.99654436,0.872375,False,False,2153,48,72086,80024,152124
8192,Uniform_Small,61,1,0,N/A,0.00000012,0.00001549,0.00003099,0.82405575,0.99647907,0.873077,False,False,2152,64,71341,78479,149834
8192,Uniform_Small,62,1,0,N/A,0.00000015,0.00001520,0.00003098,0.80333234,0.99653539,0.875458,False,False,2120,32,71003,78902,149919
8192,Uniform_Small,63,1,0,N/A,0.00000073,0.00001566,0.00003117,0.82941399,0.99646575,0.871735,False,False,2152,64,71649,79088,150751
8192,Uniform_Small,64,0,0,N/A,0.00000005,0.00001551,0.00003124,0.83381106,0.99650067,0.872955,False,False,2185,80,75278,79072,154364
8192,Uniform_Small,65,1,0,N/A,0.00000006,0.00001541,0.00003085,0.81549177,0.99642746,0.873779,False,False,2136,48,71747,84664,156425
8192,Uniform_Small,66,1,0,N/A,0.00000001,0.00001535,0.00003068,0.84532735,0.99651140,0.874237,False,False,2104,16,71411,79717,151142
8192,Uniform_Small,67,1,0,N/A,0.00000015,0.00001555,0.00003148,0.81450738,0.99645893,0.872620,False,False,2202,80,70304,78931,149249
8192,Uniform_Small,68,0,0,N/A,0.00000005,0.00001533,0.00003102,0.81856211,0.99657907,0.874420,False,False,2120,32,71166,78974,150154
8192,Uniform_Small,69,1,0,N/A,0.00000052,0.00001591,0.00003232,0.83508722,0.99642720,0.869659,False,False,2168,80,71402,78956,150372
8192,Uniform_Small,70,1,0,N/A,0.00000008,0.00001556,0.00003168,0.85204754,0.99646485,0.872498,False,False,2168,80,71450,78500,149964
8192,Uniform_Small,71,1,0,N/A,0.00000027,0.00001542,0.00003117,0.80934884,0.99653485,0.873718,False,False,2152,64,70504,79127,149645
8192,Uniform_Small,72,1,0,N/A,0.00000003,0.00001559,0.00003104,0.83308699,0.99648083,0.872284,False,False,2152,64,71097,79639,150750
8192,Uniform_Small,73,1,0,N/A,0.00000011,0.00001531,0.00003102,0.82942971,0.99652891,0.874542,False,False,2152,64,74332,80884,155230
8192,Uniform_Small,74,1,0,N/A,0.00000007,0.00001542,0.00003090,0.82568741,0.99652367,0.873718,False,False,2138,16,71143,79766,150923
8192,Uniform_Small,75,1,0,N/A,0.00000000,0.00001550,0.00003085,0.83224290,0.99648546,0.872986,False,False,2136,48,73051,80705,153770
8192,Uniform_Small,76,1,0,N/A,0.00000034,0.00001536,0.00003105,0.82135785,0.99651544,0.874146,False,False,2104,16,71444,80046,151504
8192,Uniform_Small,77,1,0,N/A,0.00000045,0.00001534,0.00003095,0.81786675,0.99653456,0.874329,False,False,2104,16,72062,78450,150526
8192,Uniform_Small,78,1,0,N/A,0.00000010,0.00001538,0.00003143,0.84581619,0.99657082,0.874023,False,False,2120,32,71420,78829,150263
8192,Uniform_Small,79,1,0,N/A,0.00000014,0.00001543,0.00003136,0.80147656,0.99657067,0.873566,False,False,2152,64,72104,79202,151320
8192,Uniform_Small,80,1,0,N/A,0.00000077,0.00001535,0.00003098,0.82789461,0.99653035,0.874268,False,False,2137,32,70909,78533,149456
8192,Uniform_Small,81,1,0,N/A,0.00000013,0.00001539,0.00003111,0.82109700,0.99654700,0.873901,False,False,2120,32,71163,79203,150380
8192,Uniform_Small,82,1,0,N/A,0.00000027,0.00001542,0.00003095,0.81232263,0.99653445,0.873688,False,False,2136,48,70468,79376,149858
8192,Uniform_Small,83,1,0,N/A,0.00000010,0.00001567,0.00003175,0.82037406,0.99645776,0.871613,False,False,2201,96,71939,80193,152146
8192,Uniform_Small,84,1,0,N/A,0.00000046,0.00001571,0.00003171,0.82149154,0.99645453,0.871277,False,False,2201,96,71673,79374,151061
8192,Uniform_Small,85,1,0,N/A,0.00000001,0.00001556,0.00003128,0.82491841,0.99646159,0.872559,False,False,2168,80,71646,79243,150903
8192,Uniform_Small,86,1,0,N/A,0.00000114,0.00001556,0.00003118,0.83038384,0.99646300,0.872498,False,False,2184,96,69662,78915,148591
8192,Uniform_Small,87,1,0,N/A,0.00000004,0.00001541,0.00003080,0.82142475,0.99649212,0.873779,False,False,2167,48,71662,79277,150953
8192,Uniform_Small,88,1,0,N/A,0.00000039,0.00001581,0.00003238,0.82772883,0.99649470,0.870514,False,False,2202,80,71547,78831,150392
8192,Uniform_Small,89,0,0,N/A,0.00000006,0.00001567,0.00003115,0.84707822,0.99642985,0.871613,False,False,2152,64,71907,79339,151260
8192,Uniform_Small,90,1,0,N/A,0.00000036,0.00001542,0.00003105,0.82414955,0.99649042,0.873718,False,False,2120,32,71850,79556,151420
8192,Uniform_Small,91,0,0,N/A,0.00000000,0.00001548,0.00003126,0.81242349,0.99653388,0.873199,False,False,2168,80,71218,79082,150314
8192,Uniform_Small,92,1,0,N/A,0.00000032,0.00001542,0.00003098,0.83070149,0.99646824,0.873657,False,False,2170,48,71270,84570,155854
8192,Uniform_Small,93,1,0,N/A,0.00000018,0.00001538,0.00003111,0.81850151,0.99654807,0.874023,False,False,2120,32,71727,79424,151165
8192,Uniform_Small,94,0,0,N/A,0.00000002,0.00001545,0.00003133,0.84037874,0.99654012,0.873444,False,False,2152,64,71580,78522,150116
8192,Uniform_Small,95,1,0,N/A,0.00000017,0.00001559,0.00003123,0.86072193,0.99645055,0.872253,False,False,2152,64,71450,78475,149939
8192,Uniform_Small,96,0,0,N/A,0.00000002,0.00001552,0.00003083,0.83140591,0.99645600,0.872864,False,False,2136,48,74567,81591,156172
8192,Uniform_Small,97,1,0,N/A,0.00000004,0.00001560,0.00003120,0.85292555,0.99642913,0.872223,False,False,2168,80,71897,78812,150723
8192,Uniform_Small,98,1,0,N/A,0.00000040,0.00001574,0.00003183,0.83829270,0.99639043,0.871063,False,False,2185,80,71434,80024,151472
8192,Uniform_Small,99,1,0,N/A,0.00000026,0.00001542,0.00003108,0.81580251,0.99648513,0.873718,False,False,2152,64,73114,80604,153732
8192,Uniform_Small,100,0,0,N/A,0.00000001,0.00001529,0.00003079,0.81605096,0.99656201,0.874786,False,False,2122,0,70559,87247,157820
8192,Uniform_Small,101,1,0,N/A,0.00000021,0.00001581,0.00003191,0.83601869,0.99640870,0.870514,False,False,2184,96,71559,78538,150111
8192,Uniform_Small,102,1,0,N/A,0.00000016,0.00001536,0.00003077,0.83225099,0.99649905,0.874146,False,False,2136,48,70073,78493,148580
8192,Uniform_Small,103,0,0,N/A,0.00000004,0.00001551,0.00003106,0.83123542,0.99649150,0.872955,False,False,2152,64,95505,82061,177580
8192,Uniform_Small,104,1,0,N/A,0.00000013,0.00001545,0.00003090,0.83950216,0.99652944,0.873474,False,False,2104,16,72777,79354,152145
8192,Uniform_Small,105,1,0,N/A,0.00000002,0.00001549,0.00003121,0.81820053,0.99649407,0.873077,False,False,2218,96,71533,78843,150390
8192,Uniform_Small,106,1,0,N/A,0.00000003,0.00001551,0.00003088,0.82613681,0.99648959,0.872925,False,False,2120,32,70357,78772,149143
8192,Uniform_Small,107,1,0,N/A,0.00000061,0.00001537,0.00003080,0.80788880,0.99649824,0.874115,False,False,2120,32,70738,84036,154788
8192,Uniform_Small,108,1,0,N/A,0.00000020,0.00001530,0.00003110,0.80889851,0.99651841,0.874634,False,False,2136,48,70950,79848,150812
8192,Uniform_Small,109,1,0,N/A,0.00000009,0.00001552,0.00003107,0.83310386,0.99648368,0.872864,False,False,2104,16,71817,78851,150682
8192,Uniform_Small,110,1,0,N/A,0.00000003,0.00001528,0.00003107,0.82623667,0.99652744,0.874847,False,False,2185,80,71109,84672,155795
8192,Uniform_Small,111,1,0,N/A,0.00000025,0.00001556,0.00003097,0.83755834,0.99646186,0.872528,False,False,2120,32,71117,80048,151179
8192,Uniform_Small,112,1,0,N/A,0.00000001,0.00001560,0.00003120,0.83083768,0.99647012,0.872192,False,False,2185,80,71945,79770,151729
8192,Uniform_Small,113,1,0,N/A,0.00000020,0.00001546,0.00003103,0.83831297,0.99650583,0.873322,False,False,2136,48,71403,81095,152512
8192,Uniform_Small,114,1,0,N/A,0.00000025,0.00001545,0.00003088,0.82181833,0.99655164,0.873413,False,False,2136,48,75852,80021,155887
8192,Uniform_Small,115,1,0,N/A,0.00000025,0.00001538,0.00003062,0.82608677,0.99651206,0.874023,False,False,2088,0,72008,81551,153573
8192,Uniform_Small,116,1,0,N/A,0.00000031,0.00001546,0.00003102,0.81808160,0.99649036,0.873352,False,False,2169,64,71046,79073,150133
8192,Uniform_Small,117,1,0,N/A,0.00000004,0.00001541,0.00003143,0.81859356,0.99655414,0.873749,False,False,2200,112,71790,79674,151478
8192,Uniform_Small,118,1,0,N/A,0.00000043,0.00001541,0.00003146,0.82747221,0.99651941,0.873749,False,False,2153,48,72619,80418,153051
8192,Uniform_Small,119,1,0,N/A,0.00000008,0.00001553,0.00003133,0.81709359,0.99655090,0.872742,False,False,2185,80,73028,78943,151985
8192,Uniform_Small,120,1,0,N/A,0.00000040,0.00071733,0.00093708,-1.25856869,0.58032007,6.876373,False,False,2104,16,70315,78968,149297
8192,Uniform_Small,121,0,0,N/A,0.00000001,0.00001545,0.00003086,0.84154915,0.99642717,0.873444,False,False,2136,48,71008,78302,149324
8192,Uniform_Small,122,1,0,N/A,0.00000027,0.00001552,0.00003143,0.81330815,0.99657259,0.872894,False,False,2168,80,71246,78788,150048
8192,Uniform_Small,123,0,0,N/A,0.00000001,0.00001548,0.00003104,0.84575384,0.99649272,0.873169,False,False,2138,16,72302,79178,151494
8192,Uniform_Small,124,1,0,N/A,0.00000014,0.00001568,0.00003158,0.84472854,0.99644481,0.871582,False,False,2216,128,71181,79200,150395
8192,Uniform_Small,125,1,0,N/A,0.00000024,0.00001551,0.00003105,0.82134520,0.99649595,0.872925,False,False,2218,96,70622,79290,149926
8192,Uniform_Small,126,1,0,N/A,0.00000009,0.00001542,0.00003124,0.81947871,0.99654674,0.873718,False,False,2200,112,72237,84304,156555
8192,Uniform_Small,127,1,0,N/A,0.00000032,0.00001548,0.00003168,0.82628371,0.99646655,0.873199,False,False,2152,64,75411,78423,153848
8192,Uniform_Small,128,1,0,N/A,0.00000001,0.00001548,0.00003090,0.83234033,0.99649382,0.873169,False,False,2169,64,71517,85744,157275
8192,Uniform_Small,129,1,0,N/A,0.00000012,0.00001568,0.00003213,0.82177144,0.99647391,0.871582,False,False,2200,112,75571,78677,154262
8192,Uniform_Small,130,0,0,N/A,0.00000010,0.00001544,0.00003074,0.83445718,0.99651306,0.873535,False,False,2104,16,71220,79040,150274
8192,Uniform_Small,131,1,0,N/A,0.00000001,0.00001541,0.00003098,0.83199065,0.99656993,0.873779,False,False,2136,48,72020,79213,151247
8192,Uniform_Small,132,1,0,N/A,0.00000022,0.00001535,0.00003089,0.82651560,0.99650471,0.874237,False,False,2169,64,72218,79036,151268
8192,Uniform_Small,133,1,0,N/A,0.00000019,0.00001524,0.00003083,0.81579895,0.99654933,0.875183,False,False,2104,16,70867,79277,150158
8192,Uniform_Small,134,1,0,N/A,0.00000014,0.00001540,0.00003103,0.83568034,0.99647328,0.873871,False,False,2136,48,70776,79660,150450
8192,Uniform_Small,135,0,0,N/A,0.00000005,0.00001546,0.00003137,0.83492577,0.99646086,0.873383,False,False,2136,48,70961,78828,149803
8192,Uniform_Small,136,1,0,N/A,0.00000011,0.00001550,0.00003131,0.84784102,0.99647967,0.872986,False,False,2200,112,70720,78609,149343
8192,Uniform_Small,137,0,0,N/A,0.00000000,0.00001550,0.00003098,0.83862129,0.99649175,0.873016,False,False,2137,32,76094,79413,155521
8192,Uniform_Small,138,1,0,N/A,0.00000007,0.00001553,0.00003139,0.82950934,0.99648226,0.872742,False,False,2200,112,70913,78663,149590
8192,Uniform_Small,139,1,0,N/A,0.00000006,0.00001561,0.00003157,0.83670653,0.99647553,0.872131,False,False,2153,48,71558,79251,150823
8192,Uniform_Small,140,1,0,N/A,0.00000087,0.00001530,0.00003079,0.82312954,0.99653156,0.874695,False,False,2120,32,74761,79227,154002
8192,Uniform_Small,141,1,0,N/A,0.00000010,0.00001544,0.00003097,0.81747785,0.99647070,0.873505,False,False,2120,32,71909,84609,156532
8192,Uniform_Small,142,1,0,N/A,0.00000002,0.00001544,0.00003111,0.83039253,0.99651677,0.873535,False,False,2158,48,72155,80855,153024
8192,Uniform_Small,143,1,0,N/A,0.00000016,0.00001545,0.00003084,0.83448323,0.99654554,0.873444,False,False,2169,64,71155,79707,150876
8192,Uniform_Small,144,1,0,N/A,0.00000089,0.00001540,0.00003102,0.82256346,0.99647797,0.873810,False,False,2184,96,75879,79575,155468
8192,Uniform_Small,145,1,0,N/A,0.00000018,0.00001531,0.00003108,0.80872418,0.99655627,0.874573,False,False,2136,48,71357,83623,154994
8192,Uniform_Small,146,0,0,N/A,0.00000003,0.00001549,0.00003144,0.82972618,0.99649633,0.873138,False,False,2168,80,71163,78289,149466
8192,Uniform_Small,147,1,0,N/A,0.00000007,0.00001543,0.00003105,0.82850612,0.99650437,0.873566,False,False,2136,48,71810,78880,150704
8192,Uniform_Small,148,1,0,N/A,0.00000043,0.00001567,0.00003089,0.84306474,0.99640746,0.871643,False,False,2136,48,70666,78093,148773
8192,Uniform_Small,149,1,0,N/A,0.00000015,0.00001542,0.00003098,0.84521985,0.99649127,0.873718,False,False,2136,48,73212,78680,151906
8192,Uniform_Small,150,0,0,N/A,0.00000008,0.00001564,0.00003124,0.84543559,0.99649018,0.871887,False,False,2200,112,71283,79258,150555
8192,Uniform_Small,151,0,0,N/A,0.00000003,0.00001547,0.00003100,0.83395974,0.99647485,0.873260,False,False,2138,16,71572,79870,151456
8192,Uniform_Small,152,1,0,N/A,0.00000000,0.00001551,0.00003104,0.83672899,0.99643887,0.872925,False,False,2120,32,73014,82468,155496
8192,Uniform_Small,153,1,0,N/A,0.00000083,0.00001545,0.00003091,0.85078929,0.99646293,0.873444,False,False,2152,64,71164,78303,149481
8192,Uniform_Small,154,1,0,N/A,0.00000015,0.00001555,0.00003103,0.82133051,0.99645253,0.872650,False,False,2169,64,70247,79411,149672
8192,Uniform_Small,155,1,0,N/A,0.00000022,0.00001556,0.00003094,0.81830833,0.99645467,0.872528,False,False,2168,80,71218,79126,150358
8192,Uniform_Small,156,1,0,N/A,0.00000097,0.00001559,0.00003160,0.82184540,0.99648066,0.872284,False,False,2170,48,71011,78907,149932
8192,Uniform_Small,157,1,0,N/A,0.00000070,0.00001560,0.00003189,0.82339757,0.99650346,0.872192,False,False,2168,80,71990,79178,151182
8192,Uniform_Small,158,1,0,N/A,0.00000018,0.00001549,0.00003085,0.83572487,0.99652038,0.873138,False,False,2120,32,72325,80454,152793
8192,Uniform_Small,159,1,0,N/A,0.00000014,0.00001523,0.00003068,0.82219798,0.99651529,0.875275,False,False,2137,32,71535,80196,151745
8192,Uniform_Small,160,1,0,N/A,0.00000007,0.00001528,0.00003093,0.82277080,0.99654514,0.874817,False,False,2121,16,70855,79153,150022
8192,Uniform_Small,161,1,0,N/A,0.00000014,0.00001540,0.00003102,0.81537313,0.99653914,0.873810,False,False,2202,80,70855,78836,149705
8192,Uniform_Small,162,1,0,N/A,0.00000025,0.00001545,0.00003120,0.82362653,0.99652345,0.873444,False,False,2154,32,72904,79379,152297
8192,Uniform_Small,163,0,0,N/A,0.00000001,0.00001542,0.00003098,0.81678797,0.99650684,0.873657,False,False,2152,64,75709,79326,155049
8192,Uniform_Small,164,1,0,N/A,0.00000019,0.00001536,0.00003133,0.82079690,0.99656558,0.874176,False,False,2137,32,78074,99492,177580
8192,Uniform_Small,165,1,0,N/A,0.00000001,0.00001550,0.00003101,0.82765265,0.99654789,0.873047,False,False,2136,48,75747,79947,155708
8192,Uniform_Small,166,1,0,N/A,0.00000013,0.00001543,0.00003143,0.82039712,0.99647874,0.873566,False,False,2169,64,71364,80226,151604
8192,Uniform_Small,167,1,0,N/A,0.00000164,0.00001558,0.00003116,0.83950683,0.99642494,0.872345,False,False,2185,64,71447,79287,150748
8192,Uniform_Small,168,1,0,N/A,0.00000023,0.00001525,0.00003108,0.81538810,0.99653295,0.875061,False,False,2105,0,70759,80292,151065
8192,Uniform_Small,169,0,0,N/A,0.00000008,0.00001550,0.00003110,0.83727375,0.99649293,0.873016,False,False,2120,32,71777,79177,150968
8192,Uniform_Small,170,1,0,N/A,0.00000022,0.00001559,0.00003124,0.83268077,0.99647235,0.872253,False,False,2169,64,70349,79917,150280
8192,Uniform_Small,171,1,0,N/A,0.00000110,0.00001573,0.00003230,0.83720333,0.99645735,0.871155,False,False,2218,96,71679,79011,150704
8192,Uniform_Small,172,0,0,N/A,0.00000001,0.00001556,0.00003100,0.84021516,0.99644040,0.872528,False,False,2136,48,71694,79207,150915
8192,Uniform_Small,173,0,0,N/A,0.00000008,0.00001554,0.00003085,0.85567461,0.99650118,0.872711,False,False,2184,96,71361,79156,150531
8192,Uniform_Small,174,1,0,N/A,0.00000007,0.00001546,0.00003120,0.81958127,0.99646738,0.873352,False,False,2169,64,75294,78305,153613
8192,Uniform_Small,175,1,0,N/A,0.00000011,0.00001529,0.00003084,0.82541567,0.99655646,0.874725,False,False,2136,48,72061,84256,156331
8192,Uniform_Small,176,1,0,N/A,0.00000033,0.00001562,0.00003119,0.84380755,0.99648739,0.872070,False,False,2216,112,72031,80241,152286
8192,Uniform_Small,177,1,0,N/A,0.00000078,0.00001546,0.00003113,0.81793287,0.99648476,0.873383,False,False,2167,48,71010,80088,151112
8192,Uniform_Small,178,1,0,N/A,0.00000013,0.00001556,0.00003147,0.82487330,0.99652670,0.872559,False,False,2233,128,70776,78532,149322
8192,Uniform_Small,179,1,0,N/A,0.00000009,0.00001550,0.00003109,0.82218384,0.99649036,0.873016,False,False,2202,80,71308,78420,149742
8192,Uniform_Small,180,1,0,N/A,0.00000001,0.00001542,0.00003154,0.81794185,0.99652848,0.873718,False,False,2185,80,71215,78457,149686
8192,Uniform_Small,181,0,0,N/A,0.00000000,0.00001572,0.00003114,0.83259442,0.99646705,0.871185,False,False,2153,48,71029,79445,150488
8192,Uniform_Small,182,1,0,N/A,0.00000002,0.00001538,0.00003076,0.81817459,0.99650188,0.874023,False,False,2104,16,70755,78442,149211
8192,Uniform_Small,183,1,0,N/A,0.00000016,0.00001541,0.00003086,0.80554677,0.99658729,0.873749,False,False,2152,64,72194,78531,150739
8192,Uniform_Small,184,1,0,N/A,0.00000027,0.00001528,0.00003132,0.82866560,0.99656629,0.874817,False,False,2104,16,71913,79399,151326
8192,Uniform_Small,185,1,0,N/A,0.00000041,0.00001545,0.00003130,0.81691163,0.99650225,0.873413,False,False,2136,48,74005,80605,154624
8192,Uniform_Small,186,1,0,N/A,0.00000001,0.00001549,0.00003104,0.84971272,0.99647605,0.873108,False,False,2152,64,69458,78214,147686
8192,Uniform_Small,187,0,0,N/A,0.00000003,0.00001536,0.00003106,0.83573726,0.99657287,0.874176,False,False,2137,32,74447,81034,155495
8192,Uniform_Small,188,1,0,N/A,0.00000002,0.00001552,0.00003096,0.84476225,0.99647854,0.872894,False,False,2136,48,70240,79630,149884
8192,Uniform_Small,189,1,0,N/A,0.00000038,0.00001525,0.00003070,0.80184413,0.99655686,0.875061,False,False,2168,80,71666,78819,150499
8192,Uniform_Small,190,1,0,N/A,0.00000135,0.00001550,0.00003117,0.83562640,0.99651128,0.872986,False,False,2152,64,70900,78784,149698
8192,Uniform_Small,191,0,0,N/A,0.00000004,0.00001551,0.00003130,0.82664801,0.99650310,0.872925,False,False,2234,112,72218,79025,151257
8192,Uniform_Small,192,1,0,N/A,0.00000053,0.00001568,0.00003097,0.84097613,0.99643612,0.871582,False,False,2136,48,70490,78985,149489
8192,Uniform_Small,193,1,0,N/A,0.00000011,0.00001556,0.00003101,0.82523884,0.99644498,0.872528,False,False,2152,64,71974,79020,151008
8192,Uniform_Small,194,1,0,N/A,0.00000054,0.00001533,0.00003129,0.81757783,0.99659071,0.874390,False,False,2120,32,71727,80240,151981
8192,Uniform_Small,195,1,0,N/A,0.00000019,0.00001559,0.00003100,0.83444618,0.99642036,0.872253,False,False,2168,80,72233,78826,151073
8192,Uniform_Small,196,0,0,N/A,0.00000000,0.00001555,0.00003089,0.85624198,0.99646106,0.872620,False,False,2136,48,71413,78818,150245
8192,Uniform_Small,197,0,0,N/A,0.00000004,0.00001568,0.00003153,0.84413814,0.99646730,0.871552,False,False,2168,80,75098,78603,153715
8192,Uniform_Small,198,1,0,N/A,0.00000008,0.00001552,0.00003084,0.82425639,0.99648907,0.872894,False,False,2121,16,77150,79628,156792
8192,Uniform_Small,199,1,0,N/A,0.00000025,0.00001547,0.00003097,0.83724258,0.99652065,0.873291,False,False,2168,64,70837,84011,154862
8192,Uniform_Full,200,1,0,N/A,0.00001085,0.00000578,0.00003190,0.29367609,0.99966068,0.952637,True,False,2152,64,71665,79692,151371
8192,Uniform_Full,201,1,0,N/A,0.00000862,0.00000605,0.00003657,0.30252803,0.99966862,0.950409,True,False,2201,96,72608,80427,153049
8192,Uniform_Full,202,1,0,N/A,0.00000088,0.00000582,0.00003299,0.27961060,0.99966573,0.952362,True,False,2152,64,69940,79651,149605
8192,Uniform_Full,203,1,0,N/A,0.00000507,0.00000603,0.00003600,0.29055391,0.99966625,0.950592,True,False,2184,96,70531,79080,149625
8192,Uniform_Full,204,1,0,N/A,0.00000305,0.00000614,0.00003646,0.29329718,0.99965023,0.949707,True,False,2152,64,69949,79136,149099
8192,Uniform_Full,205,1,0,N/A,0.00000541,0.00000582,0.00003146,0.29948358,0.99965665,0.952362,True,False,2153,48,70760,79096,149870
8192,Uniform_Full,206,1,0,N/A,0.00000003,0.00000573,0.00003165,0.28892075,0.99966821,0.953094,True,False,2136,48,71098,78686,149798
8192,Uniform_Full,207,1,0,N/A,0.00001392,0.00000606,0.00003342,0.29037741,0.99964953,0.950348,True,False,2184,96,72675,78923,151612
8192,Uniform_Full,208,1,0,N/A,0.00000733,0.00000564,0.00003197,0.27293180,0.99968175,0.953827,True,False,2120,32,71476,79913,151403
8192,Uniform_Full,209,1,0,N/A,0.00001405,0.00000587,0.00003302,0.29197140,0.99966052,0.951935,True,False,2120,32,71502,79221,150737
8192,Uniform_Full,210,0,0,N/A,0.00000006,0.00000585,0.00003464,0.29013265,0.99967354,0.952118,True,False,2168,80,71279,79743,151036
8192,Uniform_Full,211,1,0,N/A,0.00000394,0.00000581,0.00003251,0.28377619,0.99966467,0.952393,True,False,2170,48,72568,80102,152684
8192,Uniform_Full,212,1,0,N/A,0.00000137,0.00000599,0.00003442,0.29177096,0.99965677,0.950928,True,False,2169,64,71540,84733,156287
8192,Uniform_Full,213,1,0,N/A,0.00000982,0.00000610,0.00003808,0.29396324,0.99967644,0.950043,True,False,2168,80,72349,79200,151563
8192,Uniform_Full,214,1,0,N/A,0.00000505,0.00000593,0.00003239,0.29098331,0.99964455,0.951447,True,False,2169,64,72689,79940,152643
8192,Uniform_Full,215,1,0,N/A,0.00000316,0.00000605,0.00003440,0.28834356,0.99964738,0.950439,True,False,2153,48,71174,78912,150100
8192,Uniform_Full,216,1,0,N/A,0.00001362,0.00000556,0.00003151,0.27135631,0.99968901,0.954437,True,False,2105,0,71187,78570,149771
8192,Uniform_Full,217,1,0,N/A,0.00000391,0.00000590,0.00003406,0.29415852,0.99966354,0.951660,True,False,2153,48,72022,78686,150722
8192,Uniform_Full,218,1,0,N/A,0.00000046,0.00000604,0.00003470,0.29155661,0.99966857,0.950531,True,False,2120,32,70790,79122,149926
8192,Uniform_Full,219,1,0,N/A,0.00000200,0.00000576,0.00003263,0.27845191,0.99967214,0.952820,True,False,2120,32,71292,79397,150703
8192,Uniform_Full,220,1,0,N/A,0.00000561,0.00000565,0.00003144,0.28496751,0.99968948,0.953705,True,False,2136,48,70592,78993,149599
8192,Uniform_Full,221,1,0,N/A,0.00000493,0.00000606,0.00003608,0.29954091,0.99965354,0.950348,True,False,2136,48,73044,80628,153686
8192,Uniform_Full,222,0,0,N/A,0.00000003,0.00000590,0.00003404,0.29765060,0.99966999,0.951691,True,False,2120,32,69950,79209,149173
8192,Uniform_Full,223,1,0,N/A,0.00000005,0.00000602,0.00003526,0.28467386,0.99965954,0.950714,True,False,2184,96,71291,85863,157168
8192,Uniform_Full,224,1,0,N/A,0.00000473,0.00000608,0.00003485,0.29823153,0.99966489,0.950195,True,False,2169,64,71684,79411,151109
8192,Uniform_Full,225,1,0,N/A,0.00000087,0.00000576,0.00003217,0.27969245,0.99967742,0.952789,True,False,2120,32,71649,78980,150643
8192,Uniform_Full,226,1,0,N/A,0.00000360,0.00000566,0.00003149,0.27332455,0.99965888,0.953613,True,False,2136,48,70036,78731,148781
8192,Uniform_Full,227,1,0,N/A,0.00000517,0.00000577,0.00003108,0.28995366,0.99966723,0.952698,True,False,2104,16,72905,80729,153648
8192,Uniform_Full,228,1,0,N/A,0.00000486,0.00000604,0.00003573,0.29038451,0.99966864,0.950500,True,False,2152,64,71540,79478,151032
8192,Uniform_Full,229,1,0,N/A,0.00000104,0.00000573,0.00003171,0.28964133,0.99967427,0.953064,True,False,2104,16,70598,78755,149367
8192,Uniform_Full,230,1,0,N/A,0.00001085,0.00000593,0.00003492,0.28760891,0.99966201,0.951385,True,False,2204,112,71508,79338,150860
8192,Uniform_Full,231,1,0,N/A,0.00000109,0.00000592,0.00003440,0.29128013,0.99966309,0.951477,True,False,2184,96,72168,79953,152135
8192,Uniform_Full,232,1,0,N/A,0.00000558,0.00000584,0.00003403,0.29408547,0.99966150,0.952179,True,False,2169,64,71035,78856,149905
8192,Uniform_Full,233,1,0,N/A,0.00000053,0.00000577,0.00003354,0.27847772,0.99967404,0.952698,True,False,2184,96,71898,78281,150193
8192,Uniform_Full,234,1,0,N/A,0.00000240,0.00000577,0.00003161,0.28929325,0.99966817,0.952728,True,False,2137,32,72114,79033,151161
8192,Uniform_Full,235,1,0,N/A,0.00000070,0.00000582,0.00003208,0.30226452,0.99967368,0.952362,True,False,2136,48,70308,80503,150825
8192,Uniform_Full,236,1,0,N/A,0.00000049,0.00000601,0.00003394,0.30569010,0.99965833,0.950745,True,False,2169,64,74514,80511,155039
8192,Uniform_Full,237,1,0,N/A,0.00000068,0.00000596,0.00003153,0.30110738,0.99964174,0.951202,True,False,2104,16,71201,82845,154060
8192,Uniform_Full,238,1,0,N/A,0.00000075,0.00000596,0.00003519,0.28725457,0.99965899,0.951141,True,False,2200,112,70583,83751,154348
8192,Uniform_Full,239,1,0,N/A,0.00001341,0.00000584,0.00003204,0.29063881,0.99966584,0.952148,True,False,2120,32,72924,80677,153615
8192,Uniform_Full,240,1,0,N/A,0.00000292,0.00000593,0.00003397,0.29490774,0.99967669,0.951385,True,False,2216,128,71137,78642,149793
8192,Uniform_Full,241,1,0,N/A,0.00000234,0.00000613,0.00003574,0.29917109,0.99965775,0.949768,True,False,2168,80,71553,78690,150257
8192,Uniform_Full,242,1,0,N/A,0.00000474,0.00000592,0.00003453,0.28597937,0.99965780,0.951477,True,False,2136,48,71483,78662,150159
8192,Uniform_Full,243,0,0,N/A,0.00000001,0.00000583,0.00003180,0.28027231,0.99964260,0.952271,True,False,2105,0,72058,79803,151875
8192,Uniform_Full,244,1,0,N/A,0.00000710,0.00000591,0.00003202,0.29779544,0.99965517,0.951569,True,False,2136,48,71210,79462,150686
8192,Uniform_Full,245,1,0,N/A,0.00001047,0.00000582,0.00003353,0.28298334,0.99967913,0.952362,True,False,2154,32,71346,79371,150731
8192,Uniform_Full,246,1,0,N/A,0.00001000,0.00000605,0.00003484,0.29948909,0.99964975,0.950470,True,False,2120,32,70976,78134,149124
8192,Uniform_Full,247,1,0,N/A,0.00000310,0.00000581,0.00003412,0.28734828,0.99966628,0.952393,True,False,2104,16,70499,78993,149506
8192,Uniform_Full,248,1,0,N/A,0.00000921,0.00000585,0.00003153,0.30138725,0.99965000,0.952118,True,False,2169,64,71695,79646,151355
8192,Uniform_Full,249,1,0,N/A,0.00001068,0.00000586,0.00003097,0.28818833,0.99964996,0.951996,True,False,2088,0,71810,80058,151882
8192,Uniform_Full,250,1,0,N/A,0.00000734,0.00000555,0.00003191,0.27627417,0.99967560,0.954529,True,False,2120,32,71577,78830,150421
8192,Uniform_Full,251,1,0,N/A,0.00000229,0.00000588,0.00003474,0.29245368,0.99967568,0.951843,True,False,2152,64,71707,79287,151008
8192,Uniform_Full,252,1,0,N/A,0.00000370,0.00000616,0.00003534,0.28772305,0.99964254,0.949524,True,False,2168,80,71095,79308,150417
8192,Uniform_Full,253,1,0,N/A,0.00000355,0.00000628,0.00003784,0.29942356,0.99964700,0.948517,True,False,2216,128,72272,79852,152138
8192,Uniform_Full,254,1,0,N/A,0.00000429,0.00000624,0.00003771,0.29751275,0.99965507,0.948853,True,False,2202,80,70981,79450,150445
8192,Uniform_Full,255,1,0,N/A,0.00000692,0.00000566,0.00003187,0.29050608,0.99967823,0.953613,True,False,2136,48,75583,80948,156545
8192,Uniform_Full,256,1,0,N/A,0.00000873,0.00000579,0.00003197,0.28706061,0.99966874,0.952606,True,False,2136,48,69871,79183,149068
8192,Uniform_Full,257,1,0,N/A,0.00000049,0.00000587,0.00003254,0.29690156,0.99965284,0.951904,True,False,2152,64,70954,79092,150060
8192,Uniform_Full,258,1,0,N/A,0.00000396,0.00000599,0.00003344,0.30060015,0.99964894,0.950897,True,False,2202,80,71810,78449,150273
8192,Uniform_Full,259,1,0,N/A,0.00000806,0.00000593,0.00003456,0.30115595,0.99967049,0.951447,True,False,2136,48,72352,79187,151553
8192,Uniform_Full,260,1,0,N/A,0.00000005,0.00000574,0.00003417,0.28926301,0.99967803,0.952942,True,False,2185,80,70260,78651,148925
8192,Uniform_Full,261,1,0,N/A,0.00000293,0.00000586,0.00003273,0.29248880,0.99966546,0.951996,True,False,2120,32,71522,79522,151058
8192,Uniform_Full,262,1,0,N/A,0.00000093,0.00000566,0.00003169,0.28664923,0.99966834,0.953674,True,False,2104,16,69857,79069,148940
8192,Uniform_Full,263,1,0,N/A,0.00000148,0.00000608,0.00003482,0.29756934,0.99965555,0.950226,True,False,2232,144,71327,79312,150653
8192,Uniform_Full,264,1,0,N/A,0.00000361,0.00000577,0.00003218,0.28128234,0.99967469,0.952759,True,False,2169,64,71467,83391,154872
8192,Uniform_Full,265,1,0,N/A,0.00000517,0.00000577,0.00003074,0.28925014,0.99965923,0.952759,True,False,2104,16,74308,78860,153182
8192,Uniform_Full,266,1,0,N/A,0.00000512,0.00000584,0.00003153,0.29440960,0.99966702,0.952148,True,False,2104,16,70646,79293,149953
8192,Uniform_Full,267,1,0,N/A,0.00000132,0.00000573,0.00003324,0.28364578,0.99968262,0.953064,True,False,2136,48,71533,79758,151305
8192,Uniform_Full,268,1,0,N/A,0.00000130,0.00000582,0.00003295,0.29080343,0.99966874,0.952301,True,False,2168,80,71312,79222,150548
8192,Uniform_Full,269,1,0,N/A,0.00000293,0.00000609,0.00003577,0.28220059,0.99966567,0.950073,True,False,2250,128,72622,80266,152902
8192,Uniform_Full,270,1,0,N/A,0.00000018,0.00000589,0.00003291,0.28734296,0.99966493,0.951721,True,False,2136,48,71361,79643,151018
8192,Uniform_Full,271,1,0,N/A,0.00000489,0.00000622,0.00003626,0.29920137,0.99964936,0.949036,True,False,2169,64,71145,79668,150827
8192,Uniform_Full,272,1,0,N/A,0.00000479,0.00000617,0.00004064,0.29040361,0.99967598,0.949463,True,False,2233,128,71166,79189,150369
8192,Uniform_Full,273,1,0,N/A,0.00000492,0.00000576,0.00003270,0.29631062,0.99966668,0.952850,True,False,2120,32,71475,79538,151027
8192,Uniform_Full,274,1,0,N/A,0.00000032,0.00000568,0.00003167,0.28562497,0.99967323,0.953491,True,False,2136,48,71344,79323,150681
8192,Uniform_Full,275,1,0,N/A,0.00000403,0.00000597,0.00003193,0.29699627,0.99965547,0.951111,True,False,2120,32,71823,79634,151471
8192,Uniform_Full,276,1,0,N/A,0.00000042,0.00000589,0.00003255,0.29117002,0.99966491,0.951721,True,False,2185,80,71241,79852,151107
8192,Uniform_Full,277,1,0,N/A,0.00000926,0.00000588,0.00003302,0.28670354,0.99965816,0.951843,True,False,2153,48,72020,83937,155971
8192,Uniform_Full,278,1,0,N/A,0.00000689,0.00000565,0.00003159,0.28655185,0.99968597,0.953766,True,False,2120,32,73303,81387,154704
8192,Uniform_Full,279,1,0,N/A,0.00001131,0.00000595,0.00003433,0.29544685,0.99965680,0.951294,True,False,2170,48,73101,80231,153346
8192,Uniform_Full,280,1,0,N/A,0.00000396,0.00000589,0.00003296,0.29059736,0.99966926,0.951752,True,False,2168,80,70795,79760,150569
8192,Uniform_Full,281,1,0,N/A,0.00000515,0.00000637,0.00003983,0.29914463,0.99965352,0.947815,True,False,2216,128,71875,78491,150380
8192,Uniform_Full,282,1,0,N/A,0.00000723,0.00000590,0.00003423,0.29678520,0.99966282,0.951660,True,False,2169,64,71457,78738,150209
8192,Uniform_Full,283,1,0,N/A,0.00000113,0.00000604,0.00003300,0.30205774,0.99965303,0.950562,True,False,2154,32,71618,79264,150896
8192,Uniform_Full,284,1,0,N/A,0.00000342,0.00000603,0.00003333,0.30955340,0.99964415,0.950623,True,False,2217,112,71621,78727,150362
8192,Uniform_Full,285,1,0,N/A,0.00000455,0.00000620,0.00003642,0.29391081,0.99967292,0.949219,True,False,2152,64,73723,79851,153588
8192,Uniform_Full,286,1,0,N/A,0.00000082,0.00000570,0.00003319,0.28450459,0.99967683,0.953339,True,False,2136,48,70448,79334,149796
8192,Uniform_Full,287,1,0,N/A,0.00001129,0.00000599,0.00003496,0.28426250,0.99966315,0.950958,True,False,2152,64,71129,80072,151215
8192,Uniform_Full,288,1,0,N/A,0.00000235,0.00000578,0.00003343,0.29166454,0.99967614,0.952667,True,False,2136,48,70701,79956,150671
8192,Uniform_Full,289,1,0,N/A,0.00000082,0.00000590,0.00003265,0.29573908,0.99965999,0.951660,True,False,2104,16,70927,79280,150221
8192,Uniform_Full,290,1,0,N/A,0.00000292,0.00000604,0.00003395,0.29435160,0.99965291,0.950562,True,False,2184,96,71489,78918,150421
8192,Uniform_Full,291,1,0,N/A,0.00000094,0.00000580,0.00003200,0.28972695,0.99965239,0.952515,True,False,2152,64,71516,79075,150605
8192,Uniform_Full,292,1,0,N/A,0.00000083,0.00000596,0.00003260,0.28705671,0.99965319,0.951172,True,False,2152,64,71426,79444,150884
8192,Uniform_Full,293,1,0,N/A,0.00000200,0.00000576,0.00003114,0.29938135,0.99966538,0.952850,True,False,2104,16,76841,79496,156351
8192,Uniform_Full,294,1,0,N/A,0.00000152,0.00000596,0.00003549,0.28724910,0.99967111,0.951202,True,False,2168,80,73902,97282,171198
8192,Uniform_Full,295,1,0,N/A,0.00000331,0.00000584,0.00003347,0.28796256,0.99966565,0.952179,True,False,2185,80,72821,80195,153030
8192,Uniform_Full,296,1,0,N/A,0.00000019,0.00000585,0.00003285,0.29578542,0.99965476,0.952087,True,False,2142,32,70802,84073,154889
8192,Uniform_Full,297,1,0,N/A,0.00000136,0.00000584,0.00003273,0.28766463,0.99966494,0.952179,True,False,2186,64,70694,79606,150314
8192,Uniform_Full,298,1,0,N/A,0.00000549,0.00000592,0.00003284,0.29343012,0.99965177,0.951508,True,False,2168,80,69463,78886,148363
8192,Uniform_Full,299,1,0,N/A,0.00000255,0.00000582,0.00003259,0.28496251,0.99967187,0.952301,True,False,2152,64,72226,78408,150648
8192,Uniform_Full,300,1,0,N/A,0.00000058,0.00000579,0.00003422,0.28870177,0.99966565,0.952545,True,False,2153,48,73621,86947,160582
8192,Uniform_Full,301,1,0,N/A,0.00000118,0.00000579,0.00003181,0.29810302,0.99965494,0.952545,True,False,2120,32,69717,80524,150255
8192,Uniform_Full,302,1,0,N/A,0.00000111,0.00000581,0.00003144,0.29185708,0.99965305,0.952423,True,False,2104,16,72020,78977,151011
8192,Uniform_Full,303,1,0,N/A,0.00000434,0.00000595,0.00003462,0.29003722,0.99966620,0.951294,True,False,2184,96,71523,79240,150777
8192,Uniform_Full,304,1,0,N/A,0.00000231,0.00000611,0.00003614,0.29754836,0.99965709,0.949951,True,False,2217,112,71332,80105,151451
8192,Uniform_Full,305,1,0,N/A,0.00000444,0.00000608,0.00003404,0.28827990,0.99965816,0.950226,True,False,2136,48,71421,78749,150184
8192,Uniform_Full,306,1,0,N/A,0.00000187,0.00000595,0.00003697,0.29532798,0.99968030,0.951233,True,False,2202,80,71221,83527,154762
8192,Uniform_Full,307,1,0,N/A,0.00000165,0.00000588,0.00003305,0.28924459,0.99965632,0.951874,True,False,2104,16,75669,80369,156052
8192,Uniform_Full,308,1,0,N/A,0.00000833,0.00000574,0.00003174,0.28776956,0.99968215,0.952942,True,False,2104,16,75331,79359,154704
8192,Uniform_Full,309,1,0,N/A,0.00000173,0.00000571,0.00003409,0.27756929,0.99968374,0.953217,True,False,2152,64,72075,84497,156586
8192,Uniform_Full,310,1,0,N/A,0.00000064,0.00000575,0.00003267,0.28820778,0.99966906,0.952911,True,False,2152,64,71324,83038,154376
8192,Uniform_Full,311,1,0,N/A,0.00001129,0.00000587,0.00003229,0.29390667,0.99965902,0.951935,True,False,2120,32,72305,79038,151357
8192,Uniform_Full,312,1,0,N/A,0.00001239,0.00000588,0.00003473,0.29448936,0.99966997,0.951813,True,False,2136,48,71200,84149,155363
8192,Uniform_Full,313,1,0,N/A,0.00001013,0.00000562,0.00003273,0.28212785,0.99968409,0.953949,True,False,2136,48,70339,79390,149743
8192,Uniform_Full,314,1,0,N/A,0.00000280,0.00000572,0.00003200,0.28266934,0.99966660,0.953125,True,False,2136,48,71063,79485,150562
8192,Uniform_Full,315,1,0,N/A,0.00000043,0.00000590,0.00003155,0.29826910,0.99964344,0.951660,True,False,2152,64,70731,79725,150470
8192,Uniform_Full,316,1,0,N/A,0.00001045,0.00000567,0.00003152,0.28070591,0.99967435,0.953522,True,False,2120,32,72645,78329,150988
8192,Uniform_Full,317,1,0,N/A,0.00000371,0.00000585,0.00003332,0.28457741,0.99967341,0.952057,True,False,2184,96,72754,79163,151931
8192,Uniform_Full,318,1,0,N/A,0.00000516,0.00000585,0.00003491,0.29067036,0.99969237,0.952118,True,False,2168,80,71101,78842,149957
8192,Uniform_Full,319,1,0,N/A,0.00000709,0.00000606,0.00003494,0.29303172,0.99967081,0.950378,True,False,2184,96,71055,79023,150092
8192,Uniform_Full,320,1,0,N/A,0.00000166,0.00000584,0.00003464,0.29689031,0.99967901,0.952148,True,False,2201,96,70646,80497,151157
8192,Uniform_Full,321,1,0,N/A,0.00000513,0.00000608,0.00003761,0.28823401,0.99967652,0.950165,True,False,2184,96,72598,81087,153699
8192,Uniform_Full,322,1,0,N/A,0.00000106,0.00000574,0.00003181,0.29481638,0.99966154,0.952942,True,False,2136,48,70964,80826,151804
8192,Uniform_Full,323,1,0,N/A,0.00000267,0.00000562,0.00003161,0.27702313,0.99967047,0.953979,True,False,2104,16,73400,80091,153505
8192,Uniform_Full,324,1,0,N/A,0.00000150,0.00000593,0.00003294,0.28581725,0.99964675,0.951385,True,False,2152,64,70664,79499,150177
8192,Uniform_Full,325,1,0,N/A,0.00000966,0.00000589,0.00003169,0.29232688,0.99964989,0.951752,True,False,2185,80,71609,78689,150312
8192,Uniform_Full,326,1,0,N/A,0.00001360,0.00000604,0.00003496,0.30331178,0.99966008,0.950531,True,False,2120,32,71374,79061,150449
8192,Uniform_Full,327,1,0,N/A,0.00000672,0.00000602,0.00003474,0.30584643,0.99966194,0.950653,True,False,2184,96,72099,78920,151033
8192,Uniform_Full,328,1,0,N/A,0.00000057,0.00000580,0.00003207,0.29107078,0.99965896,0.952484,True,False,2136,48,71401,78693,150108
8192,Uniform_Full,329,1,0,N/A,0.00000069,0.00000592,0.00003317,0.29134940,0.99965442,0.951508,True,False,2200,112,70987,79320,150321
8192,Uniform_Full,330,1,0,N/A,0.00000211,0.00000597,0.00003167,0.29563867,0.99964169,0.951111,True,False,2136,48,71111,80339,151464
8192,Uniform_Full,331,1,0,N/A,0.00000232,0.00000615,0.00003718,0.29378731,0.99967167,0.949646,True,False,2152,64,69877,79186,149077
8192,Uniform_Full,332,1,0,N/A,0.00000077,0.00000572,0.00003260,0.26661916,0.99967475,0.953125,True,False,2136,48,71177,79235,150426
8192,Uniform_Full,333,1,0,N/A,0.00000542,0.00000609,0.00003464,0.29684098,0.99965305,0.950073,True,False,2152,64,71034,78675,149723
8192,Uniform_Full,334,1,0,N/A,0.00000210,0.00000601,0.00003509,0.29650298,0.99966706,0.950745,True,False,2216,128,71683,78591,150288
8192,Uniform_Full,335,1,0,N/A,0.00000351,0.00000594,0.00003464,0.29726277,0.99966587,0.951355,True,False,2168,80,72092,79321,151427
8192,Uniform_Full,336,1,0,N/A,0.00001061,0.00000569,0.00003149,0.29080451,0.99965913,0.953400,True,False,2136,48,71180,78555,149749
8192,Uniform_Full,337,1,0,N/A,0.00000639,0.00000588,0.00003236,0.29519994,0.99965047,0.951874,True,False,2152,64,71039,78842,149895
8192,Uniform_Full,338,1,0,N/A,0.00000282,0.00000586,0.00003406,0.28332124,0.99967636,0.951996,True,False,2201,96,75854,80391,156259
8192,Uniform_Full,339,1,0,N/A,0.00000108,0.00000577,0.00003326,0.29527380,0.99967334,0.952728,True,False,2153,48,71252,79682,150948
8192,Uniform_Full,340,1,0,N/A,0.00000143,0.00000592,0.00003391,0.28744057,0.99965558,0.951538,True,False,2152,64,71082,79207,150303
8192,Uniform_Full,341,1,0,N/A,0.00000768,0.00000603,0.00003665,0.28908842,0.99967617,0.950623,True,False,2200,96,70441,79367,149822
8192,Uniform_Full,342,1,0,N/A,0.00000200,0.00000619,0.00003426,0.30334403,0.99963057,0.949280,True,False,2152,64,70162,83325,153501
8192,Uniform_Full,343,1,0,N/A,0.00000029,0.00000579,0.00003136,0.28736922,0.99966678,0.952545,True,False,2168,80,71430,78630,150074
8192,Uniform_Full,344,1,0,N/A,0.00000209,0.00000603,0.00003473,0.27859508,0.99967191,0.950623,True,False,2218,96,72768,80570,153352
8192,Uniform_Full,345,1,0,N/A,0.00000205,0.00000572,0.00003182,0.28637204,0.99968410,0.953125,True,False,2170,48,74761,85357,160132
8192,Uniform_Full,346,1,0,N/A,0.00000178,0.00000611,0.00003353,0.30517178,0.99963573,0.949921,True,False,2120,32,75332,81363,156709
8192,Uniform_Full,347,1,0,N/A,0.00001018,0.00000576,0.00003192,0.28990679,0.99967056,0.952850,True,False,2088,0,71022,78741,149777
8192,Uniform_Full,348,1,0,N/A,0.00000655,0.00000586,0.00003212,0.30284556,0.99966131,0.951965,True,False,2169,64,69506,78530,148050
8192,Uniform_Full,349,1,0,N/A,0.00000576,0.00000581,0.00003353,0.28315387,0.99966707,0.952423,True,False,2120,32,71933,81104,153051
8192,Uniform_Full,350,1,0,N/A,0.00000109,0.00000606,0.00003262,0.30424129,0.99963300,0.950317,True,False,2136,48,70479,79516,150009
8192,Uniform_Full,351,1,0,N/A,0.00000132,0.00000584,0.00003354,0.30111970,0.99967342,0.952148,True,False,2136,48,72078,81059,153151
8192,Uniform_Full,352,1,0,N/A,0.00000538,0.00000595,0.00003289,0.29551746,0.99964806,0.951233,True,False,2169,64,71891,79070,150975
8192,Uniform_Full,353,1,0,N/A,0.00000052,0.00000581,0.00003158,0.29746014,0.99965523,0.952393,True,False,2104,16,72391,79263,151668
8192,Uniform_Full,354,1,0,N/A,0.00000458,0.00000601,0.00003339,0.30187448,0.99964397,0.950806,True,False,2136,48,70619,80177,150810
8192,Uniform_Full,355,1,0,N/A,0.00000593,0.00000576,0.00003319,0.28671296,0.99966326,0.952850,True,False,2153,48,72766,80293,153073
8192,Uniform_Full,356,1,0,N/A,0.00000037,0.00000570,0.00003208,0.28976240,0.99968080,0.953308,True,False,2168,80,70922,79834,150770
8192,Uniform_Full,357,1,0,N/A,0.00000253,0.00000573,0.00003341,0.28491144,0.99967724,0.953094,True,False,2137,32,72293,80594,152901
8192,Uniform_Full,358,1,0,N/A,0.00000040,0.00000602,0.00003471,0.29407611,0.99965801,0.950714,True,False,2168,80,70538,79536,150088
8192,Uniform_Full,359,1,0,N/A,0.00001205,0.00000599,0.00003454,0.28982684,0.99966234,0.950897,True,False,2184,96,72196,79250,151460
8192,Uniform_Full,360,0,0,N/A,0.00000003,0.00000578,0.00003190,0.29256157,0.99967484,0.952667,True,False,2136,48,71468,80364,151846
8192,Uniform_Full,361,1,0,N/A,0.00000591,0.00000613,0.00003336,0.29825870,0.99963457,0.949768,True,False,2234,112,76766,78842,155622
8192,Uniform_Full,362,1,0,N/A,0.00000245,0.00000573,0.00003189,0.29121613,0.99966791,0.953064,True,False,2186,64,71649,85168,156831
8192,Uniform_Full,363,1,0,N/A,0.00000412,0.00000602,0.00003387,0.30576697,0.99966224,0.950653,True,False,2184,96,70526,80136,150676
8192,Uniform_Full,364,1,0,N/A,0.00000243,0.00000602,0.00003624,0.28822327,0.99965965,0.950684,True,False,2152,64,70369,79124,149507
8192,Uniform_Full,365,1,0,N/A,0.00000436,0.00000586,0.00003297,0.29922616,0.99966472,0.952026,True,False,2152,64,71243,79466,150723
8192,Uniform_Full,366,1,0,N/A,0.00000912,0.00000624,0.00003702,0.29239930,0.99965169,0.948883,True,False,2152,64,70432,79105,149551
8192,Uniform_Full,367,1,0,N/A,0.00000179,0.00000574,0.00003314,0.29110796,0.99967910,0.952942,True,False,2152,64,72766,79759,152539
8192,Uniform_Full,368,1,0,N/A,0.00000113,0.00000570,0.00003270,0.28039178,0.99968162,0.953308,True,False,2154,32,71219,79846,151079
8192,Uniform_Full,369,1,0,N/A,0.00000076,0.00000594,0.00003508,0.29949619,0.99967551,0.951324,True,False,2136,48,72782,79542,152338
8192,Uniform_Full,370,0,0,N/A,0.00000008,0.00000563,0.00003186,0.29960498,0.99967725,0.953949,True,False,2120,32,71847,79229,151090
8192,Uniform_Full,371,1,0,N/A,0.00000435,0.00000594,0.00003520,0.28264071,0.99966704,0.951324,True,False,2168,80,72688,81191,153893
8192,Uniform_Full,372,1,0,N/A,0.00000395,0.00000622,0.00003617,0.29676605,0.99964869,0.949036,True,False,2136,48,70378,78701,149093
8192,Uniform_Full,373,1,0,N/A,0.00001196,0.00000565,0.00003193,0.28730118,0.99967768,0.953705,True,False,2120,32,71323,80332,151669
8192,Uniform_Full,374,1,0,N/A,0.00000150,0.00000583,0.00003271,0.29232540,0.99966757,0.952240,True,False,2136,48,70465,79296,149775
8192,Uniform_Full,375,1,0,N/A,0.00000198,0.00000580,0.00003226,0.28032634,0.99966726,0.952484,True,False,2137,32,71317,79187,150518
8192,Uniform_Full,376,1,0,N/A,0.00000815,0.00000609,0.00003426,0.30163762,0.99965282,0.950134,True,False,2168,80,69790,80589,150393
8192,Uniform_Full,377,1,0,N/A,0.00000765,0.00000590,0.00003221,0.29963515,0.99964797,0.951660,True,False,2136,48,71545,79230,150789
8192,Uniform_Full,378,1,0,N/A,0.00000768,0.00000585,0.00003113,0.29771588,0.99964635,0.952057,True,False,2136,48,70766,79238,150018
8192,Uniform_Full,379,1,0,N/A,0.00000142,0.00000601,0.00003364,0.29572475,0.99967080,0.950775,True,False,2168,80,71801,78818,150633
8192,Uniform_Full,380,1,0,N/A,0.00000049,0.00000580,0.00003219,0.30078268,0.99966567,0.952454,True,False,2120,32,71431,79185,150630
8192,Uniform_Full,381,1,0,N/A,0.00000267,0.00000590,0.00003158,0.30738683,0.99966555,0.951691,True,False,2138,16,72072,80846,152932
8192,Uniform_Full,382,1,0,N/A,0.00000747,0.00000588,0.00003264,0.28576010,0.99965480,0.951843,True,False,2136,48,70943,80093,151050
8192,Uniform_Full,383,1,0,N/A,0.00000087,0.00000586,0.00003134,0.29024641,0.99966054,0.951996,True,False,2152,64,70610,78477,149101
8192,Uniform_Full,384,1,0,N/A,0.00000612,0.00000585,0.00003131,0.29819507,0.99964382,0.952118,True,False,2138,16,71358,78993,150365
8192,Uniform_Full,385,1,0,N/A,0.00000834,0.00000579,0.00003198,0.29318032,0.99966451,0.952576,True,False,2088,0,72382,79404,151800
8192,Uniform_Full,386,1,0,N/A,0.00000022,0.00000582,0.00003245,0.27924071,0.99966180,0.952332,True,False,2120,32,72220,79658,151892
8192,Uniform_Full,387,1,0,N/A,0.00000422,0.00000581,0.00003170,0.29113880,0.99964936,0.952454,True,False,2137,32,72110,79804,151928
8192,Uniform_Full,388,1,0,N/A,0.00000155,0.00000565,0.00003057,0.27715984,0.99966913,0.953735,True,False,2104,16,71436,79392,150842
8192,Uniform_Full,389,1,0,N/A,0.00000157,0.00000616,0.00003656,0.29729814,0.99964641,0.949554,True,False,2234,112,71656,79564,151234
8192,Uniform_Full,390,1,0,N/A,0.00000425,0.00000589,0.00003148,0.29634330,0.99965712,0.951752,True,False,2121,16,70572,79926,150512
8192,Uniform_Full,391,1,0,N/A,0.00000039,0.00000575,0.00003219,0.28857349,0.99966670,0.952881,True,False,2152,64,70961,79720,150695
8192,Uniform_Full,392,1,0,N/A,0.00000068,0.00000572,0.00003285,0.28303947,0.99966038,0.953125,True,False,2152,64,70344,79194,149552
8192,Uniform_Full,393,1,0,N/A,0.00000135,0.00000595,0.00003298,0.30050147,0.99966819,0.951294,True,False,2136,48,72026,80144,152184
8192,Uniform_Full,394,1,0,N/A,0.00000586,0.00000602,0.00003502,0.30497928,0.99965873,0.950714,True,False,2184,96,71723,79155,150892
8192,Uniform_Full,395,1,0,N/A,0.00000218,0.00000589,0.00003454,0.28216521,0.99966066,0.951782,True,False,2152,64,71752,79143,150909
8192,Uniform_Full,396,1,0,N/A,0.00000010,0.00000567,0.00003221,0.28322692,0.99968274,0.953552,True,False,2136,48,70892,83098,154004
8192,Uniform_Full,397,1,0,N/A,0.00000489,0.00000600,0.00003730,0.29069977,0.99968140,0.950867,True,False,2216,128,72474,85514,158002
8192,Uniform_Full,398,1,0,N/A,0.00000440,0.00000590,0.00003251,0.30331094,0.99965864,0.951660,True,False,2136,48,72059,79407,151480
8192,Uniform_Full,399,1,0,N/A,0.00000283,0.00000585,0.00003237,0.29774849,0.99967014,0.952118,True,False,2136,48,70569,78965,149548
8192,Gaussian_s2,400,1,1,1,0.04220024,0.00001183,0.01497389,0.74696107,0.98957494,0.913879,True,False,2136,48,71323,78656,149993
8192,Gaussian_s2,401,1,1,1,0.00538815,0.00001048,0.00005731,0.78844245,0.99984298,0.914856,True,False,2152,64,70797,79259,150070
8192,Gaussian_s2,402,1,1,1,0.03157211,0.00001041,0.00014044,0.76592125,0.99980450,0.916718,True,False,2088,0,71784,79323,151121
8192,Gaussian_s2,403,1,1,1,0.00266425,0.00001110,0.00003709,0.78144521,0.99966752,0.909058,True,False,2201,96,71572,79049,150635
8192,Gaussian_s2,404,1,1,1,0.00305704,0.00001020,0.00007129,0.77530638,0.99984918,0.917175,True,False,2169,64,73575,79417,153006
8192,Gaussian_s2,405,1,1,1,0.01232416,0.00001036,0.00008716,0.79096919,0.99985215,0.915985,True,False,2153,48,72203,78602,150819
8192,Gaussian_s2,406,1,1,1,0.01162807,0.00001096,0.00003522,0.79562183,0.99967674,0.910706,True,False,2136,48,70314,79498,149826
8192,Gaussian_s2,407,1,1,1,0.03393327,0.00001204,0.01544636,0.77828208,0.98927519,0.915100,True,False,2152,64,72895,80732,153641
8192,Gaussian_s2,408,1,1,1,0.08159628,0.00001869,0.05492231,0.76405769,0.93453370,0.914154,True,False,2168,80,70634,78839,149487
8192,Gaussian_s2,409,1,1,1,0.00123034,0.00001091,0.00006909,0.78716526,0.99975701,0.910645,True,False,2170,48,71706,78677,150397
8192,Gaussian_s2,410,1,1,1,0.04076985,0.00001088,0.00461714,0.76348571,0.99888723,0.915375,True,False,2120,32,70951,79037,150002
8192,Gaussian_s2,411,1,1,1,0.00795075,0.00001124,0.00012908,0.80056367,0.99973031,0.907959,True,False,2184,96,71942,79096,151052
8192,Gaussian_s2,412,1,1,1,0.00535514,0.00001076,0.00003097,0.77933588,0.99970589,0.912018,True,False,2168,80,71591,79153,150758
8192,Gaussian_s2,413,1,1,1,0.00823236,0.00001105,0.00006886,0.78496916,0.99973258,0.909485,True,False,2186,64,71624,79396,151034
8192,Gaussian_s2,414,1,1,1,0.01955499,0.00001072,0.00005575,0.77341238,0.99971887,0.913055,True,False,2120,32,75024,81026,156064
8192,Gaussian_s2,415,1,1,1,0.00437735,0.00001085,0.00004387,0.80483138,0.99974684,0.911560,True,False,2137,32,72068,80190,152272
8192,Gaussian_s2,416,1,1,1,0.05068363,0.00001369,0.02554166,0.78676309,0.97711880,0.913330,True,False,2152,64,70802,79560,150376
8192,Gaussian_s2,417,1,1,1,0.00434185,0.00001074,0.00003101,0.78817255,0.99975355,0.912079,True,False,2152,64,71134,79532,150680
8192,Gaussian_s2,418,1,1,1,0.00160598,0.00001078,0.00003044,0.77084057,0.99958620,0.911743,True,False,2137,32,70765,78559,149338
8192,Gaussian_s2,419,0,1,0,0.02189108,0.00001442,0.02655566,0.75890581,0.97840962,0.915985,True,False,2120,32,71049,78971,150034
8192,Gaussian_s2,420,1,1,1,0.00557516,0.00001065,0.00004371,0.78119402,0.99976113,0.912872,True,False,2136,48,71112,78793,149919
8192,Gaussian_s2,421,1,1,1,0.00903944,0.00001070,0.00003883,0.77843926,0.99980002,0.913391,True,False,2120,32,72240,79291,151545
8192,Gaussian_s2,422,1,1,1,0.00864033,0.00001035,0.00010717,0.76762744,0.99984142,0.916779,True,False,2137,32,71498,80079,151591
8192,Gaussian_s2,423,1,1,1,0.01820925,0.00001023,0.00006428,0.77477195,0.99978305,0.917511,True,False,2137,32,72523,80183,152720
8192,Gaussian_s2,424,1,1,1,0.00114824,0.00001066,0.00003823,0.80209024,0.99979585,0.912781,True,False,2153,48,70950,79751,150715
8192,Gaussian_s2,425,1,1,1,0.00397577,0.00001112,0.00005751,0.78764426,0.99966205,0.908875,True,False,2168,80,70698,79020,149732
8192,Gaussian_s2,426,1,1,1,0.00580786,0.00001076,0.00253638,0.80029081,0.99955682,0.915375,True,False,2186,64,71810,79128,150952
8192,Gaussian_s2,427,1,1,1,0.00981530,0.00001077,0.00004650,0.78350819,0.99973684,0.912354,True,False,2136,48,71579,79457,151050
8192,Gaussian_s2,428,1,1,1,0.00108813,0.00001097,0.00003299,0.78884765,0.99961270,0.910187,True,False,2168,80,71795,78889,150698
8192,Gaussian_s2,429,1,1,1,0.00101371,0.00001104,0.00004713,0.77491767,0.99969676,0.909546,True,False,2201,96,71096,78841,149951
8192,Gaussian_s2,430,1,1,1,0.03378413,0.00001122,0.00702965,0.77044401,0.99732805,0.916992,True,False,2088,0,71341,79065,150420
8192,Gaussian_s2,431,1,1,1,0.00490785,0.00001078,0.00003042,0.77379465,0.99968649,0.911865,True,False,2168,80,71192,79299,150505
8192,Gaussian_s2,432,1,1,1,0.00198989,0.00001091,0.00003056,0.78385684,0.99961163,0.910767,True,False,2104,16,71170,79688,150872
8192,Gaussian_s2,433,1,1,1,0.00349829,0.00001053,0.00010886,0.78177251,0.99985950,0.914948,True,False,2104,16,71806,80014,151834
8192,Gaussian_s2,434,1,1,1,0.00768228,0.00001074,0.00003054,0.81492752,0.99975737,0.912292,True,False,2136,48,71483,79083,150580
8192,Gaussian_s2,435,1,1,1,0.00201083,0.00001092,0.00004627,0.79482842,0.99980168,0.910980,True,False,2152,64,72259,79276,151549
8192,Gaussian_s2,436,1,1,1,0.00998580,0.00001078,0.00003032,0.79687103,0.99980581,0.911926,True,False,2137,32,71234,78877,150125
8192,Gaussian_s2,437,1,1,1,0.00269664,0.00001133,0.00012196,0.80028087,0.99976111,0.907166,True,False,2232,144,74884,80676,155574
8192,Gaussian_s2,438,1,1,1,0.01171072,0.00001064,0.00004457,0.79739303,0.99980309,0.913116,True,False,2152,64,71171,78997,150182
8192,Gaussian_s2,439,1,1,1,0.02329900,0.00001073,0.00006372,0.79401716,0.99980004,0.912903,True,False,2144,48,72922,79981,152917
8192,Gaussian_s2,440,1,1,1,0.01896634,0.00001141,0.00905813,0.78371922,0.99551814,0.916687,True,False,2120,32,70999,79978,150991
8192,Gaussian_s2,441,1,1,1,0.00077239,0.00001082,0.00003294,0.80766046,0.99975010,0.911469,True,False,2169,64,71103,79766,150883
8192,Gaussian_s2,442,1,1,1,0.00447541,0.00001060,0.00003047,0.78755770,0.99975899,0.913391,True,False,2185,80,71287,79870,151171
8192,Gaussian_s2,443,1,1,1,0.00698542,0.00001041,0.00004572,0.76877106,0.99975621,0.915344,True,False,2104,16,69981,78984,148979
8192,Gaussian_s2,444,1,1,1,0.00841794,0.00001048,0.00005296,0.77160039,0.99982064,0.914215,True,False,2216,128,72157,79155,151326
8192,Gaussian_s2,445,1,1,1,0.00473868,0.00001081,0.00003044,0.77629984,0.99970758,0.911591,True,False,2169,64,74880,80278,155172
8192,Gaussian_s2,446,1,1,1,0.00405009,0.00001063,0.00004331,0.78304490,0.99973054,0.912933,True,False,2168,80,77027,79456,156497
8192,Gaussian_s2,447,1,1,1,0.03808185,0.00001150,0.00889391,0.77458304,0.99652597,0.915863,True,False,2122,0,72033,78565,150612
8192,Gaussian_s2,448,1,1,1,0.02977503,0.00001072,0.00006977,0.77165726,0.99981274,0.912292,True,False,2152,64,70784,79807,150605
8192,Gaussian_s2,449,1,1,1,0.05441068,0.00001433,0.03127670,0.78171742,0.96078776,0.911407,True,False,2168,80,72930,80256,153200
8192,Gaussian_s2,450,1,1,1,0.00039345,0.00001084,0.00003526,0.76662396,0.99963071,0.911255,True,False,2185,80,70810,79682,150506
8192,Gaussian_s2,451,1,1,1,0.01867219,0.00001026,0.00003809,0.78629057,0.99986638,0.916382,True,False,2120,32,70708,79746,150468
8192,Gaussian_s2,452,0,1,0,0.01283243,0.00002640,0.05352058,0.74963521,0.92563378,0.918152,True,False,2120,32,71503,78743,150260
8192,Gaussian_s2,453,1,1,1,0.00355541,0.00001060,0.00003435,0.77956943,0.99978373,0.913330,True,False,2152,64,71461,79545,151020
8192,Gaussian_s2,454,1,1,1,0.16116874,0.00003422,0.13128076,0.80796625,0.83615038,0.915192,True,False,2184,96,71704,78830,150548
8192,Gaussian_s2,455,0,1,0,0.01066832,0.00002444,0.04922974,0.75477575,0.96915103,0.911438,True,False,2170,48,70959,78950,149923
8192,Gaussian_s2,456,1,1,1,0.00050738,0.00001111,0.00005296,0.78905369,0.99963535,0.909027,True,False,2184,96,71464,78744,150222
8192,Gaussian_s2,457,1,1,1,0.00778209,0.00001106,0.00005448,0.77523232,0.99970183,0.909424,True,False,2169,64,71385,79637,151036
8192,Gaussian_s2,458,0,1,0,0.04462940,0.00001942,0.05198255,0.76781942,0.94947029,0.914093,True,False,2120,32,71358,79677,151049
8192,Gaussian_s2,459,1,1,1,0.00970569,0.00001033,0.00005358,0.77319737,0.99980877,0.915924,True,False,2136,48,72915,83668,156597
8192,Gaussian_s2,460,1,1,1,0.03911147,0.00001154,0.01075859,0.78497618,0.99424304,0.913391,True,False,2185,80,71172,79061,150247
8192,Gaussian_s2,461,1,1,1,0.00368384,0.00001078,0.00003024,0.77286930,0.99968989,0.911957,True,False,2153,48,71940,78840,150794
8192,Gaussian_s2,462,1,1,1,0.02058342,0.00001083,0.00014728,0.78726234,0.99983592,0.911346,True,False,2184,96,72453,79663,152130
8192,Gaussian_s2,463,1,1,1,0.00978529,0.00001069,0.00003159,0.77781013,0.99971871,0.912750,True,False,2120,32,71823,78639,150476
8192,Gaussian_s2,464,1,1,1,0.00110199,0.00001047,0.00003786,0.78904669,0.99978795,0.914398,True,False,2152,64,70297,79700,150011
8192,Gaussian_s2,465,1,1,1,0.01021147,0.00001032,0.00009261,0.77737335,0.99981622,0.916595,True,False,2136,48,72818,80200,153032
8192,Gaussian_s2,466,1,1,1,0.04430611,0.00001214,0.01496954,0.77129773,0.99069005,0.914429,True,False,2161,48,72749,85434,158197
8192,Gaussian_s2,467,1,1,1,0.02118305,0.00001092,0.00009985,0.78914760,0.99981387,0.910553,True,False,2169,64,71011,79718,150743
8192,Gaussian_s2,468,1,1,1,0.02482565,0.00001132,0.00833120,0.76821553,0.99613007,0.917358,True,False,2120,32,71584,78793,150391
8192,Gaussian_s2,469,1,1,1,0.03674013,0.00001077,0.00345140,0.77693954,0.99928254,0.913696,True,False,2185,80,70466,79380,149860
8192,Gaussian_s2,470,1,1,1,0.00357049,0.00001013,0.00005800,0.76457345,0.99986334,0.917847,True,False,2169,64,71869,78907,150790
8192,Gaussian_s2,471,1,1,1,0.09730631,0.00002010,0.06577765,0.72920729,0.91751788,0.914215,True,False,2186,64,71935,79145,151094
8192,Gaussian_s2,472,1,1,1,0.00473350,0.00001057,0.00003068,0.79018929,0.99983331,0.913788,True,False,2168,80,70347,79213,149574
8192,Gaussian_s2,473,1,1,1,0.00389579,0.00001090,0.00003641,0.79642301,0.99974578,0.911316,True,False,2136,48,71558,79364,150936
8192,Gaussian_s2,474,1,1,1,0.00172665,0.00001068,0.00003628,0.77216076,0.99978192,0.912537,True,False,2168,80,71350,79734,151098
8192,Gaussian_s2,475,1,1,1,0.00926688,0.00001026,0.00005658,0.74603983,0.99982253,0.916504,True,False,2136,48,71841,79854,151709
8192,Gaussian_s2,476,1,1,1,0.01409148,0.00001104,0.00003131,0.79929525,0.99970983,0.909637,True,False,2169,64,73557,81192,154763
8192,Gaussian_s2,477,1,1,1,0.00558754,0.00001042,0.00003340,0.76783871,0.99976754,0.914856,True,False,2234,112,71243,79255,150512
8192,Gaussian_s2,478,1,1,1,0.01427429,0.00001040,0.00005959,0.77387075,0.99984728,0.914917,True,False,2184,96,70425,79204,149643
8192,Gaussian_s2,479,1,1,1,0.04892348,0.00001236,0.01670093,0.76805939,0.98974940,0.912598,True,False,2169,64,73164,78459,151637
8192,Gaussian_s2,480,1,1,1,0.01040713,0.00001068,0.00008398,0.78324578,0.99976846,0.913544,True,False,2104,16,71001,79839,150854
8192,Gaussian_s2,481,1,1,1,0.00296276,0.00001049,0.00004955,0.75813502,0.99979712,0.914490,True,False,2138,16,71586,78446,150046
8192,Gaussian_s2,482,1,1,1,0.03046735,0.00001115,0.00524277,0.77622312,0.99871854,0.912445,True,False,2136,48,72266,80139,152419
8192,Gaussian_s2,483,1,1,1,0.00882887,0.00001099,0.00004899,0.78419956,0.99970910,0.910034,True,False,2168,80,72838,80431,153283
8192,Gaussian_s2,484,1,1,1,0.01066433,0.00001060,0.00005227,0.78972638,0.99977166,0.914062,True,False,2152,64,71619,85514,157147
8192,Gaussian_s2,485,1,1,1,0.00269800,0.00001105,0.00003054,0.78938441,0.99956309,0.909576,True,False,2120,32,70961,79263,150238
8192,Gaussian_s2,486,1,1,1,0.05192314,0.00001582,0.03932916,0.72954519,0.94895685,0.916901,True,False,2170,48,71721,80017,151752
8192,Gaussian_s2,487,1,1,1,0.00265961,0.00001070,0.00003034,0.79100823,0.99976705,0.912628,True,False,2136,48,70517,80259,150790
8192,Gaussian_s2,488,1,1,1,0.02635423,0.00001176,0.01208461,0.76820133,0.99342292,0.914368,True,False,2104,16,72230,80024,152268
8192,Gaussian_s2,489,1,1,1,0.01985067,0.00001075,0.00016104,0.76357791,0.99981016,0.911957,True,False,2202,80,73121,79986,153121
8192,Gaussian_s2,490,1,1,1,0.00282297,0.00001068,0.00003038,0.77253632,0.99972348,0.912811,True,False,2120,32,71630,80736,152380
8192,Gaussian_s2,491,1,1,1,0.02240748,0.00001031,0.00003304,0.77211016,0.99984240,0.915680,True,False,2169,64,72565,80035,152614
8192,Gaussian_s2,492,1,1,1,0.01658034,0.00001037,0.00007762,0.77083180,0.99980349,0.916260,True,False,2136,48,72158,81200,153372
8192,Gaussian_s2,493,1,1,1,0.02407636,0.00001092,0.00007436,0.78574821,0.99976823,0.910553,True,False,2186,64,73817,80420,154251
8192,Gaussian_s2,494,1,1,1,0.03473891,0.00001049,0.00016033,0.76240773,0.99984368,0.915924,True,False,2153,48,73361,82839,156214
8192,Gaussian_s2,495,0,1,0,0.02769632,0.00001568,0.03286663,0.74392309,0.97116813,0.918640,True,False,2104,16,71641,79392,151047
8192,Gaussian_s2,496,1,1,1,0.00127294,0.00001077,0.00004173,0.77693946,0.99969616,0.911804,True,False,2168,80,71241,78839,150094
8192,Gaussian_s2,497,1,1,1,0.00423729,0.00001088,0.00003030,0.79676353,0.99968766,0.911072,True,False,2153,48,72250,78578,150842
8192,Gaussian_s2,498,1,1,1,0.02567224,0.00001060,0.00299568,0.76887047,0.99935690,0.917725,True,False,2105,0,70404,78850,149268
8192,Gaussian_s2,499,1,1,1,0.00074559,0.00001056,0.00005283,0.78089607,0.99976292,0.914276,True,False,2088,0,71796,80662,152472
8192,Gaussian_s2,500,1,1,1,0.04355256,0.00001389,0.02695160,0.75910227,0.97318571,0.916412,True,False,2152,64,70884,79376,150274
8192,Gaussian_s2,501,1,1,1,0.00977929,0.00001061,0.00005949,0.76335488,0.99976403,0.913086,True,False,2152,64,71155,79582,150751
8192,Gaussian_s2,502,1,1,1,0.00393989,0.00001094,0.00003526,0.78548931,0.99969299,0.910370,True,False,2120,32,72336,78051,150401
8192,Gaussian_s2,503,1,1,1,0.03380965,0.00001033,0.00018394,0.76347761,0.99981852,0.917511,True,False,2104,16,71453,98855,170322
8192,Gaussian_s2,504,1,1,1,0.14207496,0.00002981,0.11287776,0.78395472,0.85351794,0.913605,True,False,2185,80,71489,79217,150720
8192,Gaussian_s2,505,1,1,1,0.03917230,0.00001257,0.01807350,0.78052506,0.98363931,0.918884,True,False,2136,48,75005,80504,155523
8192,Gaussian_s2,506,1,1,1,0.02756960,0.00001041,0.00206282,0.78642460,0.99959715,0.917084,True,False,2168,80,71398,78734,150146
8192,Gaussian_s2,507,1,1,1,0.02500731,0.00001052,0.00008463,0.77603155,0.99982357,0.915314,True,False,2152,64,71636,79335,150985
8192,Gaussian_s2,508,1,1,1,0.00142492,0.00001024,0.00018762,0.78120724,0.99987796,0.918274,True,False,2120,32,72321,80647,152982
8192,Gaussian_s2,509,1,1,1,0.00790113,0.00001026,0.00011368,0.77999495,0.99984846,0.917908,True,False,2120,32,75074,79089,154177
8192,Gaussian_s2,510,1,1,1,0.01157354,0.00001108,0.00010333,0.78202679,0.99968084,0.909241,True,False,2152,64,70152,79624,149790
8192,Gaussian_s2,511,1,0,N/A,0.00000912,0.00001064,0.00003031,0.77249103,0.99967185,0.913025,True,False,2169,64,70192,79154,149360
8192,Gaussian_s2,512,1,1,1,0.00743123,0.00001056,0.00003513,0.80084731,0.99985565,0.913849,True,False,2152,64,71182,78284,149480
8192,Gaussian_s2,513,1,1,1,0.00554460,0.00001087,0.00005798,0.78915093,0.99974645,0.910950,True,False,2233,128,71400,79048,150462
8192,Gaussian_s2,514,1,1,1,0.01609226,0.00001054,0.00011567,0.77618549,0.99984395,0.915222,True,False,2104,16,70948,78349,149311
8192,Gaussian_s2,515,1,1,1,0.00336767,0.00001109,0.00003057,0.77852584,0.99974060,0.909332,True,False,2185,80,71462,78520,149996
8192,Gaussian_s2,516,1,1,1,0.01104566,0.00001054,0.00147758,0.79958968,0.99974248,0.917053,True,False,2154,32,70948,85467,156429
8192,Gaussian_s2,517,1,1,1,0.00586497,0.00001088,0.00450603,0.78064300,0.99894702,0.913239,True,False,2200,112,70968,79018,150000
8192,Gaussian_s2,518,1,1,1,0.00456880,0.00001074,0.00003060,0.78862883,0.99976652,0.912659,True,False,2120,32,73043,80389,153446
8192,Gaussian_s2,519,1,1,1,0.02197202,0.00001140,0.01177898,0.76283030,0.99295616,0.917908,True,False,2136,48,69811,79026,148851
8192,Gaussian_s2,520,1,1,1,0.00274935,0.00001070,0.00003078,0.76572743,0.99973691,0.912537,True,False,2136,48,71368,79019,150401
8192,Gaussian_s2,521,1,1,1,0.01608684,0.00001070,0.00006279,0.78682262,0.99982396,0.912415,True,False,2185,80,72231,78452,150697
8192,Gaussian_s2,522,1,1,1,0.05443908,0.00001480,0.03339641,0.76163425,0.95778511,0.918213,True,False,2186,64,71805,79119,150938
8192,Gaussian_s2,523,1,1,1,0.00575855,0.00001054,0.00004577,0.79220396,0.99979650,0.913757,True,False,2171,48,70702,79687,150403
8192,Gaussian_s2,524,1,1,1,0.01275436,0.00001035,0.00003535,0.76218056,0.99975011,0.915955,True,False,2137,32,72437,79201,151652
8192,Gaussian_s2,525,1,1,1,0.02704583,0.00001135,0.01072111,0.74065467,0.99470716,0.912201,True,False,2184,96,72014,79462,151490
8192,Gaussian_s2,526,1,1,1,0.00650943,0.00001088,0.00003058,0.79686158,0.99978555,0.911255,True,False,2200,112,70418,78901,149333
8192,Gaussian_s2,527,1,1,1,0.01433789,0.00001031,0.00006521,0.78604894,0.99982021,0.917114,True,False,2136,48,70483,83578,154075
8192,Gaussian_s2,528,1,1,1,0.03208070,0.00001094,0.00011096,0.80754586,0.99983432,0.910431,True,False,2136,48,74075,80483,154572
8192,Gaussian_s2,529,1,1,1,0.05580834,0.00001501,0.03332962,0.78488383,0.96168477,0.911804,True,False,2153,48,71423,78877,150314
8192,Gaussian_s2,530,1,1,1,0.00228485,0.00001090,0.00008302,0.76773756,0.99971717,0.910706,True,False,2168,80,70507,79401,149922
8192,Gaussian_s2,531,0,1,0,0.01411639,0.00001204,0.01500807,0.77373815,0.99067493,0.916046,True,False,2218,96,72221,79885,152120
8192,Gaussian_s2,532,1,1,1,0.00036156,0.00001082,0.00008743,0.80085202,0.99976115,0.911346,True,False,2283,144,71917,79189,151120
8192,Gaussian_s2,533,1,1,1,0.14268780,0.00003425,0.13249099,0.78785055,0.77065477,0.918823,True,False,2153,48,71073,79291,150378
8192,Gaussian_s2,534,1,1,1,0.00151658,0.00001102,0.00003556,0.78093207,0.99963194,0.909729,True,False,2201,96,71917,79557,151488
8192,Gaussian_s2,535,1,1,1,0.04319706,0.00001165,0.01251295,0.77103819,0.99248741,0.914734,True,False,2184,96,70556,78981,149551
8192,Gaussian_s2,536,1,1,1,0.00135651,0.00001085,0.00003049,0.78253894,0.99962248,0.911163,True,False,2153,32,71241,78667,149922
8192,Gaussian_s2,537,1,1,1,0.01180309,0.00001037,0.00003314,0.75845287,0.99976989,0.915680,True,False,2137,32,70522,78109,148645
8192,Gaussian_s2,538,1,1,1,0.00327618,0.00001082,0.00003056,0.79838005,0.99973338,0.911652,True,False,2104,16,71076,78419,149509
8192,Gaussian_s2,539,1,1,1,0.01167885,0.00001094,0.00003076,0.79406054,0.99969390,0.910492,True,False,2136,48,72606,78796,151416
8192,Gaussian_s2,540,1,1,1,0.03919523,0.00001290,0.02174690,0.77616695,0.97934364,0.915527,True,False,2184,96,71605,78717,150336
8192,Gaussian_s2,541,1,1,1,0.01474765,0.00001064,0.00008973,0.79899651,0.99984425,0.912842,True,False,2200,112,75084,80662,155760
8192,Gaussian_s2,542,1,1,1,0.01583800,0.00001075,0.00004344,0.81102445,0.99972658,0.912994,True,False,2104,16,71391,79569,150974
8192,Gaussian_s2,543,1,1,1,0.00738863,0.00001066,0.00004304,0.77520089,0.99975479,0.913025,True,False,2136,48,70839,79550,150403
8192,Gaussian_s2,544,1,1,1,0.01030771,0.00001052,0.00004351,0.77198963,0.99977493,0.914368,True,False,2137,32,71624,78359,149997
8192,Gaussian_s2,545,1,1,1,0.03789063,0.00001235,0.01725524,0.75911021,0.98727903,0.918427,True,False,2120,32,70613,78724,149351
8192,Gaussian_s2,546,1,1,1,0.00026685,0.00001102,0.00003046,0.78594340,0.99969477,0.910065,True,False,2088,0,71491,78660,150165
8192,Gaussian_s2,547,1,1,1,0.00074861,0.00001098,0.00003059,0.79342880,0.99972557,0.910339,True,False,2120,32,71078,78551,149643
8192,Gaussian_s2,548,1,1,1,0.00179494,0.00001074,0.00007760,0.79927521,0.99979327,0.912659,True,False,2104,16,71164,79666,150844
8192,Gaussian_s2,549,1,1,1,0.00249048,0.00001075,0.00003047,0.77633173,0.99971588,0.912140,True,False,2152,64,71855,79048,150917
8192,Gaussian_s2,550,1,1,1,0.00213927,0.00001101,0.00003045,0.78784611,0.99957327,0.910004,True,False,2105,0,71948,79655,151617
8192,Gaussian_s2,551,1,1,1,0.02003467,0.00001041,0.00011334,0.78690999,0.99985529,0.916351,True,False,2120,32,70970,79316,150300
8192,Gaussian_s2,552,0,1,0,0.00941270,0.00001608,0.02467600,0.76332397,0.98309806,0.916809,True,False,2170,48,69935,78356,148305
8192,Gaussian_s2,553,1,1,1,0.00184294,0.00001080,0.00003062,0.79952327,0.99965022,0.911652,True,False,2152,64,70495,78964,149473
8192,Gaussian_s2,554,1,1,1,0.00023912,0.00001036,0.00010998,0.77728645,0.99985310,0.916931,True,False,2153,48,72304,78456,150774
8192,Gaussian_s2,555,1,1,1,0.01740090,0.00001062,0.00007121,0.78644671,0.99982477,0.913452,True,False,2201,96,71228,84002,155244
8192,Gaussian_s2,556,1,1,1,0.00140728,0.00001068,0.00003491,0.77491952,0.99965852,0.912537,True,False,2153,48,71374,78566,149954
8192,Gaussian_s2,557,1,1,1,0.00335182,0.00001094,0.00005933,0.79746705,0.99978134,0.910370,True,False,2234,112,71102,78653,149769
8192,Gaussian_s2,558,1,1,1,0.00119653,0.00001071,0.00005010,0.77170834,0.99971831,0.912231,True,False,2120,32,70852,78803,149669
8192,Gaussian_s2,559,1,1,1,0.08615404,0.00001878,0.05674217,0.77651087,0.93451540,0.911163,True,False,2217,112,70255,79107,149376
8192,Gaussian_s2,560,1,1,1,0.00737011,0.00001069,0.00003150,0.79095095,0.99972442,0.912537,True,False,2137,32,72043,85086,157143
8192,Gaussian_s2,561,1,1,1,0.00202222,0.00001079,0.00004736,0.77648348,0.99976614,0.912415,True,False,2120,32,70899,78977,149890
8192,Gaussian_s2,562,1,1,1,0.01888055,0.00001020,0.00005350,0.77065408,0.99980691,0.917572,True,False,2104,16,71987,78627,150628
8192,Gaussian_s2,563,1,1,1,0.00550566,0.00001068,0.00003034,0.77483693,0.99978290,0.913025,True,False,2136,48,71178,78923,150115
8192,Gaussian_s2,564,1,1,1,0.01771760,0.00001066,0.00004898,0.77706479,0.99978532,0.912781,True,False,2185,80,71731,79362,151107
8192,Gaussian_s2,565,1,1,1,0.00135962,0.00001083,0.00003241,0.79027933,0.99970971,0.911346,True,False,2136,48,71738,79126,150878
8192,Gaussian_s2,566,1,1,1,0.00345873,0.00001045,0.00004626,0.78224437,0.99979295,0.915070,True,False,2170,48,71404,79423,150841
8192,Gaussian_s2,567,1,1,1,0.04158499,0.00001141,0.01150743,0.75346516,0.99367859,0.916992,True,False,2168,80,72024,84544,156582
8192,Gaussian_s2,568,1,1,1,0.00408555,0.00001112,0.00008563,0.80109019,0.99976442,0.908875,True,False,2184,96,71354,78586,149954
8192,Gaussian_s2,569,1,1,1,0.02600229,0.00001043,0.00003036,0.76272245,0.99977448,0.915192,True,False,2136,48,70306,78802,149122
8192,Gaussian_s2,570,1,1,1,0.00155604,0.00001093,0.00003051,0.79757745,0.99968938,0.910675,True,False,2104,16,69489,78400,147903
8192,Gaussian_s2,571,1,1,1,0.00990526,0.00001076,0.00003604,0.79243742,0.99975005,0.911926,True,False,2169,64,70898,78999,149911
8192,Gaussian_s2,572,1,1,1,0.01476436,0.00001071,0.00003060,0.78504926,0.99972454,0.912567,True,False,2170,48,74373,80792,155179
8192,Gaussian_s2,573,1,1,1,0.11780648,0.00002341,0.08043073,0.76443272,0.91285567,0.912537,True,False,2170,48,74714,79794,154522
8192,Gaussian_s2,574,1,1,1,0.03006641,0.00001107,0.00596409,0.81213997,0.99778266,0.916321,True,False,2137,32,73042,79346,152402
8192,Gaussian_s2,575,1,1,1,0.01086807,0.00001126,0.00008352,0.78366038,0.99971476,0.907776,True,False,2136,48,70740,79261,150015
8192,Gaussian_s2,576,1,1,1,0.00820938,0.00001029,0.00011011,0.77820278,0.99986556,0.916809,True,False,2185,80,71704,80248,151966
8192,Gaussian_s2,577,1,1,1,0.00483829,0.00001088,0.00003543,0.78644450,0.99965329,0.910889,True,False,2152,64,70874,80323,151211
8192,Gaussian_s2,578,1,1,1,0.00516762,0.00001048,0.00003056,0.79549659,0.99982756,0.914337,True,False,2186,64,70467,78303,148784
8192,Gaussian_s2,579,1,1,1,0.03226366,0.00001103,0.00777154,0.77697194,0.99692593,0.915222,True,False,2136,48,71747,79000,150761
8192,Gaussian_s2,580,1,1,1,0.04045843,0.00001165,0.01172164,0.76572834,0.99318560,0.916748,True,False,2137,32,71193,79227,150434
8192,Gaussian_s2,581,1,1,1,0.01911503,0.00001054,0.00018606,0.77554298,0.99984097,0.916138,True,False,2138,16,72334,79518,151866
8192,Gaussian_s2,582,1,1,1,0.01399587,0.00001064,0.00007697,0.76483358,0.99978186,0.912903,True,False,2248,160,71235,83857,155106
8192,Gaussian_s2,583,1,1,1,0.00130281,0.00001081,0.00003071,0.83132157,0.99979105,0.911743,True,False,2184,96,71757,78613,150384
8192,Gaussian_s2,584,1,1,1,0.01159931,0.00001074,0.00004722,0.76788242,0.99973349,0.912109,True,False,2136,48,72155,79773,151942
8192,Gaussian_s2,585,1,1,1,0.00567852,0.00001072,0.00003046,0.79451940,0.99974622,0.912537,True,False,2137,32,71215,79119,150348
8192,Gaussian_s2,586,1,1,1,0.00592881,0.00001082,0.00003472,0.80262204,0.99972110,0.911499,True,False,2152,64,71282,78792,150088
8192,Gaussian_s2,587,1,1,1,0.00553853,0.00001074,0.00003048,0.79614205,0.99967679,0.912323,True,False,2136,48,70407,78461,148882
8192,Gaussian_s2,588,1,1,1,0.01179831,0.00001109,0.00008449,0.80001924,0.99976754,0.909149,True,False,2185,80,71289,78664,149967
8192,Gaussian_s2,589,1,1,1,0.00178160,0.00001079,0.00003208,0.77653195,0.99968878,0.911652,True,False,2152,64,71345,79401,150760
8192,Gaussian_s2,590,1,1,1,0.00588721,0.00001435,0.01879205,0.74218648,0.98599700,0.918488,True,False,2200,112,69669,78853,148536
8192,Gaussian_s2,591,1,1,1,0.00064663,0.00001061,0.00003653,0.79742088,0.99976302,0.913544,True,False,2137,32,71842,77993,149849
8192,Gaussian_s2,592,1,1,1,0.00029897,0.00001061,0.00003907,0.79266067,0.99978816,0.913574,True,False,2168,80,72034,79889,151937
8192,Gaussian_s2,593,1,1,1,0.02290739,0.00001037,0.00160327,0.76118715,0.99971396,0.918884,True,False,2138,16,71123,79608,150745
8192,Gaussian_s2,594,1,1,1,0.00808117,0.00001056,0.00006611,0.76629597,0.99983617,0.913544,True,False,2217,112,71422,78894,150330
8192,Gaussian_s2,595,1,1,1,0.00710099,0.00001098,0.00003048,0.79716214,0.99966624,0.910187,True,False,2136,48,74988,80000,155002
8192,Gaussian_s2,596,1,1,1,0.00348349,0.00001036,0.00006776,0.76540294,0.99989187,0.915894,True,False,2185,80,75561,81215,156790
8192,Gaussian_s2,597,1,1,1,0.02260164,0.00001044,0.00005691,0.76796742,0.99985922,0.914612,True,False,2168,80,74613,79047,153674
8192,Gaussian_s2,598,1,1,1,0.02417500,0.00001256,0.01800977,0.77548347,0.98489849,0.916504,True,False,2136,48,71848,78894,150756
8192,Gaussian_s2,599,1,1,1,0.05224218,0.00001346,0.02485220,0.77873484,0.97880211,0.910095,True,False,2200,112,71879,79148,151041
8192,Dominant,600,1,1,1,0.15679328,0.00001256,0.00111274,0.11214439,0.99996074,0.901306,True,False,2137,32,70078,78972,149064
8192,Dominant,601,1,1,1,0.15717706,0.00001179,0.00292569,0.09877618,0.99996181,0.913635,True,False,2104,16,71078,79465,150557
8192,Dominant,602,1,1,1,0.15836425,0.00001228,0.00213340,0.10631407,0.99996170,0.906952,True,False,2152,64,71996,79945,151955
8192,Dominant,603,1,1,1,0.15663490,0.00001213,0.00212587,0.10526957,0.99996151,0.907684,True,False,2136,48,70314,79223,149551
8192,Dominant,604,1,1,1,0.15564951,0.00001222,0.00082402,0.10927741,0.99996236,0.903809,True,False,2104,16,70955,78326,149295
8192,Dominant,605,1,1,1,0.15705945,0.00001256,0.00087672,0.11290853,0.99996148,0.900665,True,False,2184,96,71464,78787,150265
8192,Dominant,606,1,1,1,0.15855712,0.00001236,0.00187932,0.10823807,0.99996151,0.905304,True,False,2184,96,71284,78982,150280
8192,Dominant,607,1,1,1,0.15789899,0.00001287,0.00140917,0.11502123,0.99995929,0.899261,False,False,2184,96,71203,78218,149435
8192,Dominant,608,1,1,1,0.15718661,0.00001266,0.00166486,0.11169617,0.99995933,0.902008,True,False,2184,96,71783,79040,150837
8192,Dominant,609,1,1,1,0.15862563,0.00001222,0.00104767,0.10851374,0.99996355,0.904724,True,False,2152,64,71244,80182,151440
8192,Dominant,610,1,1,1,0.15772372,0.00001210,0.00188994,0.10502535,0.99996218,0.907745,True,False,2136,48,70567,84413,154994
8192,Dominant,611,1,1,1,0.15829435,0.00001298,0.00067754,0.11813553,0.99996034,0.896484,False,False,2136,48,70998,79204,150216
8192,Dominant,612,1,1,1,0.15792531,0.00001202,0.00269523,0.10187747,0.99996125,0.910919,True,False,2137,32,70737,78603,149354
8192,Dominant,613,1,1,1,0.15716551,0.00001286,0.00083153,0.11624976,0.99996013,0.897858,False,False,2120,32,71744,78984,150742
8192,Dominant,614,1,1,1,0.15666887,0.00001185,0.00282449,0.09923450,0.99996178,0.913055,True,False,2120,32,71321,79127,150462
8192,Dominant,615,1,1,1,0.15872015,0.00001241,0.00162436,0.10934080,0.99996167,0.903992,True,False,2104,16,71769,78533,150316
8192,Dominant,616,1,1,1,0.15786625,0.00001284,0.00080112,0.11603983,0.99996097,0.898224,False,False,2184,96,70661,79335,150010
8192,Dominant,617,1,1,1,0.15864447,0.00001200,0.00301249,0.10107761,0.99996129,0.911835,True,False,2088,0,74349,80845,155208
8192,Dominant,618,1,1,1,0.15830822,0.00001242,0.00124352,0.11014047,0.99996216,0.903198,True,False,2186,64,72317,79899,152230
8192,Dominant,619,1,1,1,0.15681909,0.00001259,0.00053763,0.11382923,0.99996192,0.899841,False,False,2153,48,73376,80951,154341
8192,Dominant,620,1,1,1,0.15708840,0.00001277,0.00139701,0.11400163,0.99995933,0.899902,False,False,2184,96,74316,79514,153844
8192,Dominant,621,1,1,1,0.15765049,0.00001184,0.00208540,0.10142631,0.99996353,0.911133,True,False,2152,64,76566,80582,157162
8192,Dominant,622,1,1,1,0.15789005,0.00001222,0.00242522,0.10511402,0.99996105,0.908112,True,False,2120,32,71134,102546,173694
8192,Dominant,623,1,1,1,0.15819822,0.00001220,0.00138423,0.10780099,0.99996287,0.905182,True,False,2152,64,71923,78509,150446
8192,Dominant,624,1,1,1,0.15793328,0.00001198,0.00201574,0.10352071,0.99996317,0.909332,True,False,2152,64,71450,78549,150013
8192,Dominant,625,1,1,1,0.15881003,0.00001243,0.00180902,0.10908011,0.99996139,0.904541,True,False,2104,16,71039,79027,150080
8192,Dominant,626,1,1,1,0.15822852,0.00001219,0.00187266,0.10616053,0.99996225,0.907043,True,False,2168,80,70947,79450,150411
8192,Dominant,627,1,1,1,0.15818311,0.00001223,0.00216223,0.10585745,0.99996141,0.907227,True,False,2137,32,70987,79327,150328
8192,Dominant,628,1,1,1,0.15748087,0.00001274,0.00124815,0.11385238,0.99996032,0.900146,True,False,2120,32,70456,79034,149504
8192,Dominant,629,1,1,1,0.15844305,0.00001216,0.00269537,0.10379111,0.99996102,0.909119,True,False,2152,64,71508,78554,150076
8192,Dominant,630,1,1,1,0.15757416,0.00001269,0.00161241,0.11273614,0.99995972,0.901306,True,False,2120,32,71417,78745,150176
8192,Dominant,631,1,1,1,0.15948585,0.00001219,0.00177309,0.10640127,0.99996284,0.906738,True,False,2153,48,71653,78585,150252
8192,Dominant,632,1,1,1,0.15663089,0.00001242,0.00124486,0.11058788,0.99996121,0.902771,True,False,2152,64,75966,79195,155175
8192,Dominant,633,1,1,1,0.15829766,0.00001218,0.00125404,0.10758883,0.99996329,0.905334,True,False,2216,128,73091,82589,155694
8192,Dominant,634,1,1,1,0.15767422,0.00001258,0.00099343,0.11272382,0.99996145,0.901001,True,False,2136,48,72674,79968,152656
8192,Dominant,635,1,1,1,0.15624867,0.00001230,0.00077322,0.11015226,0.99996257,0.903198,True,False,2186,64,71748,79838,151600
8192,Dominant,636,1,1,1,0.15759993,0.00001267,0.00158679,0.11228901,0.99995958,0.901428,True,False,2168,80,71239,79677,150930
8192,Dominant,637,1,1,1,0.15823847,0.00001219,0.00241205,0.10459814,0.99996159,0.908508,True,False,2168,80,71147,79530,150691
8192,Dominant,638,1,1,1,0.15731630,0.00001256,0.00135189,0.11179703,0.99996035,0.901855,True,False,2152,64,71339,78725,150078
8192,Dominant,639,1,1,1,0.15640643,0.00001231,0.00061516,0.11056635,0.99996291,0.902649,True,False,2168,80,71744,78688,150446
8192,Dominant,640,1,1,1,0.15922998,0.00001205,0.00245659,0.10342886,0.99996231,0.909576,True,False,2169,64,71809,78642,150465
8192,Dominant,641,1,1,1,0.15786219,0.00001199,0.00181234,0.10424525,0.99996322,0.908691,True,False,2152,64,71529,79133,150676
8192,Dominant,642,1,1,1,0.15952210,0.00001265,0.00088230,0.11401345,0.99996228,0.899963,False,False,2152,64,71532,79253,150799
8192,Dominant,643,1,1,1,0.15670782,0.00001226,0.00208341,0.10686011,0.99996032,0.906433,True,False,2120,32,71540,79227,150781
8192,Dominant,644,1,1,1,0.15728649,0.00001280,0.00040528,0.11664218,0.99996119,0.897430,False,False,2168,80,72604,79911,152529
8192,Dominant,645,1,1,1,0.15656726,0.00001243,0.00271240,0.10699613,0.99995816,0.906464,True,False,2104,16,71819,78620,150453
8192,Dominant,646,1,1,1,0.15809490,0.00001213,0.00197594,0.10518985,0.99996212,0.907837,True,False,2168,80,71665,79220,150899
8192,Dominant,647,1,1,1,0.15756187,0.00001312,0.00092281,0.11880691,0.99995859,0.895660,False,False,2104,16,69666,78182,147862
8192,Dominant,648,1,1,1,0.15807858,0.00001270,0.00049691,0.11585873,0.99996159,0.898468,False,False,2184,96,71154,78657,149825
8192,Dominant,649,1,1,1,0.15998137,0.00001245,0.00200924,0.10895301,0.99996116,0.904633,True,False,2120,32,70190,78644,148848
8192,Dominant,650,1,1,1,0.15839100,0.00001295,0.00091641,0.11708445,0.99996007,0.897156,False,False,2136,48,71997,79866,151877
8192,Dominant,651,1,1,1,0.15862375,0.00001238,0.00202617,0.10802221,0.99996124,0.905548,True,False,2153,48,72090,79582,151686
8192,Dominant,652,1,1,1,0.15730554,0.00001271,0.00185096,0.11222602,0.99995899,0.901794,True,False,2136,32,70926,79145,150085
8192,Dominant,653,1,1,1,0.15828240,0.00001208,0.00197126,0.10493200,0.99996276,0.908081,True,False,2120,32,72025,78672,150711
8192,Dominant,654,1,1,1,0.15833819,0.00001246,0.00258677,0.10736174,0.99995965,0.906250,True,False,2120,32,71094,78904,150012
8192,Dominant,655,1,1,1,0.15734187,0.00001175,0.00282173,0.09865842,0.99996255,0.913666,True,False,2136,48,75851,79593,155458
8192,Dominant,656,1,1,1,0.15737408,0.00001168,0.00254522,0.09853734,0.99996337,0.913666,True,False,2120,32,71458,78441,149913
8192,Dominant,657,1,1,1,0.15845568,0.00001223,0.00201130,0.10650213,0.99996170,0.906769,True,False,2168,80,72535,79214,151763
8192,Dominant,658,1,1,1,0.15761778,0.00001280,0.00098892,0.11512186,0.99996031,0.899078,False,False,2120,32,71983,78944,150941
8192,Dominant,659,1,1,1,0.15719727,0.00001242,0.00180684,0.10902737,0.99996093,0.904388,True,False,2170,48,71323,78503,149840
8192,Dominant,660,1,1,1,0.15765658,0.00001203,0.00259814,0.10212017,0.99996176,0.910522,True,False,2136,48,71728,79818,151560
8192,Dominant,661,1,1,1,0.15679556,0.00001249,0.00159872,0.11054640,0.99996018,0.902832,True,False,2136,48,71389,79730,151133
8192,Dominant,662,1,1,1,0.15748608,0.00001262,0.00127342,0.11272841,0.99996062,0.901215,True,False,2202,80,71923,78868,150805
8192,Dominant,663,1,1,1,0.15619175,0.00001205,0.00253920,0.10306834,0.99996079,0.909821,True,False,2153,48,71376,83833,155223
8192,Dominant,664,1,1,1,0.15861760,0.00001245,0.00227641,0.10807996,0.99996027,0.905426,True,False,2120,32,71097,78931,150042
8192,Dominant,665,1,1,1,0.15803185,0.00001287,0.00130673,0.11551580,0.99995962,0.898743,False,False,2184,96,71731,78950,150695
8192,Dominant,666,1,1,1,0.15857345,0.00001237,0.00161871,0.10875800,0.99996217,0.904633,True,False,2168,80,71644,78819,150477
8192,Dominant,667,1,1,1,0.15823850,0.00001208,0.00204583,0.10477643,0.99996254,0.908142,True,False,2152,64,71627,78314,149955
8192,Dominant,668,1,1,1,0.15682796,0.00001263,0.00168841,0.11190143,0.99995893,0.901794,True,False,2169,64,70862,80310,151186
8192,Dominant,669,1,1,1,0.15667625,0.00001233,0.00040603,0.11168660,0.99996315,0.901794,True,False,2152,64,71605,79580,151199
8192,Dominant,670,1,1,1,0.15854290,0.00001311,0.00048962,0.11987909,0.99996022,0.894867,False,False,2168,80,71769,78613,150396
8192,Dominant,671,1,1,1,0.15889204,0.00001253,0.00215413,0.10944896,0.99996007,0.904083,True,False,2153,48,71745,83607,155366
8192,Dominant,672,1,1,1,0.15683235,0.00001253,0.00070740,0.11294280,0.99996164,0.900665,True,False,2185,80,70617,78685,149316
8192,Dominant,673,1,1,1,0.15762809,0.00001199,0.00293171,0.10083226,0.99996146,0.911987,True,False,2088,0,71612,78633,150259
8192,Dominant,674,1,1,1,0.15741843,0.00001297,0.00103599,0.11679011,0.99995925,0.897339,False,False,2152,64,70802,78757,149573
8192,Dominant,675,1,1,1,0.15935360,0.00001252,0.00147825,0.11104867,0.99996184,0.902710,True,False,2169,64,72067,78823,150904
8192,Dominant,676,1,1,1,0.15734527,0.00001180,0.00242166,0.10011681,0.99996278,0.912323,True,False,2152,64,76128,80355,156497
8192,Dominant,677,1,1,1,0.15724283,0.00001271,0.00118133,0.11391181,0.99995979,0.899811,False,False,2168,80,71001,79580,150595
8192,Dominant,678,1,1,1,0.15711920,0.00001260,0.00087805,0.11317689,0.99996139,0.900452,True,False,2153,48,76992,85257,162263
8192,Dominant,679,1,1,1,0.15639979,0.00001245,0.00144579,0.11026514,0.99996062,0.902985,True,False,2169,64,69860,78911,148785
8192,Dominant,680,1,1,1,0.15776423,0.00001193,0.00212409,0.10236731,0.99996328,0.910370,True,False,2120,32,71282,79205,150501
8192,Dominant,681,1,1,1,0.15806049,0.00001286,0.00066763,0.11664139,0.99996098,0.897614,False,False,2168,80,73066,78486,151566
8192,Dominant,682,1,1,1,0.15948120,0.00001210,0.00299841,0.10216726,0.99996182,0.911041,True,False,2088,0,71453,78465,149932
8192,Dominant,683,1,1,1,0.15802108,0.00001208,0.00189741,0.10479481,0.99996250,0.908264,True,False,2136,48,71670,78625,150309
8192,Dominant,684,1,1,1,0.15824793,0.00001239,0.00130384,0.10972505,0.99996225,0.903717,True,False,2168,80,71067,79174,150255
8192,Dominant,685,1,1,1,0.15939574,0.00001268,0.00137526,0.11311601,0.99996116,0.900940,True,False,2152,64,71684,79758,151456
8192,Dominant,686,1,1,1,0.15820365,0.00001216,0.00211115,0.10528673,0.99996201,0.907715,True,False,2152,64,71756,80435,152205
8192,Dominant,687,1,1,1,0.15769741,0.00001279,0.00133647,0.11421159,0.99995983,0.899811,False,False,2137,32,77831,83545,161390
8192,Dominant,688,1,1,1,0.15797514,0.00001285,0.00111942,0.11555672,0.99995972,0.898682,False,False,2152,64,71241,77883,149138
8192,Dominant,689,1,1,1,0.15747894,0.00001273,0.00170782,0.11288376,0.99995947,0.901062,True,False,2152,64,70758,78490,149262
8192,Dominant,690,1,1,1,0.15744618,0.00001201,0.00216784,0.10332614,0.99996215,0.909241,True,False,2152,64,69920,78799,148733
8192,Dominant,691,1,1,1,0.15839264,0.00001314,0.00070114,0.11941625,0.99995970,0.895233,False,False,2184,96,72381,78500,150895
8192,Dominant,692,1,1,1,0.15710431,0.00001269,0.00095382,0.11399257,0.99996085,0.899689,False,False,2184,96,71825,84256,156095
8192,Dominant,693,1,1,1,0.15807556,0.00001300,0.00086616,0.11771180,0.99995984,0.896667,False,False,2170,48,72497,80727,153238
8192,Dominant,694,1,1,1,0.15961155,0.00001256,0.00094534,0.11275578,0.99996258,0.901093,True,False,2136,48,71523,79593,151130
8192,Dominant,695,1,1,1,0.15760045,0.00001266,0.00152506,0.11256156,0.99996010,0.901367,True,False,2170,48,72191,79016,151221
8192,Dominant,696,1,1,1,0.15769108,0.00001275,0.00109866,0.11441188,0.99996046,0.899628,False,False,2168,80,70544,78876,149434
8192,Dominant,697,1,1,1,0.15871978,0.00001238,0.00223510,0.10761648,0.99996074,0.905853,True,False,2120,32,73476,79359,152849
8192,Dominant,698,1,1,1,0.15913764,0.00001211,0.00273220,0.10314780,0.99996169,0.909821,True,False,2136,48,72568,79150,151732
8192,Dominant,699,1,1,1,0.16044468,0.00001225,0.00181986,0.10719475,0.99996309,0.906433,True,False,2120,32,72558,78982,151554
8192,Dominant,700,1,1,1,0.15890986,0.00001217,0.00299078,0.10292853,0.99996117,0.910248,True,False,2088,0,70839,78720,149573
8192,Dominant,701,1,1,1,0.15789597,0.00001210,0.00223622,0.10409006,0.99996174,0.908905,True,False,2136,48,72357,80988,153359
8192,Dominant,702,1,1,1,0.15802893,0.00001203,0.00198095,0.10417993,0.99996279,0.908600,True,False,2184,96,71538,80506,152058
8192,Dominant,703,1,1,1,0.15725388,0.00001268,0.00147542,0.11256555,0.99996000,0.901398,True,False,2136,48,72343,81213,153570
8192,Dominant,704,1,1,1,0.15839428,0.00001223,0.00256109,0.10499635,0.99996096,0.908173,True,False,2104,16,71258,79074,150346
8192,Dominant,705,1,1,1,0.15651375,0.00001241,0.00142321,0.10998722,0.99996090,0.903290,True,False,2170,48,71290,78840,150144
8192,Dominant,706,1,1,1,0.15806466,0.00001215,0.00228092,0.10483618,0.99996172,0.908081,True,False,2154,32,70885,78771,149670
8192,Dominant,707,1,1,1,0.15768836,0.00001279,0.00128444,0.11450724,0.99995988,0.899719,False,False,2184,96,71920,78665,150599
8192,Dominant,708,1,1,1,0.15802024,0.00001210,0.00177608,0.10530208,0.99996297,0.907715,True,False,2136,48,70823,78908,149745
8192,Dominant,709,1,1,1,0.15812153,0.00001210,0.00289528,0.10273875,0.99996046,0.910126,True,False,2121,16,72776,78821,151611
8192,Dominant,710,1,1,1,0.15828820,0.00001217,0.00169085,0.10630356,0.99996240,0.906921,True,False,2136,48,75245,82079,157338
8192,Dominant,711,1,1,1,0.15828212,0.00001211,0.00184943,0.10525817,0.99996277,0.907806,True,False,2137,32,72506,80499,153019
8192,Dominant,712,1,1,1,0.15715605,0.00001174,0.00267214,0.09863035,0.99996314,0.913757,True,False,2120,32,71386,80155,151555
8192,Dominant,713,1,1,1,0.15725304,0.00001180,0.00251395,0.09948510,0.99996295,0.912903,True,False,2120,32,72012,79093,151119
8192,Dominant,714,1,1,1,0.15767902,0.00001193,0.00233139,0.10190523,0.99996265,0.910858,True,False,2137,32,71794,78338,150146
8192,Dominant,715,1,1,1,0.15773056,0.00001316,0.00063179,0.11980853,0.99995941,0.894623,False,False,2218,96,71427,79285,150726
8192,Dominant,716,1,1,1,0.15780650,0.00001278,0.00122721,0.11439000,0.99996031,0.899719,False,False,2120,32,70550,78788,149352
8192,Dominant,717,1,1,1,0.15699866,0.00001255,0.00069359,0.11317471,0.99996138,0.900482,True,False,2200,112,71534,79119,150667
8192,Dominant,718,1,1,1,0.15759599,0.00001284,0.00131598,0.11488760,0.99995973,0.899323,False,False,2136,48,71463,80151,151628
8192,Dominant,719,1,1,1,0.15885219,0.00001320,0.00027145,0.12130718,0.99996019,0.893433,False,False,2168,80,72465,81101,153580
8192,Dominant,720,1,1,1,0.16063671,0.00001272,0.00098668,0.11440093,0.99996248,0.899689,False,False,2169,64,76929,82433,159376
8192,Dominant,721,1,1,1,0.15686911,0.00001263,0.00118947,0.11300554,0.99996065,0.900696,True,False,2104,16,71871,79085,150970
8192,Dominant,722,1,1,1,0.15831387,0.00001298,0.00102425,0.11725228,0.99995987,0.897003,False,False,2185,80,71690,85845,157549
8192,Dominant,723,1,1,1,0.15605290,0.00001266,0.00093871,0.11335208,0.99996015,0.900055,True,False,2168,80,71359,79120,150493
8192,Dominant,724,1,1,1,0.15768996,0.00001299,0.00073351,0.11779671,0.99995993,0.896332,False,False,2137,32,71160,78976,150150
8192,Dominant,725,1,1,1,0.15800354,0.00001210,0.00218953,0.10417218,0.99996181,0.908691,True,False,2153,48,77000,81104,158118
8192,Dominant,726,1,1,1,0.15855415,0.00001217,0.00136341,0.10743696,0.99996336,0.905762,True,False,2202,80,71444,78812,150270
8192,Dominant,727,1,1,1,0.15684518,0.00001253,0.00228149,0.10923810,0.99995907,0.904449,True,False,2120,32,71050,80025,151089
8192,Dominant,728,1,1,1,0.15846621,0.00001295,0.00068855,0.11796157,0.99996039,0.896515,False,False,2184,96,70754,79737,150505
8192,Dominant,729,1,1,1,0.15793790,0.00001195,0.00198062,0.10315793,0.99996315,0.909515,True,False,2152,64,70505,79212,149731
8192,Dominant,730,1,1,1,0.15711784,0.00001253,0.00161172,0.11100918,0.99995975,0.902954,True,False,2152,64,69488,79062,148564
8192,Dominant,731,1,1,1,0.15787761,0.00001276,0.00130852,0.11437490,0.99995982,0.899750,False,False,2218,96,71738,78576,150328
8192,Dominant,732,1,1,1,0.15847124,0.00001222,0.00193471,0.10665492,0.99996204,0.906525,True,False,2153,48,71064,78866,149944
8192,Dominant,733,1,1,1,0.15889926,0.00001240,0.00202483,0.10834781,0.99996078,0.905243,True,False,2136,48,71826,79212,151052
8192,Dominant,734,1,1,1,0.15792224,0.00001200,0.00172161,0.10433587,0.99996323,0.908508,True,False,2170,48,71831,79546,151391
8192,Dominant,735,1,1,1,0.15687491,0.00001157,0.00289255,0.09602860,0.99996294,0.915894,True,False,2104,16,71656,79476,151146
8192,Dominant,736,1,1,1,0.15751942,0.00001269,0.00139260,0.11304464,0.99996013,0.900879,True,False,2186,64,71660,80232,151906
8192,Dominant,737,1,1,1,0.15878725,0.00001231,0.00088580,0.10999013,0.99996364,0.903412,True,False,2170,48,72224,80133,152371
8192,Dominant,738,1,1,1,0.15737668,0.00001201,0.00214595,0.10338174,0.99996183,0.909210,True,False,2136,48,71612,78712,150338
8192,Dominant,739,1,1,1,0.15839449,0.00001297,0.00042477,0.11869401,0.99996081,0.895874,False,False,2216,128,72140,79328,151482
8192,Dominant,740,1,1,1,0.15889159,0.00001234,0.00111698,0.10997152,0.99996325,0.903473,True,False,2168,80,71241,88060,159315
8192,Dominant,741,1,1,1,0.15827163,0.00001299,0.00109701,0.11716879,0.99995968,0.897186,False,False,2152,64,75772,78987,154773
8192,Dominant,742,1,1,1,0.15700828,0.00001235,0.00159945,0.10892750,0.99996146,0.904388,True,False,2136,48,71688,78911,150613
8192,Dominant,743,1,1,1,0.15877396,0.00001241,0.00135691,0.11001764,0.99996253,0.903656,True,False,2152,64,72162,83191,155367
8192,Dominant,744,1,1,1,0.15818237,0.00001214,0.00216298,0.10501086,0.99996175,0.907898,True,False,2136,48,70825,79455,150294
8192,Dominant,745,1,1,1,0.15759483,0.00001296,0.00058463,0.11793344,0.99996010,0.896210,False,False,2179,64,71107,79121,150242
8192,Dominant,746,1,1,1,0.15840328,0.00001230,0.00215535,0.10642015,0.99996149,0.906799,True,False,2136,48,70447,80513,150974
8192,Dominant,747,1,1,1,0.15825520,0.00001291,0.00114401,0.11632446,0.99995980,0.897888,False,False,2168,80,70823,80132,150969
8192,Dominant,748,1,1,1,0.15654548,0.00001265,0.00044540,0.11479223,0.99996137,0.898895,False,False,2216,128,71575,79283,150872
8192,Dominant,749,1,1,1,0.15860261,0.00001228,0.00223036,0.10625416,0.99996109,0.906952,True,False,2149,32,71043,78880,149937
8192,Dominant,750,1,1,1,0.15709801,0.00001188,0.00254704,0.10109137,0.99996153,0.911407,True,False,2153,48,71387,79059,150460
8192,Dominant,751,1,1,1,0.15886189,0.00001238,0.00105532,0.11026973,0.99996296,0.903168,True,False,2152,64,71831,78740,150585
8192,Dominant,752,1,1,1,0.15845583,0.00001302,0.00060737,0.11861487,0.99996026,0.895905,False,False,2153,48,75787,81149,156950
8192,Dominant,753,1,1,1,0.15928486,0.00001257,0.00050955,0.11389778,0.99996323,0.900055,True,False,2152,64,71171,79188,150373
8192,Dominant,754,1,1,1,0.15758231,0.00001276,0.00178738,0.11309060,0.99995917,0.900940,True,False,2136,48,71055,79367,150436
8192,Dominant,755,1,1,1,0.15857077,0.00001325,0.00070605,0.12084286,0.99995912,0.894135,False,False,2120,32,70527,78903,149444
8192,Dominant,756,1,1,1,0.15763940,0.00001200,0.00261523,0.10201583,0.99996178,0.910583,True,False,2124,16,71546,79500,151060
8192,Dominant,757,1,1,1,0.15744153,0.00001263,0.00137904,0.11277218,0.99996006,0.901276,True,False,2184,96,72150,78711,150875
8192,Dominant,758,1,1,1,0.15821470,0.00001205,0.00161183,0.10531242,0.99996341,0.907654,True,False,2168,80,71431,78845,150290
8192,Dominant,759,1,1,1,0.15856828,0.00001326,0.00064735,0.12104802,0.99995908,0.893829,False,False,2202,80,71902,79061,150977
8192,Dominant,760,1,1,1,0.15749013,0.00001272,0.00154398,0.11298409,0.99995963,0.900940,True,False,2153,48,71634,79107,150755
8192,Dominant,761,1,1,1,0.15791351,0.00001220,0.00166930,0.10687183,0.99996193,0.906189,True,False,2154,32,73185,80574,153773
8192,Dominant,762,1,1,1,0.15682971,0.00001252,0.00064905,0.11284836,0.99996204,0.900635,True,False,2136,48,76326,80060,156400
8192,Dominant,763,1,1,1,0.15716472,0.00001240,0.00193100,0.10868609,0.99996005,0.904755,True,False,2120,32,71369,78967,150350
8192,Dominant,764,1,1,1,0.15868096,0.00001233,0.00224344,0.10672471,0.99996128,0.906494,True,False,2104,16,70310,79538,149862
8192,Dominant,765,1,1,1,0.15773039,0.00001206,0.00292082,0.10157782,0.99996111,0.911316,True,False,2104,16,72256,78036,150306
8192,Dominant,766,1,1,1,0.15951696,0.00001274,0.00070429,0.11510071,0.99996224,0.898987,False,False,2121,16,70821,78022,148857
8192,Dominant,767,1,1,1,0.15674333,0.00001215,0.00207832,0.10559789,0.99996094,0.907410,True,False,2137,32,71847,78421,150282
8192,Dominant,768,1,1,1,0.15747534,0.00001273,0.00113155,0.11408258,0.99996024,0.900085,True,False,2152,64,71004,79050,150068
8192,Dominant,769,1,1,1,0.15840292,0.00001209,0.00163692,0.10573904,0.99996301,0.907227,True,False,2120,32,72000,79611,151625
8192,Dominant,770,1,1,1,0.15701847,0.00001170,0.00253528,0.09915906,0.99996298,0.913177,True,False,2137,32,70586,79699,150299
8192,Dominant,771,1,1,1,0.15905756,0.00001224,0.00290403,0.10413634,0.99996054,0.908844,True,False,2136,48,71015,79649,150678
8192,Dominant,772,1,1,1,0.15774563,0.00001299,0.00055569,0.11826212,0.99996006,0.896057,False,False,2153,48,71576,78504,150094
8192,Dominant,773,1,1,1,0.15890636,0.00001240,0.00073598,0.11148816,0.99996376,0.902313,True,False,2136,48,70886,79005,149905
8192,Dominant,774,1,1,1,0.15830997,0.00001305,0.00050932,0.11893042,0.99996070,0.895477,False,False,2201,96,71923,78982,150919
8192,Dominant,775,1,1,1,0.15753493,0.00001266,0.00128560,0.11329183,0.99996017,0.900757,True,False,2200,112,71804,79401,151219
8192,Dominant,776,1,1,1,0.15678388,0.00001253,0.00081708,0.11249447,0.99996142,0.901031,True,False,2136,48,71911,79239,151164
8192,Dominant,777,1,1,1,0.15850767,0.00001318,0.00076911,0.11995714,0.99995948,0.894775,False,False,2168,80,76974,79181,156169
8192,Dominant,778,1,1,1,0.15861055,0.00001229,0.00139846,0.10849951,0.99996292,0.904816,True,False,2152,64,79721,85923,165658
8192,Dominant,779,1,1,1,0.15770718,0.00001283,0.00111297,0.11508725,0.99996005,0.899078,False,False,2136,48,72076,86691,158781
8192,Dominant,780,1,1,1,0.15749989,0.00001263,0.00180887,0.11154162,0.99995962,0.902313,True,False,2153,48,70915,84396,155325
8192,Dominant,781,1,1,1,0.15678506,0.00001224,0.00234167,0.10582062,0.99996003,0.907227,True,False,2120,32,71253,79261,150528
8192,Dominant,782,1,1,1,0.15753798,0.00001198,0.00225902,0.10222494,0.99996267,0.910431,True,False,2136,48,71846,79013,150873
8192,Dominant,783,1,1,1,0.15787719,0.00001194,0.00188886,0.10291481,0.99996321,0.909760,True,False,2104,16,71076,79170,150260
8192,Dominant,784,1,1,1,0.15681313,0.00001245,0.00255771,0.10749446,0.99995848,0.905975,True,False,2136,32,72382,79921,152317
8192,Dominant,785,1,1,1,0.15765516,0.00001277,0.00165336,0.11346280,0.99995971,0.900513,True,False,2153,48,73516,79085,152615
8192,Dominant,786,1,1,1,0.15784709,0.00001204,0.00252931,0.10279098,0.99996176,0.909943,True,False,2104,16,71061,79594,150669
8192,Dominant,787,1,1,1,0.15905802,0.00001219,0.00229308,0.10494495,0.99996190,0.908264,True,False,2120,32,71115,79233,150362
8192,Dominant,788,1,1,1,0.15693156,0.00001250,0.00109643,0.11172191,0.99996054,0.901764,True,False,2168,64,71044,79492,150550
8192,Dominant,789,1,1,1,0.15662636,0.00001200,0.00231755,0.10333825,0.99996153,0.909393,True,False,2153,48,71687,79845,151546
8192,Dominant,790,1,1,1,0.15821415,0.00001200,0.00292459,0.10163934,0.99996113,0.911041,True,False,2121,16,71514,78656,150184
8192,Dominant,791,1,1,1,0.15728723,0.00001285,0.00125894,0.11515618,0.99995904,0.898804,False,False,2120,32,70473,78504,148991
8192,Dominant,792,1,1,1,0.15700939,0.00001259,0.00056066,0.11406200,0.99996188,0.899719,False,False,2152,64,71749,79862,151625
8192,Dominant,793,1,1,1,0.15782754,0.00001207,0.00239626,0.10345123,0.99996181,0.909485,True,False,2136,48,71133,79295,150442
8192,Dominant,794,1,1,1,0.15779629,0.00001205,0.00239703,0.10296548,0.99996150,0.909882,True,False,2170,48,72101,79876,151991
8192,Dominant,795,1,1,1,0.15876770,0.00001233,0.00224812,0.10695873,0.99996061,0.906494,True,False,2152,64,72447,79934,152395
8192,Dominant,796,1,1,1,0.15821962,0.00001304,0.00081341,0.11828475,0.99995962,0.896240,False,False,2120,32,70719,79304,150037
8192,Dominant,797,1,1,1,0.15732852,0.00001276,0.00051565,0.11587263,0.99996112,0.898071,False,False,2168,80,71204,78317,149535
8192,Dominant,798,1,1,1,0.15880364,0.00001221,0.00202924,0.10614431,0.99996216,0.906921,True,False,2186,64,71729,79468,151211
8192,Dominant,799,1,1,1,0.15706518,0.00001243,0.00154243,0.10999757,0.99996098,0.903656,True,False,2153,48,71889,78962,150865
8192,Near_Zero,800,0,0,N/A,0.00000000,0.00001415,0.00003042,0.13264584,0.99088072,0.884125,False,False,2122,0,71039,79442,150495
8192,Near_Zero,801,0,0,N/A,0.00000000,0.00001379,0.00003041,0.12920977,0.99097726,0.887115,False,False,2122,0,74218,81567,155799
8192,Near_Zero,802,0,0,N/A,0.00000000,0.00001385,0.00003041,0.12980078,0.99096490,0.886597,False,False,2088,0,71262,79111,150387
8192,Near_Zero,803,0,0,N/A,0.00000000,0.00001419,0.00003042,0.13298981,0.99087783,0.883820,False,False,2088,0,71500,79779,151293
8192,Near_Zero,804,0,0,N/A,0.00000000,0.00001392,0.00003041,0.13050211,0.99094481,0.885986,False,False,2104,16,70756,79315,150085
8192,Near_Zero,805,0,0,N/A,0.00000000,0.00001386,0.00003041,0.12987685,0.99095724,0.886536,False,False,2138,16,72306,80669,152989
8192,Near_Zero,806,0,0,N/A,0.00000000,0.00001373,0.00003040,0.12870551,0.99100478,0.887543,False,False,2105,0,70028,78769,148811
8192,Near_Zero,807,0,0,N/A,0.00000000,0.00001407,0.00003041,0.13187011,0.99090596,0.884796,False,False,2105,0,72156,79025,151195
8192,Near_Zero,808,0,0,N/A,0.00000000,0.00001394,0.00003041,0.13063869,0.99094398,0.885864,False,False,2088,0,71921,79255,151190
8192,Near_Zero,809,0,0,N/A,0.00000000,0.00001375,0.00003040,0.12885261,0.99099420,0.887421,False,False,2088,0,71821,78764,150599
8192,Near_Zero,810,0,0,N/A,0.00000000,0.00001381,0.00003040,0.12941889,0.99097245,0.886932,False,False,2088,0,72268,78271,150553
8192,Near_Zero,811,0,0,N/A,0.00000000,0.00001443,0.00003044,0.13530886,0.99081429,0.881805,False,False,2088,0,72438,79476,151928
8192,Near_Zero,812,0,0,N/A,0.00000000,0.00001423,0.00003042,0.13345208,0.99085965,0.883423,False,False,2138,16,71438,79706,151158
8192,Near_Zero,813,0,0,N/A,0.00000000,0.00001399,0.00003041,0.13110237,0.99092359,0.885468,False,False,2088,0,71701,84698,156413
8192,Near_Zero,814,0,0,N/A,0.00000000,0.00001390,0.00003041,0.13028869,0.99095346,0.886169,False,False,2122,0,71000,78867,149881
8192,Near_Zero,815,0,0,N/A,0.00000000,0.00001405,0.00003042,0.13170018,0.99090520,0.884949,False,False,2121,16,71536,79111,150661
8192,Near_Zero,816,0,0,N/A,0.00000000,0.00001384,0.00003041,0.12976293,0.99096856,0.886627,False,False,2121,16,71498,80668,152180
8192,Near_Zero,817,0,0,N/A,0.00000000,0.00001387,0.00003041,0.13000709,0.99096252,0.886414,False,False,2122,0,70863,78825,149702
8192,Near_Zero,818,0,0,N/A,0.00000000,0.00001398,0.00003041,0.13105827,0.99093338,0.885498,False,False,2138,16,71006,79477,150497
8192,Near_Zero,819,0,0,N/A,0.00000000,0.00001396,0.00003041,0.13084938,0.99093777,0.885681,False,False,2104,16,71358,79142,150514
8192,Near_Zero,820,0,0,N/A,0.00000000,0.00001402,0.00003042,0.13138122,0.99091752,0.885223,False,False,2138,16,71514,80290,151818
8192,Near_Zero,821,0,0,N/A,0.00000000,0.00001414,0.00003042,0.13257580,0.99088207,0.884186,False,False,2121,16,72867,80846,153727
8192,Near_Zero,822,0,0,N/A,0.00000000,0.00001414,0.00003042,0.13253653,0.99088724,0.884216,False,False,2138,16,70346,79370,149730
8192,Near_Zero,823,0,0,N/A,0.00000000,0.00001408,0.00003041,0.13201064,0.99090146,0.884674,False,False,2088,0,70021,78951,148986
8192,Near_Zero,824,0,0,N/A,0.00000000,0.00001383,0.00003041,0.12962343,0.99097179,0.886749,False,False,2104,16,72019,79441,151474
8192,Near_Zero,825,0,0,N/A,0.00000000,0.00001366,0.00003040,0.12798273,0.99101423,0.888184,False,False,2104,16,72457,78871,151342
8192,Near_Zero,826,0,0,N/A,0.00000000,0.00001402,0.00003041,0.13141788,0.99091490,0.885193,False,False,2104,16,70956,78642,149612
8192,Near_Zero,827,0,0,N/A,0.00000000,0.00001361,0.00003040,0.12752134,0.99103376,0.888580,False,False,2088,0,71192,79333,150539
8192,Near_Zero,828,0,0,N/A,0.00000000,0.00001383,0.00003041,0.12965804,0.99097133,0.886719,False,False,2120,32,70895,79655,150564
8192,Near_Zero,829,0,0,N/A,0.00000000,0.00001392,0.00003041,0.13046427,0.99094812,0.886017,False,False,2104,16,71022,79225,150261
8192,Near_Zero,830,0,0,N/A,0.00000000,0.00001378,0.00003041,0.12913449,0.99098466,0.887177,False,False,2105,0,70846,79683,150543
8192,Near_Zero,831,0,0,N/A,0.00000000,0.00001373,0.00003040,0.12864084,0.99100191,0.887604,False,False,2088,0,71725,79418,151157
8192,Near_Zero,832,0,0,N/A,0.00000000,0.00001380,0.00003041,0.12931375,0.99097556,0.887024,False,False,2104,16,70326,79004,149344
8192,Near_Zero,833,0,0,N/A,0.00000000,0.00001380,0.00003040,0.12930865,0.99098058,0.887024,False,False,2088,0,71230,78984,150228
8192,Near_Zero,834,0,0,N/A,0.00000000,0.00001394,0.00003041,0.13067174,0.99094531,0.885834,False,False,2104,16,70699,78643,149356
8192,Near_Zero,835,0,0,N/A,0.00000000,0.00001414,0.00003042,0.13254615,0.99087812,0.884216,False,False,2105,0,71309,79422,150745
8192,Near_Zero,836,0,0,N/A,0.00000000,0.00001400,0.00003040,0.13127190,0.99092462,0.885315,False,False,2088,0,74330,78716,153060
8192,Near_Zero,837,0,0,N/A,0.00000000,0.00001382,0.00003041,0.12951686,0.99097640,0.886841,False,False,2105,0,72448,79376,151838
8192,Near_Zero,838,0,0,N/A,0.00000000,0.00001414,0.00003041,0.13253434,0.99088972,0.884216,False,False,2104,0,71096,79053,150163
8192,Near_Zero,839,0,0,N/A,0.00000000,0.00001396,0.00003041,0.13085777,0.99092991,0.885681,False,False,2122,0,71009,79640,150663
8192,Near_Zero,840,0,0,N/A,0.00000000,0.00001379,0.00003040,0.12924328,0.99097750,0.887085,False,False,2105,0,69436,78779,148229
8192,Near_Zero,841,0,0,N/A,0.00000000,0.00001399,0.00003041,0.13116020,0.99093369,0.885406,False,False,2104,16,70698,78695,149407
8192,Near_Zero,842,0,0,N/A,0.00000000,0.00001411,0.00003042,0.13225988,0.99089111,0.884460,False,False,2121,16,71229,79464,150707
8192,Near_Zero,843,0,0,N/A,0.00000000,0.00001415,0.00003042,0.13260613,0.99088636,0.884155,False,False,2138,16,72001,78701,150716
8192,Near_Zero,844,0,0,N/A,0.00000000,0.00001371,0.00003040,0.12850200,0.99100444,0.887726,False,False,2104,16,71246,79985,151245
8192,Near_Zero,845,0,0,N/A,0.00000000,0.00001394,0.00003041,0.13064293,0.99094010,0.885864,False,False,2105,0,70573,78953,149540
8192,Near_Zero,846,0,0,N/A,0.00000000,0.00001397,0.00003042,0.13099197,0.99093132,0.885559,False,False,2120,32,75876,79832,155722
8192,Near_Zero,847,0,0,N/A,0.00000000,0.00001396,0.00003042,0.13085573,0.99093163,0.885681,False,False,2121,16,72206,80630,152850
8192,Near_Zero,848,0,0,N/A,0.00000000,0.00001405,0.00003041,0.13173993,0.99090004,0.884918,False,False,2122,0,71569,79843,151426
8192,Near_Zero,849,0,0,N/A,0.00000000,0.00001420,0.00003042,0.13308707,0.99088307,0.883728,False,False,2088,0,94386,80014,174414
8192,Near_Zero,850,0,0,N/A,0.00000000,0.00001409,0.00003042,0.13211367,0.99090069,0.884583,False,False,2104,16,70907,78668,149589
8192,Near_Zero,851,0,0,N/A,0.00000000,0.00001424,0.00003042,0.13352439,0.99085575,0.883362,False,False,2138,16,71605,79376,150995
8192,Near_Zero,852,0,0,N/A,0.00000000,0.00001397,0.00003041,0.13096346,0.99092609,0.885590,False,False,2088,0,71015,78537,149566
8192,Near_Zero,853,0,0,N/A,0.00000000,0.00001408,0.00003042,0.13197798,0.99090061,0.884705,False,False,2105,0,71642,79613,151269
8192,Near_Zero,854,0,0,N/A,0.00000000,0.00001422,0.00003042,0.13334566,0.99086349,0.883514,False,False,2104,16,70798,79558,150370
8192,Near_Zero,855,0,0,N/A,0.00000000,0.00001425,0.00003042,0.13359392,0.99085460,0.883301,False,False,2104,16,71140,79900,151054
8192,Near_Zero,856,0,0,N/A,0.00000000,0.00001391,0.00003041,0.13035608,0.99095428,0.886108,False,False,2104,16,72517,81294,153825
8192,Near_Zero,857,0,0,N/A,0.00000000,0.00001384,0.00003041,0.12973027,0.99096739,0.886658,False,False,2088,0,70879,79470,150363
8192,Near_Zero,858,0,0,N/A,0.00000000,0.00001414,0.00003041,0.13254107,0.99088340,0.884216,False,False,2088,0,70840,79047,149901
8192,Near_Zero,859,0,0,N/A,0.00000000,0.00001391,0.00003041,0.13044145,0.99093722,0.886047,False,False,2104,16,71136,80083,151233
8192,Near_Zero,860,0,0,N/A,0.00000000,0.00001389,0.00003042,0.13017957,0.99096018,0.886261,False,False,2088,0,71504,78897,150415
8192,Near_Zero,861,0,0,N/A,0.00000000,0.00001419,0.00003042,0.13299482,0.99087289,0.883820,False,False,2104,16,72686,80161,152861
8192,Near_Zero,862,0,0,N/A,0.00000000,0.00001405,0.00003042,0.13169470,0.99091093,0.884949,False,False,2088,0,71256,79075,150345
8192,Near_Zero,863,0,0,N/A,0.00000000,0.00001393,0.00003040,0.13060393,0.99094488,0.885895,False,False,2088,0,71840,79847,151701
8192,Near_Zero,864,0,0,N/A,0.00000000,0.00001412,0.00003042,0.13239564,0.99089204,0.884338,False,False,2088,0,70703,79189,149906
8192,Near_Zero,865,0,0,N/A,0.00000000,0.00001406,0.00003041,0.13183374,0.99090776,0.884827,False,False,2120,32,71192,78887,150093
8192,Near_Zero,866,0,0,N/A,0.00000000,0.00001404,0.00003042,0.13165661,0.99091497,0.884979,False,False,2121,16,71455,79007,150476
8192,Near_Zero,867,0,0,N/A,0.00000000,0.00001410,0.00003041,0.13221726,0.99089958,0.884491,False,False,2088,0,72065,78699,150778
8192,Near_Zero,868,0,0,N/A,0.00000000,0.00001404,0.00003041,0.13162592,0.99091107,0.885010,False,False,2088,0,72935,79348,152297
8192,Near_Zero,869,0,0,N/A,0.00000000,0.00001384,0.00003040,0.12969755,0.99096593,0.886688,False,False,2122,0,74814,81456,156284
8192,Near_Zero,870,0,0,N/A,0.00000000,0.00001396,0.00003041,0.13088755,0.99093384,0.885651,False,False,2104,16,71721,78999,150734
8192,Near_Zero,871,0,0,N/A,0.00000000,0.00001375,0.00003040,0.12885223,0.99099444,0.887421,False,False,2104,16,70944,79712,150670
8192,Near_Zero,872,0,0,N/A,0.00000000,0.00001371,0.00003041,0.12853422,0.99100637,0.887695,False,False,2120,32,70576,79126,149716
8192,Near_Zero,873,0,0,N/A,0.00000000,0.00001384,0.00003041,0.12976435,0.99096759,0.886627,False,False,2138,16,71291,79038,150343
8192,Near_Zero,874,0,0,N/A,0.00000000,0.00001389,0.00003040,0.13018291,0.99095723,0.886261,False,False,2088,0,73904,79166,153084
8192,Near_Zero,875,0,0,N/A,0.00000000,0.00001390,0.00003041,0.13029767,0.99094473,0.886169,False,False,2105,0,71615,84929,156558
8192,Near_Zero,876,0,0,N/A,0.00000000,0.00001403,0.00003041,0.13151325,0.99092179,0.885101,False,False,2120,32,71012,82379,153405
8192,Near_Zero,877,0,0,N/A,0.00000000,0.00001373,0.00003040,0.12870620,0.99100451,0.887543,False,False,2120,16,71636,78657,150307
8192,Near_Zero,878,0,0,N/A,0.00000000,0.00001407,0.00003042,0.13186747,0.99090846,0.884796,False,False,2122,0,72476,79340,151830
8192,Near_Zero,879,0,0,N/A,0.00000000,0.00001407,0.00003041,0.13190627,0.99090388,0.884766,False,False,2088,0,71500,78858,150372
8192,Near_Zero,880,0,0,N/A,0.00000000,0.00001374,0.00003040,0.12875172,0.99099328,0.887512,False,False,2104,16,71765,80394,152173
8192,Near_Zero,881,0,0,N/A,0.00000000,0.00001389,0.00003041,0.13022047,0.99095350,0.886230,False,False,2088,0,70650,79605,150269
8192,Near_Zero,882,0,0,N/A,0.00000000,0.00001390,0.00003041,0.13033014,0.99094605,0.886139,False,False,2104,16,70180,78681,148875
8192,Near_Zero,883,0,0,N/A,0.00000000,0.00001405,0.00003042,0.13172853,0.99091099,0.884918,False,False,2105,0,71171,78840,150025
8192,Near_Zero,884,0,0,N/A,0.00000000,0.00001381,0.00003040,0.12941225,0.99097866,0.886932,False,False,2104,16,71635,80037,151686
8192,Near_Zero,885,0,0,N/A,0.00000000,0.00001391,0.00003041,0.13042273,0.99095566,0.886047,False,False,2121,16,72128,79103,151245
8192,Near_Zero,886,0,0,N/A,0.00000000,0.00001358,0.00003040,0.12730959,0.99104123,0.888763,False,False,2088,0,71121,78821,149956
8192,Near_Zero,887,0,0,N/A,0.00000000,0.00001400,0.00003041,0.13123991,0.99092216,0.885345,False,False,2105,0,71575,78709,150298
8192,Near_Zero,888,0,0,N/A,0.00000000,0.00001391,0.00003041,0.13039233,0.99095230,0.886078,False,False,2088,0,70625,79475,150114
8192,Near_Zero,889,0,0,N/A,0.00000000,0.00001389,0.00003041,0.13015285,0.99095331,0.886292,False,False,2104,16,74355,80513,154882
8192,Near_Zero,890,0,0,N/A,0.00000000,0.00001390,0.00003041,0.13032648,0.99094982,0.886139,False,False,2105,0,71432,80020,151466
8192,Near_Zero,891,0,0,N/A,0.00000000,0.00001383,0.00003041,0.12966176,0.99096788,0.886719,False,False,2088,0,72445,79365,151824
8192,Near_Zero,892,0,0,N/A,0.00000000,0.00001395,0.00003041,0.13077936,0.99093975,0.885742,False,False,2104,16,75171,80670,155855
8192,Near_Zero,893,0,0,N/A,0.00000000,0.00001355,0.00003039,0.12696663,0.99104499,0.889069,False,False,2121,16,71513,78410,149937
8192,Near_Zero,894,0,0,N/A,0.00000000,0.00001417,0.00003042,0.13281509,0.99088198,0.883972,False,False,2121,16,71606,82980,154600
8192,Near_Zero,895,0,0,N/A,0.00000000,0.00001396,0.00003042,0.13085384,0.99093343,0.885681,False,False,2088,0,70562,78713,149289
8192,Near_Zero,896,0,0,N/A,0.00000000,0.00001397,0.00003041,0.13095543,0.99093413,0.885590,False,False,2088,0,72534,80097,152645
8192,Near_Zero,897,0,0,N/A,0.00000000,0.00001390,0.00003041,0.13029140,0.99095100,0.886169,False,False,2105,0,71526,79953,151493
8192,Near_Zero,898,0,0,N/A,0.00000000,0.00001410,0.00003042,0.13218176,0.99090129,0.884521,False,False,2088,0,71651,79421,151086
8192,Near_Zero,899,0,0,N/A,0.00000000,0.00001384,0.00003040,0.12969310,0.99097026,0.886688,False,False,2104,16,71306,77796,149116
8192,Near_Zero,900,0,0,N/A,0.00000000,0.00001393,0.00003041,0.13057115,0.99094363,0.885925,False,False,2120,32,70327,78967,149308
8192,Near_Zero,901,0,0,N/A,0.00000000,0.00001413,0.00003042,0.13246233,0.99089344,0.884277,False,False,2104,16,72345,79096,151455
8192,Near_Zero,902,0,0,N/A,0.00000000,0.00001379,0.00003041,0.12927981,0.99097541,0.887054,False,False,2120,32,71719,80183,151916
8192,Near_Zero,903,0,0,N/A,0.00000000,0.00001393,0.00003041,0.13057433,0.99094077,0.885925,False,False,2104,16,72025,79265,151304
8192,Near_Zero,904,0,0,N/A,0.00000000,0.00001386,0.00003041,0.12987083,0.99096251,0.886536,False,False,2104,16,70995,80171,151180
8192,Near_Zero,905,0,0,N/A,0.00000000,0.00001380,0.00003041,0.12934257,0.99098032,0.886993,False,False,2105,0,70601,79448,150063
8192,Near_Zero,906,0,0,N/A,0.00000000,0.00001391,0.00003042,0.13036176,0.99094864,0.886108,False,False,2121,16,72022,85862,157898
8192,Near_Zero,907,0,0,N/A,0.00000000,0.00001409,0.00003042,0.13211442,0.99090012,0.884583,False,False,2088,0,70234,78868,149116
8192,Near_Zero,908,0,0,N/A,0.00000000,0.00001402,0.00003041,0.13144598,0.99092081,0.885162,False,False,2104,16,71141,78973,150128
8192,Near_Zero,909,0,0,N/A,0.00000000,0.00001392,0.00003040,0.13043145,0.99094708,0.886047,False,False,2104,16,72757,79231,152002
8192,Near_Zero,910,0,0,N/A,0.00000000,0.00001416,0.00003042,0.13274092,0.99088799,0.884033,False,False,2088,0,71597,78993,150604
8192,Near_Zero,911,0,0,N/A,0.00000000,0.00001376,0.00003040,0.12899381,0.99098895,0.887299,False,False,2088,0,71371,78949,150334
8192,Near_Zero,912,0,0,N/A,0.00000000,0.00001384,0.00003041,0.12973025,0.99096735,0.886658,False,False,2105,0,71381,79035,150430
8192,Near_Zero,913,0,0,N/A,0.00000000,0.00001371,0.00003040,0.12853517,0.99100552,0.887695,False,False,2138,16,71643,79239,150896
8192,Near_Zero,914,0,0,N/A,0.00000000,0.00001397,0.00003041,0.13095229,0.99093711,0.885590,False,False,2104,16,71239,79649,150902
8192,Near_Zero,915,0,0,N/A,0.00000000,0.00001375,0.00003040,0.12888208,0.99099859,0.887390,False,False,2104,16,72188,79971,152173
8192,Near_Zero,916,0,0,N/A,0.00000000,0.00001390,0.00003040,0.13029298,0.99094933,0.886169,False,False,2105,0,71894,79100,151008
8192,Near_Zero,917,0,0,N/A,0.00000000,0.00001397,0.00003041,0.13092315,0.99093218,0.885620,False,False,2088,0,75791,78994,154799
8192,Near_Zero,918,0,0,N/A,0.00000000,0.00001413,0.00003042,0.13243600,0.99088586,0.884308,False,False,2104,16,71831,79243,151088
8192,Near_Zero,919,0,0,N/A,0.00000000,0.00001382,0.00003040,0.12947596,0.99098311,0.886871,False,False,2105,0,71530,79268,150812
8192,Near_Zero,920,0,0,N/A,0.00000000,0.00001380,0.00003041,0.12930355,0.99098537,0.887024,False,False,2121,16,70946,79079,150039
8192,Near_Zero,921,0,0,N/A,0.00000000,0.00001357,0.00003040,0.12720916,0.99103989,0.888855,False,False,2138,16,70789,79354,150157
8192,Near_Zero,922,0,0,N/A,0.00000000,0.00001410,0.00003041,0.13214560,0.99090311,0.884552,False,False,2104,16,71531,80120,151665
8192,Near_Zero,923,0,0,N/A,0.00000000,0.00001413,0.00003042,0.13247126,0.99088505,0.884277,False,False,2138,16,71873,79210,151097
8192,Near_Zero,924,0,0,N/A,0.00000000,0.00001417,0.00003042,0.13288491,0.99087988,0.883911,False,False,2088,0,70533,79056,149603
8192,Near_Zero,925,0,0,N/A,0.00000000,0.00001400,0.00003041,0.13120855,0.99091960,0.885376,False,False,2138,16,72064,78685,150763
8192,Near_Zero,926,0,0,N/A,0.00000000,0.00001390,0.00003041,0.13033046,0.99094608,0.886139,False,False,2104,16,74909,79514,154437
8192,Near_Zero,927,0,0,N/A,0.00000000,0.00001429,0.00003042,0.13397766,0.99084648,0.882965,False,False,2104,16,71517,77931,149462
8192,Near_Zero,928,0,0,N/A,0.00000000,0.00001386,0.00003041,0.12990865,0.99095906,0.886505,False,False,2122,0,71622,78724,150360
8192,Near_Zero,929,0,0,N/A,0.00000000,0.00001432,0.00003042,0.13425837,0.99083938,0.882721,False,False,2104,16,70839,79191,150044
8192,Near_Zero,930,0,0,N/A,0.00000000,0.00001402,0.00003042,0.13141897,0.99091340,0.885193,False,False,2105,0,70301,79911,150226
8192,Near_Zero,931,0,0,N/A,0.00000000,0.00001395,0.00003041,0.13074929,0.99093574,0.885773,False,False,2088,0,71526,79404,150944
8192,Near_Zero,932,0,0,N/A,0.00000000,0.00001409,0.00003042,0.13210788,0.99090645,0.884583,False,False,2104,16,72681,80258,152953
8192,Near_Zero,933,0,0,N/A,0.00000000,0.00001373,0.00003040,0.12871188,0.99099918,0.887543,False,False,2088,0,70673,79331,150018
8192,Near_Zero,934,0,0,N/A,0.00000000,0.00001399,0.00003041,0.13109714,0.99092868,0.885468,False,False,2105,0,70417,79410,149841
8192,Near_Zero,935,0,0,N/A,0.00000000,0.00001408,0.00003041,0.13197696,0.99090129,0.884705,False,False,2122,0,71955,84469,156438
8192,Near_Zero,936,0,0,N/A,0.00000000,0.00001428,0.00003042,0.13383940,0.99084847,0.883087,False,False,2105,0,71754,79447,151215
8192,Near_Zero,937,0,0,N/A,0.00000000,0.00001393,0.00003041,0.13056902,0.99094532,0.885925,False,False,2137,32,72626,79290,151930
8192,Near_Zero,938,0,0,N/A,0.00000000,0.00001390,0.00003040,0.13032522,0.99095123,0.886139,False,False,2088,0,71823,80151,151988
8192,Near_Zero,939,0,0,N/A,0.00000000,0.00001409,0.00003040,0.13207422,0.99090613,0.884613,False,False,2104,16,71909,80200,152123
8192,Near_Zero,940,0,0,N/A,0.00000000,0.00001396,0.00003042,0.13081758,0.99093572,0.885712,False,False,2125,16,71717,86662,158393
8192,Near_Zero,941,0,0,N/A,0.00000000,0.00001406,0.00003042,0.13176322,0.99091059,0.884888,False,False,2122,0,71636,86576,158226
8192,Near_Zero,942,0,0,N/A,0.00000000,0.00001385,0.00003040,0.12976920,0.99096255,0.886627,False,False,2105,0,72017,80737,152768
8192,Near_Zero,943,0,0,N/A,0.00000000,0.00001373,0.00003040,0.12863148,0.99101086,0.887604,False,False,2105,0,72693,80889,153596
8192,Near_Zero,944,0,0,N/A,0.00000000,0.00001391,0.00003041,0.13035703,0.99095316,0.886108,False,False,2104,16,71790,80534,152338
8192,Near_Zero,945,0,0,N/A,0.00000000,0.00001360,0.00003039,0.12749259,0.99102844,0.888611,False,False,2121,16,70656,79524,150194
8192,Near_Zero,946,0,0,N/A,0.00000000,0.00001360,0.00003039,0.12748327,0.99103746,0.888611,False,False,2122,0,71177,78729,149920
8192,Near_Zero,947,0,0,N/A,0.00000000,0.00001398,0.00003041,0.13102477,0.99093284,0.885529,False,False,2122,0,71004,78951,149969
8192,Near_Zero,948,0,0,N/A,0.00000000,0.00001390,0.00003041,0.13033311,0.99094362,0.886139,False,False,2133,16,72078,79739,151831
8192,Near_Zero,949,0,0,N/A,0.00000000,0.00001398,0.00003041,0.13105772,0.99093369,0.885498,False,False,2088,0,70183,84991,155188
8192,Near_Zero,950,0,0,N/A,0.00000000,0.00001425,0.00003042,0.13359722,0.99085132,0.883301,False,False,2104,16,70575,78968,149557
8192,Near_Zero,951,0,0,N/A,0.00000000,0.00001379,0.00003040,0.12927773,0.99097762,0.887054,False,False,2088,0,71557,78618,150189
8192,Near_Zero,952,0,0,N/A,0.00000000,0.00001408,0.00003042,0.13197511,0.99090311,0.884705,False,False,2138,16,71071,79840,150925
8192,Near_Zero,953,0,0,N/A,0.00000000,0.00001373,0.00003040,0.12871615,0.99099488,0.887543,False,False,2105,0,70994,79954,150962
8192,Near_Zero,954,0,0,N/A,0.00000000,0.00001406,0.00003041,0.13183498,0.99090737,0.884827,False,False,2104,16,71591,82795,154400
8192,Near_Zero,955,0,0,N/A,0.00000000,0.00001413,0.00003042,0.13246068,0.99089509,0.884277,False,False,2104,16,72256,79105,151375
8192,Near_Zero,956,0,0,N/A,0.00000000,0.00001379,0.00003041,0.12922875,0.99099203,0.887085,False,False,2088,0,70479,79494,149987
8192,Near_Zero,957,0,0,N/A,0.00000000,0.00001387,0.00003041,0.12997727,0.99095875,0.886444,False,False,2104,16,72501,80197,152712
8192,Near_Zero,958,0,0,N/A,0.00000000,0.00001380,0.00003041,0.12930621,0.99098251,0.887024,False,False,2104,16,70879,78845,149738
8192,Near_Zero,959,0,0,N/A,0.00000000,0.00001390,0.00003041,0.13032713,0.99094961,0.886139,False,False,2104,16,70624,79626,150264
8192,Near_Zero,960,0,0,N/A,0.00000000,0.00001407,0.00003042,0.13190923,0.99090082,0.884766,False,False,2137,32,76168,81203,157385
8192,Near_Zero,961,0,0,N/A,0.00000000,0.00001395,0.00003041,0.13078197,0.99093703,0.885742,False,False,2105,0,71647,78928,150589
8192,Near_Zero,962,0,0,N/A,0.00000000,0.00001374,0.00003040,0.12881572,0.99099716,0.887451,False,False,2088,0,71256,79373,150643
8192,Near_Zero,963,0,0,N/A,0.00000000,0.00001370,0.00003039,0.12839665,0.99100819,0.887817,False,False,2088,0,71459,79641,151114
8192,Near_Zero,964,0,0,N/A,0.00000000,0.00001400,0.00003042,0.13127196,0.99092425,0.885315,False,False,2104,16,76499,80400,156913
8192,Near_Zero,965,0,0,N/A,0.00000000,0.00001370,0.00003041,0.12839517,0.99100921,0.887817,False,False,2121,16,71034,79711,150759
8192,Near_Zero,966,0,0,N/A,0.00000000,0.00001384,0.00003041,0.12969375,0.99096950,0.886688,False,False,2104,16,71198,79774,150986
8192,Near_Zero,967,0,0,N/A,0.00000000,0.00001401,0.00003041,0.13129888,0.99093104,0.885284,False,False,2105,0,71557,79699,151270
8192,Near_Zero,968,0,0,N/A,0.00000000,0.00001386,0.00003041,0.12990649,0.99096122,0.886505,False,False,2104,16,70701,79183,149898
8192,Near_Zero,969,0,0,N/A,0.00000000,0.00001407,0.00003041,0.13194265,0.99090149,0.884735,False,False,2088,0,71814,79717,151545
8192,Near_Zero,970,0,0,N/A,0.00000000,0.00001400,0.00003041,0.13120015,0.99092807,0.885376,False,False,2138,16,71529,79798,151341
8192,Near_Zero,971,0,0,N/A,0.00000000,0.00001392,0.00003041,0.13050431,0.99094233,0.885986,False,False,2104,16,71447,79930,151391
8192,Near_Zero,972,0,0,N/A,0.00000000,0.00001397,0.00003041,0.13099126,0.99093257,0.885559,False,False,2088,0,71220,79372,150606
8192,Near_Zero,973,1,0,N/A,0.00000000,0.00001386,0.00003041,0.12994580,0.99095616,0.886475,False,False,2088,0,71224,84795,156033
8192,Near_Zero,974,0,0,N/A,0.00000000,0.00001377,0.00003039,0.12906598,0.99098521,0.887238,False,False,2088,0,71540,81021,152575
8192,Near_Zero,975,0,0,N/A,0.00000000,0.00001422,0.00003043,0.13330927,0.99086607,0.883545,False,False,2104,16,72049,78876,150939
8192,Near_Zero,976,0,0,N/A,0.00000000,0.00001373,0.00003041,0.12864746,0.99099553,0.887604,False,False,2104,16,70053,79235,149302
8192,Near_Zero,977,0,0,N/A,0.00000000,0.00001396,0.00003041,0.13088901,0.99093241,0.885651,False,False,2088,0,70771,79234,150019
8192,Near_Zero,978,0,0,N/A,0.00000000,0.00001410,0.00003042,0.13218306,0.99089984,0.884521,False,False,2104,16,71853,79059,150926
8192,Near_Zero,979,0,0,N/A,0.00000000,0.00001366,0.00003040,0.12797732,0.99101934,0.888184,False,False,2104,16,70724,79253,149991
8192,Near_Zero,980,0,0,N/A,0.00000000,0.00001424,0.00003043,0.13351662,0.99086345,0.883362,False,False,2105,0,71112,79125,150251
8192,Near_Zero,981,0,0,N/A,0.00000000,0.00001406,0.00003041,0.13176220,0.99091134,0.884888,False,False,2121,16,71474,79981,151469
8192,Near_Zero,982,0,0,N/A,0.00000000,0.00001398,0.00003041,0.13106103,0.99093059,0.885498,False,False,2104,16,71679,79134,150827
8192,Near_Zero,983,0,0,N/A,0.00000000,0.00001393,0.00003041,0.13061011,0.99093901,0.885895,False,False,2088,0,74796,81385,156195
8192,Near_Zero,984,0,0,N/A,0.00000000,0.00001382,0.00003040,0.12955708,0.99097021,0.886810,False,False,2121,16,71936,105571,177521
8192,Near_Zero,985,0,0,N/A,0.00000000,0.00001409,0.00003042,0.13211191,0.99090279,0.884583,False,False,2088,0,72326,79221,151561
8192,Near_Zero,986,0,0,N/A,0.00000000,0.00001402,0.00003041,0.13137524,0.99092332,0.885223,False,False,2122,0,71363,78872,150249
8192,Near_Zero,987,0,0,N/A,0.00000000,0.00001400,0.00003042,0.13127619,0.99092024,0.885315,False,False,2122,0,72402,79558,151974
8192,Near_Zero,988,0,0,N/A,0.00000000,0.00001370,0.00003040,0.12842953,0.99100902,0.887787,False,False,2104,16,71629,78834,150477
8192,Near_Zero,989,0,0,N/A,0.00000000,0.00001389,0.00003041,0.13017725,0.99096241,0.886261,False,False,2138,16,71370,79812,151196
8192,Near_Zero,990,0,0,N/A,0.00000000,0.00001378,0.00003040,0.12917260,0.99098046,0.887146,False,False,2104,16,72669,80100,152783
8192,Near_Zero,991,0,0,N/A,0.00000000,0.00001391,0.00003041,0.13036169,0.99094870,0.886108,False,False,2088,0,71118,79951,151083
8192,Near_Zero,992,0,0,N/A,0.00000000,0.00001384,0.00003041,0.12969782,0.99096598,0.886688,False,False,2088,0,71635,80084,151733
8192,Near_Zero,993,0,0,N/A,0.00000000,0.00001392,0.00003041,0.13049859,0.99094743,0.885986,False,False,2104,0,71501,79203,150718
8192,Near_Zero,994,0,0,N/A,0.00000000,0.00001366,0.00003040,0.12800708,0.99102325,0.888153,False,False,2138,16,71510,79081,150605
8192,Near_Zero,995,0,0,N/A,0.00000000,0.00001426,0.00003043,0.13372683,0.99085779,0.883179,False,False,2105,0,71514,78792,150320
8192,Near_Zero,996,0,0,N/A,0.00000000,0.00001398,0.00003042,0.13103986,0.99091809,0.885529,False,False,2105,0,71397,79465,150876
8192,Near_Zero,997,0,0,N/A,0.00000000,0.00001406,0.00003041,0.13183134,0.99091044,0.884827,False,False,2088,0,71134,80002,151150
8192,Near_Zero,998,0,0,N/A,0.00000000,0.00001403,0.00003042,0.13149123,0.99090981,0.885132,False,False,2108,16,71638,79743,151395
8192,Near_Zero,999,0,0,N/A,0.00000000,0.00001404,0.00003041,0.13162544,0.99091165,0.885010,False,False,2104,16,71956,81074,153044
8192,Ascending,1000,1,0,N/A,0.00000138,0.00001151,0.00004064,0.57116394,0.99883544,0.905731,True,False,3096,1008,72041,78430,150485
8192,Ascending,1001,1,0,N/A,0.00000069,0.00001123,0.00003968,0.56544565,0.99885682,0.907990,True,False,3096,1008,73205,98098,171317
8192,Ascending,1002,1,0,N/A,0.00000136,0.00001130,0.00004000,0.56588215,0.99886257,0.907410,True,False,3130,1008,72620,77874,150508
8192,Ascending,1003,1,0,N/A,0.00000060,0.00001125,0.00004050,0.58775212,0.99888235,0.907867,True,False,3130,1008,72525,77795,150334
8192,Ascending,1004,1,0,N/A,0.00000037,0.00001143,0.00004135,0.59216720,0.99884827,0.906372,True,False,3130,1008,72284,82163,154461
8192,Ascending,1005,1,0,N/A,0.00000062,0.00001092,0.00003768,0.58108702,0.99888214,0.910553,True,False,3096,1008,73217,78505,151736
8192,Ascending,1006,1,0,N/A,0.00000091,0.00001129,0.00004085,0.57421959,0.99885619,0.907501,True,False,3096,1008,73561,79155,152730
8192,Ascending,1007,1,0,N/A,0.00000212,0.00001115,0.00003911,0.57297323,0.99887293,0.908630,True,False,3130,1008,72386,78605,151005
8192,Ascending,1008,1,0,N/A,0.00000159,0.00001082,0.00003653,0.56373707,0.99888498,0.911377,True,False,3096,1008,71963,78335,150312
8192,Ascending,1009,1,0,N/A,0.00000062,0.00001155,0.00004258,0.58319263,0.99885927,0.905365,True,False,3096,1008,71966,78017,149997
8192,Ascending,1010,1,0,N/A,0.00000210,0.00001105,0.00003757,0.57469536,0.99885338,0.909515,True,False,3113,1008,92111,78854,170979
8192,Ascending,1011,1,0,N/A,0.00000013,0.00001160,0.00004151,0.58360684,0.99880032,0.904999,True,False,3113,1008,73538,78860,152412
8192,Ascending,1012,1,0,N/A,0.00000132,0.00001131,0.00004072,0.59328537,0.99885204,0.907349,True,False,3096,1008,72519,77909,150442
8192,Ascending,1013,1,0,N/A,0.00000149,0.00001122,0.00004045,0.56250649,0.99887211,0.908051,True,False,3130,1008,71498,77896,149408
8192,Ascending,1014,1,0,N/A,0.00000059,0.00001162,0.00004191,0.57613126,0.99883493,0.904846,True,False,3096,1008,72645,78036,150695
8192,Ascending,1015,1,0,N/A,0.00000069,0.00001124,0.00003886,0.58344448,0.99888081,0.907959,True,False,3096,1008,71497,78619,150130
8192,Ascending,1016,1,0,N/A,0.00000086,0.00001086,0.00003799,0.56646011,0.99886969,0.911011,True,False,3113,1008,72517,78199,150730
8192,Ascending,1017,1,0,N/A,0.00000191,0.00001142,0.00004111,0.57563286,0.99883455,0.906464,True,False,3096,1008,72737,78564,151315
8192,Ascending,1018,1,0,N/A,0.00000063,0.00001115,0.00003993,0.57363229,0.99886808,0.908691,True,False,3113,1008,72516,78954,151484
8192,Ascending,1019,0,0,N/A,0.00000001,0.00001150,0.00004082,0.58383261,0.99883904,0.905823,True,False,3096,1008,72145,78078,150237
8192,Ascending,1020,1,0,N/A,0.00000021,0.00001128,0.00003998,0.57121751,0.99886201,0.907593,True,False,3113,1008,72216,78335,150565
8192,Ascending,1021,1,0,N/A,0.00000028,0.00001170,0.00004353,0.59139713,0.99882788,0.904175,True,False,3096,1008,72978,78541,151533
8192,Ascending,1022,1,0,N/A,0.00000031,0.00001119,0.00003890,0.57543022,0.99884196,0.908325,True,False,3130,1008,73880,79716,153610
8192,Ascending,1023,0,0,N/A,0.00000001,0.00001143,0.00004101,0.57283021,0.99882433,0.906403,True,False,3096,1008,72573,83807,156394
8192,Ascending,1024,1,0,N/A,0.00000158,0.00001157,0.00004221,0.57661036,0.99885478,0.905212,True,False,3096,1008,72635,78526,151175
8192,Ascending,1025,0,0,N/A,0.00000003,0.00001134,0.00004080,0.57193794,0.99882623,0.907074,True,False,3096,1008,72758,77865,150637
8192,Ascending,1026,1,0,N/A,0.00000211,0.00001093,0.00003780,0.57321505,0.99887442,0.910461,True,False,3096,1008,72458,78840,151312
8192,Ascending,1027,0,0,N/A,0.00000000,0.00001144,0.00004153,0.57090430,0.99887032,0.906281,True,False,3096,1008,72076,78218,150308
8192,Ascending,1028,0,0,N/A,0.00000005,0.00001143,0.00003971,0.59829000,0.99885145,0.906403,True,False,3096,1008,72737,78668,151419
8192,Ascending,1029,1,0,N/A,0.00000108,0.00001130,0.00003809,0.58215565,0.99880944,0.907410,True,False,3096,1008,73622,78530,152166
8192,Ascending,1030,1,0,N/A,0.00000061,0.00001124,0.00004026,0.57284963,0.99886074,0.907928,True,False,3096,1008,72501,78668,151183
8192,Ascending,1031,1,0,N/A,0.00000230,0.00001121,0.00003928,0.59187444,0.99886064,0.908142,True,False,3113,1008,72763,78927,151704
8192,Ascending,1032,1,0,N/A,0.00000231,0.00001134,0.00003969,0.58710166,0.99885693,0.907104,True,False,3113,1008,73827,79448,153289
8192,Ascending,1033,0,0,N/A,0.00000008,0.00001125,0.00004010,0.56287702,0.99884920,0.907806,True,False,3113,1008,74158,79027,153199
8192,Ascending,1034,0,0,N/A,0.00000003,0.00001099,0.00003986,0.57615892,0.99892421,0.909943,True,False,3096,1008,71829,83287,155130
8192,Ascending,1035,1,0,N/A,0.00000086,0.00001118,0.00003951,0.58356114,0.99888688,0.908386,True,False,3096,1008,72979,78664,151657
8192,Ascending,1036,1,0,N/A,0.00000014,0.00001134,0.00004016,0.57641519,0.99885635,0.907104,True,False,3096,1008,71403,78168,149585
8192,Ascending,1037,1,0,N/A,0.00000022,0.00001146,0.00004107,0.57370688,0.99885319,0.906128,True,False,3096,1008,72198,102856,175068
8192,Ascending,1038,1,0,N/A,0.00000086,0.00001101,0.00003786,0.57208648,0.99885936,0.909790,True,False,3130,1008,71020,78514,149548
8192,Ascending,1039,1,0,N/A,0.00000018,0.00001089,0.00003751,0.55239502,0.99885734,0.910767,True,False,3096,1008,72356,78280,150650
8192,Ascending,1040,1,0,N/A,0.00000115,0.00001113,0.00003889,0.58705541,0.99883858,0.908783,True,False,3096,1008,71796,78632,150442
8192,Ascending,1041,1,0,N/A,0.00000181,0.00001124,0.00004014,0.57071023,0.99886349,0.907898,True,False,3096,1008,71893,78518,150425
8192,Ascending,1042,1,0,N/A,0.00000251,0.00001127,0.00003957,0.56874428,0.99886659,0.907654,True,False,3096,1008,71941,77785,149740
8192,Ascending,1043,0,0,N/A,0.00000003,0.00001117,0.00004161,0.56492930,0.99889760,0.908478,True,False,3113,1008,73094,77488,150596
8192,Ascending,1044,1,0,N/A,0.00000329,0.00001131,0.00004137,0.56654341,0.99885585,0.907379,True,False,3096,1008,71881,77965,149860
8192,Ascending,1045,1,0,N/A,0.00000082,0.00001128,0.00004074,0.58341806,0.99887567,0.907562,True,False,3130,1008,71977,78513,150504
8192,Ascending,1046,0,0,N/A,0.00000015,0.00001128,0.00003920,0.58015577,0.99884299,0.907593,True,False,3130,1008,74046,78812,152872
8192,Ascending,1047,1,0,N/A,0.00000041,0.00001110,0.00004163,0.55773333,0.99893839,0.909088,True,False,3113,1008,72611,79088,151713
8192,Ascending,1048,1,0,N/A,0.00000027,0.00001113,0.00003928,0.58121602,0.99886535,0.908783,True,False,3130,1008,72572,79164,151750
8192,Ascending,1049,1,0,N/A,0.00000049,0.00001124,0.00003991,0.56469229,0.99887819,0.907928,True,False,3113,1008,72488,77465,149967
8192,Ascending,1050,1,0,N/A,0.00000050,0.00001103,0.00003631,0.57831783,0.99887400,0.909637,True,False,3096,1008,71066,82953,154033
8192,Ascending,1051,1,0,N/A,0.00000054,0.00001144,0.00004147,0.57970213,0.99885103,0.906250,True,False,3096,1008,73079,78832,151925
8192,Ascending,1052,1,0,N/A,0.00000197,0.00001147,0.00004078,0.58423499,0.99883689,0.906006,True,False,3096,1008,71779,78493,150286
8192,Ascending,1053,1,0,N/A,0.00000254,0.00001134,0.00003977,0.58257383,0.99880994,0.907135,True,False,3096,1008,72492,78314,150820
8192,Ascending,1054,0,0,N/A,0.00000005,0.00001133,0.00004045,0.57059855,0.99882358,0.907196,True,False,3113,1008,72802,78704,151520
8192,Ascending,1055,1,0,N/A,0.00000084,0.00001137,0.00004158,0.58485794,0.99887014,0.906891,True,False,3096,1008,72506,79718,152238
8192,Ascending,1056,1,0,N/A,0.00000075,0.00001119,0.00003926,0.57154373,0.99887312,0.908295,True,False,3130,1008,71746,78828,150588
8192,Ascending,1057,1,0,N/A,0.00000108,0.00001140,0.00004151,0.58603195,0.99884910,0.906586,True,False,3096,1008,72855,79681,152550
8192,Ascending,1058,1,0,N/A,0.00000053,0.00001098,0.00003946,0.57439958,0.99887963,0.910065,True,False,3096,1008,72942,77577,150533
8192,Ascending,1059,1,0,N/A,0.00000026,0.00001148,0.00004123,0.58100052,0.99885868,0.905945,True,False,3096,1008,72731,78073,150818
8192,Ascending,1060,0,0,N/A,0.00000004,0.00001130,0.00004074,0.57987913,0.99888554,0.907410,True,False,3096,1008,71933,78354,150301
8192,Ascending,1061,1,0,N/A,0.00000036,0.00001130,0.00003937,0.60399938,0.99885721,0.907440,True,False,3113,1008,72971,78011,150996
8192,Ascending,1062,1,0,N/A,0.00000094,0.00001135,0.00003960,0.56800839,0.99881990,0.907013,True,False,3096,1008,72038,77930,149982
8192,Ascending,1063,1,0,N/A,0.00000257,0.00001128,0.00003945,0.58285006,0.99885349,0.907623,True,False,3113,1008,71994,78738,150746
8192,Ascending,1064,1,0,N/A,0.00000221,0.00001166,0.00004102,0.58388660,0.99881613,0.904510,True,False,3113,1008,73572,79440,153026
8192,Ascending,1065,1,0,N/A,0.00000025,0.00001109,0.00003904,0.57700986,0.99883958,0.909119,True,False,3096,1008,72512,79041,151567
8192,Ascending,1066,1,0,N/A,0.00000035,0.00001114,0.00003936,0.58399345,0.99886647,0.908722,True,False,3113,1008,72509,79176,151699
8192,Ascending,1067,1,0,N/A,0.00000027,0.00001158,0.00003982,0.58710578,0.99880085,0.905151,True,False,3130,1008,72778,83029,155821
8192,Ascending,1068,1,0,N/A,0.00000014,0.00001146,0.00004147,0.57765649,0.99884471,0.906097,True,False,3096,1008,73070,78120,151204
8192,Ascending,1069,1,0,N/A,0.00000016,0.00001112,0.00004002,0.55523328,0.99888875,0.908905,True,False,3096,1008,74615,78728,153357
8192,Ascending,1070,1,0,N/A,0.00000095,0.00001125,0.00004024,0.56502961,0.99887439,0.907806,True,False,3096,1008,77331,78253,155598
8192,Ascending,1071,0,0,N/A,0.00000002,0.00001124,0.00004011,0.56229413,0.99885021,0.907959,True,False,3130,1008,72824,79603,152441
8192,Ascending,1072,1,0,N/A,0.00000015,0.00001160,0.00004214,0.58886319,0.99882323,0.904968,True,False,3096,1008,72434,78582,151030
8192,Ascending,1073,1,0,N/A,0.00000038,0.00001117,0.00003918,0.57397411,0.99886072,0.908508,True,False,3096,1008,72833,78798,151645
8192,Ascending,1074,1,0,N/A,0.00000100,0.00001113,0.00003856,0.57057468,0.99886361,0.908813,True,False,3130,1008,71551,78421,149986
8192,Ascending,1075,1,0,N/A,0.00000186,0.00001111,0.00003893,0.57204992,0.99887999,0.909027,True,False,3096,1008,71883,78591,150488
8192,Ascending,1076,1,0,N/A,0.00000039,0.00001100,0.00003853,0.56409867,0.99888927,0.909882,True,False,3130,1008,72640,79144,151798
8192,Ascending,1077,1,0,N/A,0.00000018,0.00001101,0.00003817,0.57298171,0.99887186,0.909790,True,False,3096,1008,72682,78233,150929
8192,Ascending,1078,1,0,N/A,0.00000098,0.00001184,0.00004374,0.58271260,0.99884721,0.903046,True,False,3113,1008,73009,78476,151499
8192,Ascending,1079,1,0,N/A,0.00000052,0.00001097,0.00003911,0.56341821,0.99890501,0.910156,True,False,3096,1008,73350,79606,152970
8192,Ascending,1080,1,0,N/A,0.00000131,0.00001172,0.00004126,0.58670874,0.99881071,0.903992,True,False,3096,1008,73222,79196,152432
8192,Ascending,1081,1,0,N/A,0.00000104,0.00001133,0.00004120,0.57909147,0.99886826,0.907196,True,False,3096,1008,71797,77902,149713
8192,Ascending,1082,1,0,N/A,0.00000070,0.00001099,0.00003891,0.55565733,0.99889579,0.909943,True,False,3096,1008,70954,78170,149138
8192,Ascending,1083,1,0,N/A,0.00000068,0.00001105,0.00003941,0.56294819,0.99887349,0.909515,True,False,3130,1008,72653,77846,150513
8192,Ascending,1084,1,0,N/A,0.00000060,0.00001114,0.00003968,0.58188789,0.99884605,0.908722,True,False,3096,1008,73222,79043,152279
8192,Ascending,1085,1,0,N/A,0.00000009,0.00001132,0.00003978,0.58207101,0.99884399,0.907257,True,False,3096,1008,71861,84022,155897
8192,Ascending,1086,1,0,N/A,0.00000053,0.00001143,0.00004116,0.56963049,0.99885197,0.906372,True,False,3096,1008,72862,78950,151826
8192,Ascending,1087,1,0,N/A,0.00000027,0.00001150,0.00004024,0.58345619,0.99882898,0.905823,True,False,3096,1008,73115,78881,152010
8192,Ascending,1088,1,0,N/A,0.00000010,0.00001150,0.00004237,0.56910049,0.99884335,0.905762,True,False,3113,1008,72351,78652,151017
8192,Ascending,1089,1,0,N/A,0.00000024,0.00001153,0.00004077,0.56663914,0.99883896,0.905518,True,False,3096,1008,71423,78868,150305
8192,Ascending,1090,1,0,N/A,0.00000031,0.00001120,0.00003809,0.57884998,0.99883128,0.908264,True,False,3096,1008,71766,83415,155195
8192,Ascending,1091,1,0,N/A,0.00000068,0.00001146,0.00004164,0.58114316,0.99884322,0.906158,True,False,3096,1008,72212,78660,150886
8192,Ascending,1092,1,0,N/A,0.00000255,0.00001106,0.00003809,0.56991309,0.99885851,0.909424,True,False,3113,1008,72203,78169,150386
8192,Ascending,1093,1,0,N/A,0.00000084,0.00001183,0.00004414,0.59399500,0.99882388,0.903076,True,False,3113,1008,77290,80193,157497
8192,Ascending,1094,1,0,N/A,0.00000054,0.00001099,0.00003873,0.56344519,0.99888390,0.909973,True,False,3096,1008,72364,78391,150769
8192,Ascending,1095,1,0,N/A,0.00000370,0.00001091,0.00003812,0.56237436,0.99886027,0.910645,True,False,3096,1008,73572,78596,152182
8192,Ascending,1096,1,0,N/A,0.00000089,0.00001121,0.00003888,0.58907879,0.99882031,0.908173,True,False,3096,1008,76745,79843,156602
8192,Ascending,1097,1,0,N/A,0.00000137,0.00001140,0.00003965,0.57986953,0.99881782,0.906647,True,False,3113,1008,75833,80167,156014
8192,Ascending,1098,1,0,N/A,0.00000090,0.00001123,0.00003978,0.58675791,0.99884110,0.907990,True,False,3130,1008,71985,78222,150221
8192,Ascending,1099,0,0,N/A,0.00000006,0.00001116,0.00003784,0.57519774,0.99881433,0.908539,True,False,3113,1008,73397,78730,152141
8192,Ascending,1100,0,0,N/A,0.00000000,0.00001145,0.00004115,0.58934354,0.99884703,0.906219,True,False,3096,1008,72266,78637,150917
8192,Ascending,1101,1,0,N/A,0.00000101,0.00001143,0.00003973,0.56955934,0.99881592,0.906342,True,False,3096,1008,72473,78403,150890
8192,Ascending,1102,1,0,N/A,0.00000102,0.00001143,0.00004012,0.57467468,0.99882419,0.906403,True,False,3096,1008,72292,78125,150431
8192,Ascending,1103,1,0,N/A,0.00000079,0.00001105,0.00003899,0.58591877,0.99885712,0.909515,True,False,3113,1008,72708,78720,151442
8192,Ascending,1104,1,0,N/A,0.00000073,0.00001132,0.00003985,0.57062223,0.99885032,0.907288,True,False,3096,1008,72159,78674,150847
8192,Ascending,1105,1,0,N/A,0.00000114,0.00001126,0.00004059,0.56503540,0.99885185,0.907776,True,False,3096,1008,76919,78516,155449
8192,Ascending,1106,1,0,N/A,0.00000018,0.00001105,0.00003937,0.55775390,0.99885825,0.909485,True,False,3096,1008,71907,78883,150804
8192,Ascending,1107,1,0,N/A,0.00000274,0.00001157,0.00004242,0.56495288,0.99886196,0.905182,True,False,3096,1008,72920,78268,151202
8192,Ascending,1108,1,0,N/A,0.00000060,0.00001112,0.00003935,0.56218420,0.99881985,0.908875,True,False,3096,1008,72827,78353,151194
8192,Ascending,1109,1,0,N/A,0.00000228,0.00001116,0.00004013,0.58230183,0.99886932,0.908600,True,False,3096,1008,72128,78490,150632
8192,Ascending,1110,1,0,N/A,0.00000025,0.00001137,0.00004098,0.59010626,0.99886334,0.906891,True,False,3096,1008,72373,78539,150926
8192,Ascending,1111,1,0,N/A,0.00000053,0.00001139,0.00004151,0.57196372,0.99887256,0.906677,True,False,3113,1008,72304,78146,150464
8192,Ascending,1112,1,0,N/A,0.00000008,0.00001157,0.00004088,0.59594456,0.99882807,0.905243,True,False,3113,1008,74861,79244,154119
8192,Ascending,1113,1,0,N/A,0.00000107,0.00001139,0.00004048,0.57228081,0.99883935,0.906708,True,False,3096,1008,71889,79013,150916
8192,Ascending,1114,1,0,N/A,0.00000013,0.00001115,0.00003694,0.58389268,0.99884749,0.908630,True,False,3113,1008,72391,78926,151331
8192,Ascending,1115,1,0,N/A,0.00000251,0.00001149,0.00004125,0.58178640,0.99882292,0.905853,True,False,3113,1008,71863,78236,150113
8192,Ascending,1116,1,0,N/A,0.00000087,0.00001155,0.00004121,0.56259757,0.99880492,0.905396,True,False,3113,1008,72436,77453,149903
8192,Ascending,1117,1,0,N/A,0.00000061,0.00001120,0.00004035,0.56321241,0.99884215,0.908234,True,False,3096,1008,74923,81037,155974
8192,Ascending,1118,0,0,N/A,0.00000019,0.00001157,0.00004415,0.56995973,0.99890469,0.905212,True,False,3113,1008,71447,78487,149948
8192,Ascending,1119,1,0,N/A,0.00000023,0.00001127,0.00004135,0.57781751,0.99886362,0.907684,True,False,3096,1008,74753,78604,153371
8192,Ascending,1120,1,0,N/A,0.00000133,0.00001137,0.00004023,0.59119560,0.99882511,0.906860,True,False,3113,1008,73523,79156,152693
8192,Ascending,1121,1,0,N/A,0.00000023,0.00001138,0.00004120,0.58010743,0.99883996,0.906738,True,False,3096,1008,72377,84340,156731
8192,Ascending,1122,1,0,N/A,0.00000019,0.00001130,0.00004098,0.56934377,0.99885221,0.907471,True,False,3096,1008,73348,79863,153225
8192,Ascending,1123,1,0,N/A,0.00000015,0.00001157,0.00004356,0.57143704,0.99886685,0.905182,True,False,3130,1008,71670,77947,149631
8192,Ascending,1124,1,0,N/A,0.00000036,0.00001141,0.00004019,0.58217082,0.99884657,0.906555,True,False,3096,1008,72628,81691,154333
8192,Ascending,1125,1,0,N/A,0.00000028,0.00001115,0.00003938,0.55700106,0.99886799,0.908630,True,False,3096,1008,73290,78586,151890
8192,Ascending,1126,0,0,N/A,0.00000004,0.00001125,0.00004071,0.59259815,0.99887794,0.907867,True,False,3113,1008,72129,78160,150303
8192,Ascending,1127,0,0,N/A,0.00000011,0.00001116,0.00003987,0.56465342,0.99890522,0.908600,True,False,3096,1008,72798,78387,151199
8192,Ascending,1128,1,0,N/A,0.00000166,0.00001124,0.00003936,0.58344760,0.99885323,0.907898,True,False,3113,1008,73023,78460,151497
8192,Ascending,1129,1,0,N/A,0.00000017,0.00001154,0.00004234,0.58410185,0.99883994,0.905426,True,False,3112,1008,73110,78926,152050
8192,Ascending,1130,1,0,N/A,0.00000068,0.00001116,0.00003922,0.55270805,0.99885131,0.908569,True,False,3130,1008,72497,79158,151669
8192,Ascending,1131,1,0,N/A,0.00000097,0.00001127,0.00003834,0.58358229,0.99883414,0.907715,True,False,3113,1008,73021,78290,151325
8192,Ascending,1132,1,0,N/A,0.00000090,0.00001109,0.00004066,0.56740047,0.99890322,0.909119,True,False,3113,1008,71617,78223,149854
8192,Ascending,1133,1,0,N/A,0.00000126,0.00001073,0.00003549,0.56819953,0.99885918,0.912140,True,False,3096,1008,74517,79060,153591
8192,Ascending,1134,1,0,N/A,0.00000028,0.00001115,0.00003818,0.58246188,0.99884585,0.908630,True,False,3096,1008,72628,78730,151372
8192,Ascending,1135,1,0,N/A,0.00000027,0.00001164,0.00004127,0.58578492,0.99882592,0.904663,True,False,3096,1008,72464,78361,150839
8192,Ascending,1136,1,0,N/A,0.00000168,0.00001064,0.00003657,0.56895939,0.99891560,0.912872,True,False,3096,1008,72968,78479,151461
8192,Ascending,1137,1,0,N/A,0.00000076,0.00001126,0.00004130,0.57951638,0.99890786,0.907776,True,False,3096,1008,72297,78317,150628
8192,Ascending,1138,0,0,N/A,0.00000000,0.00001113,0.00003907,0.55941953,0.99884867,0.908844,True,False,3096,1008,73332,79763,153109
8192,Ascending,1139,0,0,N/A,0.00000010,0.00001119,0.00003891,0.58353781,0.99883652,0.908325,True,False,3096,1008,73083,78291,151388
8192,Ascending,1140,0,0,N/A,0.00000001,0.00001130,0.00003906,0.57981659,0.99882946,0.907440,True,False,3096,1008,74477,79367,153858
8192,Ascending,1141,1,0,N/A,0.00000028,0.00001134,0.00003924,0.57840753,0.99883254,0.907074,True,False,3113,1008,72482,78685,151181
8192,Ascending,1142,1,0,N/A,0.00000316,0.00001150,0.00004103,0.57517505,0.99883034,0.905823,True,False,3096,1008,72986,78545,151545
8192,Ascending,1143,1,0,N/A,0.00000029,0.00001082,0.00003559,0.56637283,0.99887123,0.911346,True,False,3096,1008,73955,78463,152432
8192,Ascending,1144,1,0,N/A,0.00000124,0.00001082,0.00003769,0.56451522,0.99887010,0.911346,True,False,3096,1008,72182,77910,150106
8192,Ascending,1145,0,0,N/A,0.00000009,0.00001121,0.00003970,0.59432998,0.99887541,0.908173,True,False,3113,1008,72166,79488,151668
8192,Ascending,1146,1,0,N/A,0.00000080,0.00001123,0.00004046,0.56312310,0.99889062,0.908020,True,False,3096,1008,72563,78994,151571
8192,Ascending,1147,1,0,N/A,0.00000281,0.00001180,0.00004349,0.59853200,0.99882550,0.903320,True,False,3130,1008,73516,78505,152035
8192,Ascending,1148,1,0,N/A,0.00000135,0.00001127,0.00003960,0.58069292,0.99881185,0.907684,True,False,3096,1008,71285,78526,149825
8192,Ascending,1149,1,0,N/A,0.00000125,0.00001108,0.00003983,0.56306838,0.99887567,0.909241,True,False,3096,1008,76423,78291,154728
8192,Ascending,1150,1,0,N/A,0.00000211,0.00001146,0.00004215,0.57915853,0.99884917,0.906158,True,False,3096,1008,72730,78488,151232
8192,Ascending,1151,1,0,N/A,0.00000139,0.00001109,0.00003847,0.56338357,0.99889699,0.909149,True,False,3096,1008,72886,78311,151211
8192,Ascending,1152,1,0,N/A,0.00000016,0.00001123,0.00004134,0.56317814,0.99885517,0.907990,True,False,3096,1008,72853,78676,151543
8192,Ascending,1153,1,0,N/A,0.00000032,0.00001136,0.00003980,0.57975585,0.99881472,0.906952,True,False,3096,1008,72121,78560,150695
8192,Ascending,1154,1,0,N/A,0.00000026,0.00001127,0.00003972,0.57252699,0.99885589,0.907684,True,False,3113,1008,72521,79619,152154
8192,Ascending,1155,1,0,N/A,0.00000057,0.00001175,0.00004332,0.58040130,0.99885975,0.903778,True,False,3096,1008,73722,79521,153257
8192,Ascending,1156,1,0,N/A,0.00000069,0.00001149,0.00004001,0.58234440,0.99885844,0.905853,True,False,3096,1008,70871,78168,149053
8192,Ascending,1157,1,0,N/A,0.00000003,0.00001105,0.00003877,0.58026183,0.99884905,0.909515,True,False,3096,1008,72865,78378,151257
8192,Ascending,1158,1,0,N/A,0.00000289,0.00001162,0.00004232,0.58250641,0.99884568,0.904785,True,False,3113,1008,73131,78063,151208
8192,Ascending,1159,1,0,N/A,0.00000148,0.00001112,0.00004102,0.55789788,0.99892726,0.908905,True,False,3096,1008,72881,77975,150870
8192,Ascending,1160,1,0,N/A,0.00000043,0.00001147,0.00004193,0.57716444,0.99883045,0.906006,True,False,3096,1008,72693,78462,151169
8192,Ascending,1161,1,0,N/A,0.00000034,0.00001149,0.00004101,0.57912051,0.99885434,0.905914,True,False,3096,1008,72510,80675,153199
8192,Ascending,1162,1,0,N/A,0.00000037,0.00001105,0.00003947,0.56075645,0.99889099,0.909454,True,False,3096,1008,75778,80718,156510
8192,Ascending,1163,1,0,N/A,0.00000305,0.00001108,0.00003766,0.57660965,0.99884384,0.909210,True,False,3096,1008,71553,78236,149803
8192,Ascending,1164,0,0,N/A,0.00000007,0.00001105,0.00003917,0.57355951,0.99887355,0.909454,True,False,3096,1008,71854,78472,150340
8192,Ascending,1165,1,0,N/A,0.00000219,0.00001111,0.00003897,0.56876451,0.99886261,0.908997,True,False,3096,1008,71617,78560,150191
8192,Ascending,1166,1,0,N/A,0.00000125,0.00001129,0.00003897,0.58047369,0.99881701,0.907532,True,False,3096,1008,74473,79056,153543
8192,Ascending,1167,0,0,N/A,0.00000010,0.00001121,0.00004017,0.58190181,0.99889188,0.908173,True,False,3096,1008,72856,78321,151191
8192,Ascending,1168,1,0,N/A,0.00000198,0.00001105,0.00003832,0.57103275,0.99888146,0.909485,True,False,3113,1008,73424,78302,151740
8192,Ascending,1169,1,0,N/A,0.00000103,0.00001158,0.00004161,0.57318361,0.99887824,0.905121,True,False,3113,1008,77377,78916,156307
8192,Ascending,1170,1,0,N/A,0.00000120,0.00001153,0.00004193,0.58290861,0.99884619,0.905518,True,False,3096,1008,73044,79757,152815
8192,Ascending,1171,1,0,N/A,0.00000257,0.00001093,0.00003820,0.56699241,0.99886649,0.910461,True,False,3096,1008,72116,79052,151182
8192,Ascending,1172,1,0,N/A,0.00000056,0.00001105,0.00003688,0.56028113,0.99882989,0.909515,True,False,3113,1008,72731,77829,150574
8192,Ascending,1173,1,0,N/A,0.00000085,0.00001115,0.00003867,0.56269140,0.99885521,0.908630,True,False,3096,1008,71647,77960,149621
8192,Ascending,1174,1,0,N/A,0.00000316,0.00001105,0.00003848,0.56812383,0.99882123,0.909454,True,False,3113,1008,72013,78716,150743
8192,Ascending,1175,1,0,N/A,0.00000064,0.00001115,0.00003982,0.56921708,0.99887527,0.908630,True,False,3096,1008,72251,82638,154903
8192,Ascending,1176,1,0,N/A,0.00000052,0.00001113,0.00003812,0.58382757,0.99885890,0.908783,True,False,3096,1008,71726,78228,149968
8192,Ascending,1177,1,0,N/A,0.00000013,0.00001133,0.00003877,0.59566154,0.99885298,0.907196,True,False,3096,1008,72642,78250,150906
8192,Ascending,1178,1,0,N/A,0.00000097,0.00001155,0.00004079,0.58791331,0.99885762,0.905396,True,False,3130,1008,71983,83907,155904
8192,Ascending,1179,1,0,N/A,0.00000218,0.00001115,0.00003783,0.57288464,0.99882606,0.908630,True,False,3096,1008,72541,78713,151268
8192,Ascending,1180,1,0,N/A,0.00000028,0.00001143,0.00004039,0.55783799,0.99882109,0.906342,True,False,3113,1008,72868,79266,152148
8192,Ascending,1181,1,0,N/A,0.00000067,0.00001140,0.00004178,0.58768014,0.99884678,0.906586,True,False,3130,1008,75469,78127,153610
8192,Ascending,1182,1,0,N/A,0.00000310,0.00001099,0.00003789,0.56779168,0.99886725,0.910004,True,False,3113,1008,71613,77982,149609
8192,Ascending,1183,0,0,N/A,0.00000004,0.00001095,0.00003835,0.57523345,0.99885450,0.910309,True,False,3113,1008,72837,78538,151389
8192,Ascending,1184,1,0,N/A,0.00000022,0.00001119,0.00003837,0.57692906,0.99883319,0.908295,True,False,3113,1008,71934,84008,155956
8192,Ascending,1185,1,0,N/A,0.00000030,0.00001146,0.00004177,0.59196698,0.99888043,0.906097,True,False,3096,1008,72717,78244,150975
8192,Ascending,1186,1,0,N/A,0.00000025,0.00001135,0.00004097,0.56889259,0.99888653,0.907043,True,False,3096,1008,73147,80298,153459
8192,Ascending,1187,0,0,N/A,0.00000006,0.00001124,0.00004002,0.57702794,0.99890561,0.907959,True,False,3096,1008,72123,97598,169735
8192,Ascending,1188,1,0,N/A,0.00000068,0.00001160,0.00004190,0.59761788,0.99883665,0.904999,True,False,3096,1008,73474,79304,152792
8192,Ascending,1189,1,0,N/A,0.00000142,0.00001147,0.00004039,0.59177455,0.99882572,0.906067,True,False,3113,1008,72235,78831,151080
8192,Ascending,1190,1,0,N/A,0.00000026,0.00001122,0.00003955,0.60096467,0.99887739,0.908081,True,False,3096,1008,72604,78743,151361
8192,Ascending,1191,1,0,N/A,0.00000276,0.00001119,0.00003941,0.56898137,0.99887412,0.908356,True,False,3096,1008,71987,78769,150770
8192,Ascending,1192,1,0,N/A,0.00000425,0.00001139,0.00004057,0.58043253,0.99885068,0.906708,True,False,3096,1008,72124,78459,150597
8192,Ascending,1193,1,0,N/A,0.00000026,0.00001118,0.00003811,0.58469974,0.99885705,0.908417,True,False,3113,1008,73232,78080,151326
8192,Ascending,1194,0,0,N/A,0.00000000,0.00001126,0.00003964,0.57621252,0.99883996,0.907745,True,False,3096,1008,71899,78618,150531
8192,Ascending,1195,1,0,N/A,0.00000221,0.00001128,0.00003974,0.56885296,0.99885716,0.907562,True,False,3130,1008,72592,78553,151159
8192,Ascending,1196,1,0,N/A,0.00000133,0.00001115,0.00004034,0.55668944,0.99891249,0.908630,True,False,3096,1008,73244,80288,153546
8192,Ascending,1197,1,0,N/A,0.00000156,0.00001122,0.00004133,0.56158441,0.99884895,0.908081,True,False,3130,1008,72263,83956,156233
8192,Ascending,1198,1,0,N/A,0.00000058,0.00001122,0.00004011,0.57457072,0.99887486,0.908112,True,False,3130,1008,72472,78619,151105
8192,Ascending,1199,1,0,N/A,0.00000115,0.00001113,0.00003929,0.56873920,0.99890441,0.908813,True,False,3113,1008,72928,78231,151173
8192,Descending,1200,1,0,N/A,0.00000065,0.00001035,0.00003136,0.57084015,0.99884185,0.915222,True,False,2088,0,71228,78916,150158
8192,Descending,1201,1,0,N/A,0.00000013,0.00000998,0.00003120,0.53775810,0.99889098,0.918243,True,False,2122,0,71611,78846,150471
8192,Descending,1202,1,0,N/A,0.00000302,0.00001013,0.00003086,0.56621119,0.99888105,0.917053,True,False,2105,0,70887,79454,150355
8192,Descending,1203,1,0,N/A,0.00000193,0.00001006,0.00003107,0.56408469,0.99885869,0.917572,True,False,2088,0,71825,80205,152044
8192,Descending,1204,1,0,N/A,0.00000453,0.00001002,0.00003099,0.56781069,0.99891667,0.917908,True,False,2088,0,70561,84576,155151
8192,Descending,1205,1,0,N/A,0.00000030,0.00001003,0.00003146,0.54731236,0.99888760,0.917816,True,False,2088,0,70830,79296,150140
8192,Descending,1206,1,0,N/A,0.00000156,0.00001004,0.00003128,0.56519645,0.99888725,0.917786,True,False,2105,0,69919,78519,148452
8192,Descending,1207,1,0,N/A,0.00000005,0.00000991,0.00003116,0.53261937,0.99890243,0.918823,True,False,2088,0,71368,79448,150830
8192,Descending,1208,1,0,N/A,0.00000129,0.00000999,0.00003064,0.56472178,0.99885842,0.918182,True,False,2105,0,71389,79036,150439
8192,Descending,1209,1,0,N/A,0.00000140,0.00000996,0.00003112,0.55420455,0.99890478,0.918396,True,False,2088,0,70913,78735,149662
8192,Descending,1210,1,0,N/A,0.00000120,0.00000997,0.00003103,0.56454855,0.99891249,0.918365,True,False,2088,0,71357,79224,150595
8192,Descending,1211,1,0,N/A,0.00000049,0.00001009,0.00003105,0.55340710,0.99885926,0.917389,True,False,2105,0,71141,79521,150676
8192,Descending,1212,1,0,N/A,0.00000013,0.00001008,0.00003098,0.56127946,0.99887705,0.917450,True,False,2105,0,71101,80436,151551
8192,Descending,1213,1,0,N/A,0.00000002,0.00001009,0.00003079,0.56485285,0.99887718,0.917328,True,False,2122,0,71935,81034,152983
8192,Descending,1214,1,0,N/A,0.00000016,0.00000997,0.00003114,0.55101280,0.99889813,0.918335,True,False,2088,0,70797,79214,150025
8192,Descending,1215,1,0,N/A,0.00000017,0.00001014,0.00003124,0.56130330,0.99884673,0.916901,True,False,2105,0,73790,79397,153201
8192,Descending,1216,1,0,N/A,0.00000108,0.00001004,0.00003101,0.56645731,0.99890180,0.917755,True,False,2088,0,72310,79926,152250
8192,Descending,1217,1,0,N/A,0.00000096,0.00001007,0.00003087,0.56600436,0.99886456,0.917542,True,False,2105,0,71928,79310,151252
8192,Descending,1218,1,0,N/A,0.00000025,0.00001020,0.00003079,0.57344263,0.99885291,0.916412,True,False,2088,0,71386,79251,150651
8192,Descending,1219,1,0,N/A,0.00000023,0.00001012,0.00003114,0.56814459,0.99886875,0.917114,True,False,2088,0,72321,80059,152394
8192,Descending,1220,1,0,N/A,0.00000046,0.00001008,0.00003104,0.55633549,0.99889646,0.917389,True,False,2088,0,71783,79769,151566
8192,Descending,1221,1,0,N/A,0.00000125,0.00001003,0.00003138,0.56258288,0.99888052,0.917816,True,False,2088,0,71808,80602,152424
8192,Descending,1222,1,0,N/A,0.00000007,0.00000980,0.00003112,0.54726055,0.99893160,0.919739,True,False,2088,0,70960,79197,150171
8192,Descending,1223,1,0,N/A,0.00000064,0.00001021,0.00003124,0.56196972,0.99883657,0.916412,True,False,2088,0,71749,78627,150390
8192,Descending,1224,1,0,N/A,0.00000018,0.00000997,0.00003060,0.57240446,0.99887840,0.918335,True,False,2088,0,71109,78963,150086
8192,Descending,1225,1,0,N/A,0.00000013,0.00001005,0.00003116,0.55754894,0.99888719,0.917664,True,False,2088,0,71568,80071,151653
8192,Descending,1226,1,0,N/A,0.00000010,0.00001022,0.00003130,0.57689684,0.99886521,0.916290,True,False,2088,0,71326,78946,150286
8192,Descending,1227,1,0,N/A,0.00000034,0.00001020,0.00003099,0.56635545,0.99886206,0.916412,True,False,2105,0,70723,87256,157993
8192,Descending,1228,1,0,N/A,0.00000035,0.00001009,0.00003118,0.55745581,0.99887115,0.917389,True,False,2088,0,74738,82881,157633
8192,Descending,1229,1,0,N/A,0.00000019,0.00000989,0.00003093,0.54583809,0.99890265,0.918976,True,False,2088,0,72550,81262,153826
8192,Descending,1230,1,0,N/A,0.00000110,0.00001020,0.00003137,0.57957533,0.99883736,0.916443,True,False,2088,0,71749,79527,151290
8192,Descending,1231,1,0,N/A,0.00000153,0.00001009,0.00003165,0.55641886,0.99889797,0.917358,True,False,2088,0,71335,79353,150702
8192,Descending,1232,1,0,N/A,0.00000011,0.00001007,0.00003116,0.55283596,0.99887415,0.917542,True,False,2088,0,71915,79380,151309
8192,Descending,1233,1,0,N/A,0.00000088,0.00001010,0.00003104,0.54807503,0.99887075,0.917236,True,False,2105,0,71264,79636,150914
8192,Descending,1234,1,0,N/A,0.00000025,0.00001015,0.00003092,0.55017428,0.99885295,0.916840,True,False,2088,0,75430,81984,157428
8192,Descending,1235,1,0,N/A,0.00000160,0.00001002,0.00003104,0.55577623,0.99889733,0.917938,True,False,2088,0,72336,79558,151908
8192,Descending,1236,1,0,N/A,0.00000123,0.00001007,0.00003142,0.55747753,0.99888335,0.917480,True,False,2088,0,70671,79664,150349
8192,Descending,1237,1,0,N/A,0.00000294,0.00001002,0.00003099,0.56266936,0.99889866,0.917908,True,False,2088,0,72599,80043,152656
8192,Descending,1238,1,0,N/A,0.00000044,0.00001005,0.00003107,0.55580572,0.99889742,0.917664,True,False,2122,0,69588,79235,148837
8192,Descending,1239,1,0,N/A,0.00000230,0.00000987,0.00003150,0.54070642,0.99890127,0.919128,True,False,2122,0,71561,78901,150476
8192,Descending,1240,1,0,N/A,0.00000049,0.00001006,0.00003077,0.56373264,0.99886642,0.917572,True,False,2088,0,71430,79219,150663
8192,Descending,1241,1,0,N/A,0.00000145,0.00001008,0.00003127,0.55213551,0.99886794,0.917450,True,False,2105,0,72312,78964,151290
8192,Descending,1242,1,0,N/A,0.00000063,0.00001017,0.00003108,0.56231282,0.99886075,0.916718,True,False,2088,0,71074,78906,149994
8192,Descending,1243,1,0,N/A,0.00000020,0.00000995,0.00003129,0.57026135,0.99888544,0.918518,True,False,2088,0,71080,79840,150934
8192,Descending,1244,1,0,N/A,0.00000157,0.00000979,0.00003142,0.53170861,0.99896440,0.919800,True,False,2088,0,71374,79962,151350
8192,Descending,1245,1,0,N/A,0.00000101,0.00001009,0.00003085,0.56430661,0.99886593,0.917389,True,False,2105,0,71236,80086,151336
8192,Descending,1246,1,0,N/A,0.00000059,0.00001033,0.00003128,0.57851372,0.99881581,0.915375,True,False,2088,0,72545,80189,152748
8192,Descending,1247,1,0,N/A,0.00000081,0.00001012,0.00003116,0.57248659,0.99885814,0.917114,True,False,2105,0,70405,83767,154186
8192,Descending,1248,1,0,N/A,0.00000015,0.00001000,0.00003115,0.55076965,0.99891448,0.918060,True,False,2088,0,71755,83760,155529
8192,Descending,1249,1,0,N/A,0.00000000,0.00000989,0.00003074,0.55087252,0.99891294,0.918976,True,False,2088,0,70777,78589,149380
8192,Descending,1250,1,0,N/A,0.00000003,0.00001000,0.00003083,0.57568328,0.99892047,0.918121,True,False,2122,0,71320,79140,150474
8192,Descending,1251,1,0,N/A,0.00000043,0.00001009,0.00003082,0.55865829,0.99886665,0.917358,True,False,2088,0,71171,78791,149976
8192,Descending,1252,1,0,N/A,0.00000033,0.00001009,0.00003087,0.55805814,0.99886191,0.917328,True,False,2105,0,71282,84580,155876
8192,Descending,1253,1,0,N/A,0.00000510,0.00001025,0.00003142,0.56493995,0.99886024,0.916016,True,False,2122,0,72028,80028,152070
8192,Descending,1254,1,0,N/A,0.00000015,0.00001004,0.00003113,0.55974005,0.99885126,0.917725,True,False,2088,0,71256,79996,151266
8192,Descending,1255,1,0,N/A,0.00000038,0.00000996,0.00003113,0.55471083,0.99889170,0.918427,True,False,2105,0,70111,79523,149648
8192,Descending,1256,1,0,N/A,0.00000044,0.00001005,0.00003074,0.55575657,0.99884632,0.917694,True,False,2088,0,71912,80009,151935
8192,Descending,1257,1,0,N/A,0.00000110,0.00001006,0.00003089,0.55300187,0.99887877,0.917633,True,False,2088,0,75493,81437,156944
8192,Descending,1258,1,0,N/A,0.00000002,0.00001017,0.00003128,0.57368384,0.99884167,0.916687,True,False,2088,0,71299,79199,150512
8192,Descending,1259,1,0,N/A,0.00000468,0.00000993,0.00003143,0.56207766,0.99889159,0.918640,True,False,2088,0,71937,79257,151208
8192,Descending,1260,1,0,N/A,0.00000279,0.00001002,0.00003133,0.55774066,0.99887133,0.917908,True,False,2105,0,71961,79426,151401
8192,Descending,1261,1,0,N/A,0.00000007,0.00001013,0.00003085,0.57147063,0.99883585,0.917023,True,False,2088,0,71972,79251,151237
8192,Descending,1262,1,0,N/A,0.00000049,0.00001004,0.00003088,0.55672107,0.99889135,0.917755,True,False,2105,0,78024,83992,162030
8192,Descending,1263,1,0,N/A,0.00000035,0.00001008,0.00003090,0.55653553,0.99886432,0.917450,True,False,2105,0,72243,80116,152373
8192,Descending,1264,1,0,N/A,0.00000152,0.00001013,0.00003109,0.58487237,0.99887251,0.917053,True,False,2088,0,70075,79433,149522
8192,Descending,1265,1,0,N/A,0.00000019,0.00000999,0.00003140,0.55182165,0.99887597,0.918152,True,False,2105,0,71153,78899,150066
8192,Descending,1266,1,0,N/A,0.00000011,0.00000989,0.00003060,0.55424744,0.99891045,0.918976,True,False,2088,0,71654,79470,151138
8192,Descending,1267,1,0,N/A,0.00000213,0.00000995,0.00003147,0.56619610,0.99891675,0.918488,True,False,2105,0,70175,78956,149145
8192,Descending,1268,1,0,N/A,0.00000013,0.00001004,0.00003110,0.55619106,0.99889233,0.917755,True,False,2088,0,75868,78707,154589
8192,Descending,1269,1,0,N/A,0.00000163,0.00001013,0.00003107,0.55123148,0.99886765,0.917023,True,False,2088,0,71542,80420,151976
8192,Descending,1270,1,0,N/A,0.00000004,0.00000991,0.00003125,0.55760559,0.99891604,0.918793,True,False,2122,0,74894,82129,157037
8192,Descending,1271,1,0,N/A,0.00000001,0.00001010,0.00003106,0.57142236,0.99887986,0.917267,True,False,2088,0,71344,79616,150974
8192,Descending,1272,1,0,N/A,0.00000160,0.00000994,0.00003098,0.54786223,0.99887978,0.918549,True,False,2122,0,71311,80184,151509
8192,Descending,1273,1,0,N/A,0.00000004,0.00001012,0.00003132,0.55881704,0.99886237,0.917084,True,False,2088,0,71312,79480,150806
8192,Descending,1274,1,0,N/A,0.00000041,0.00001009,0.00003128,0.56001955,0.99886057,0.917358,True,False,2105,0,71848,79017,150879
8192,Descending,1275,1,0,N/A,0.00000103,0.00001003,0.00003084,0.54396837,0.99888910,0.917877,True,False,2088,0,70913,80247,151174
8192,Descending,1276,1,0,N/A,0.00000046,0.00001013,0.00003128,0.56702609,0.99886723,0.916992,True,False,2105,0,72208,80280,152502
8192,Descending,1277,1,0,N/A,0.00000148,0.00000980,0.00003155,0.53883248,0.99892081,0.919739,True,False,2088,0,71733,79366,151113
8192,Descending,1278,1,0,N/A,0.00000125,0.00001004,0.00003089,0.55006865,0.99890536,0.917755,True,False,2122,0,72094,80741,152849
8192,Descending,1279,1,0,N/A,0.00000098,0.00001003,0.00003135,0.54509822,0.99888174,0.917816,True,False,2088,0,71117,80116,151247
8192,Descending,1280,1,0,N/A,0.00000062,0.00000995,0.00003120,0.55630439,0.99890148,0.918457,True,False,2088,0,71553,80037,151604
8192,Descending,1281,1,0,N/A,0.00000152,0.00001010,0.00003107,0.57671326,0.99884821,0.917267,True,False,2088,0,71741,79158,150913
8192,Descending,1282,1,0,N/A,0.00000109,0.00001009,0.00003111,0.56165672,0.99887985,0.917358,True,False,2104,0,71103,78649,149766
8192,Descending,1283,1,0,N/A,0.00000006,0.00000997,0.00003107,0.54590602,0.99890534,0.918304,True,False,2088,0,72205,80335,152554
8192,Descending,1284,1,0,N/A,0.00000096,0.00001027,0.00003132,0.56747558,0.99878382,0.915894,True,False,2088,0,71124,80751,151889
8192,Descending,1285,1,0,N/A,0.00000007,0.00001011,0.00003099,0.55564161,0.99883418,0.917206,True,False,2088,0,71631,79772,151417
8192,Descending,1286,1,0,N/A,0.00000157,0.00001008,0.00003103,0.56996194,0.99888867,0.917419,True,False,2088,0,70702,79639,150355
8192,Descending,1287,1,0,N/A,0.00000169,0.00001003,0.00003141,0.55327261,0.99885503,0.917847,True,False,2088,0,71387,79940,151341
8192,Descending,1288,1,0,N/A,0.00000025,0.00001012,0.00003151,0.56711514,0.99886267,0.917114,True,False,2088,0,73093,79850,152957
8192,Descending,1289,1,0,N/A,0.00000034,0.00000994,0.00003082,0.54901135,0.99888228,0.918549,True,False,2088,0,71101,79355,150470
8192,Descending,1290,1,0,N/A,0.00000205,0.00001005,0.00003101,0.55416458,0.99890944,0.917694,True,False,2119,0,71710,79939,151663
8192,Descending,1291,1,0,N/A,0.00000035,0.00001003,0.00003084,0.54918643,0.99885754,0.917847,True,False,2105,0,71243,79221,150478
8192,Descending,1292,1,0,N/A,0.00000045,0.00001014,0.00003108,0.56317233,0.99884213,0.916931,True,False,2105,0,71691,79691,151396
8192,Descending,1293,1,0,N/A,0.00000291,0.00000992,0.00003120,0.55040698,0.99892033,0.918732,True,False,2088,0,71836,79943,151793
8192,Descending,1294,1,0,N/A,0.00000168,0.00001011,0.00003096,0.54931282,0.99886188,0.917175,True,False,2088,0,73070,80786,153870
8192,Descending,1295,1,0,N/A,0.00000018,0.00001006,0.00003112,0.56287960,0.99889895,0.917603,True,False,2088,0,71766,79449,151229
8192,Descending,1296,1,0,N/A,0.00000031,0.00000997,0.00003135,0.56492279,0.99888435,0.918335,True,False,2100,0,71087,79517,150618
8192,Descending,1297,1,0,N/A,0.00000040,0.00000982,0.00003120,0.55591076,0.99892921,0.919586,True,False,2122,0,69983,80068,150065
8192,Descending,1298,1,0,N/A,0.00000011,0.00000998,0.00003124,0.54387612,0.99889025,0.918274,True,False,2105,0,75650,79625,155289
8192,Descending,1299,1,0,N/A,0.00000121,0.00001003,0.00003159,0.54597415,0.99891039,0.917877,True,False,2088,0,71631,80241,151886
8192,Descending,1300,1,0,N/A,0.00000189,0.00001009,0.00003093,0.56973594,0.99887410,0.917328,True,False,2088,0,72461,79013,151488
8192,Descending,1301,1,0,N/A,0.00000156,0.00001016,0.00003082,0.55202077,0.99886572,0.916809,True,False,2105,0,72244,78984,151242
8192,Descending,1302,1,0,N/A,0.00000319,0.00001017,0.00003137,0.55682452,0.99881761,0.916718,True,False,2105,0,72845,87910,160769
8192,Descending,1303,1,0,N/A,0.00000322,0.00001023,0.00003116,0.55912050,0.99884776,0.916199,True,False,2088,0,71189,79974,151177
8192,Descending,1304,1,0,N/A,0.00000088,0.00001003,0.00003103,0.55479852,0.99888826,0.917816,True,False,2088,0,72448,80616,153078
8192,Descending,1305,1,0,N/A,0.00000070,0.00000997,0.00003104,0.56509051,0.99890791,0.918304,True,False,2088,0,71468,79063,150545
8192,Descending,1306,1,0,N/A,0.00000043,0.00000998,0.00003106,0.57541436,0.99889439,0.918213,True,False,2122,0,71746,79102,150862
8192,Descending,1307,1,0,N/A,0.00000005,0.00001009,0.00003101,0.55802971,0.99888714,0.917358,True,False,2105,0,71926,79503,151443
8192,Descending,1308,1,0,N/A,0.00000038,0.00001031,0.00003128,0.57767094,0.99884625,0.915558,True,False,2105,0,71945,79059,151018
8192,Descending,1309,1,0,N/A,0.00000098,0.00001013,0.00003146,0.56886002,0.99886441,0.917023,True,False,2093,0,72626,79556,152196
8192,Descending,1310,1,0,N/A,0.00000555,0.00001003,0.00003131,0.55989351,0.99888460,0.917847,True,False,2122,0,70675,79821,150510
8192,Descending,1311,1,0,N/A,0.00000020,0.00000997,0.00003096,0.56272464,0.99889172,0.918365,True,False,2088,0,71147,80649,151810
8192,Descending,1312,1,0,N/A,0.00000138,0.00001001,0.00003072,0.56239829,0.99887761,0.918030,True,False,2122,0,71739,81029,152782
8192,Descending,1313,1,0,N/A,0.00000023,0.00001003,0.00003092,0.54108823,0.99888109,0.917877,True,False,2088,0,72353,86214,158581
8192,Descending,1314,1,0,N/A,0.00000006,0.00001016,0.00003124,0.56965428,0.99886604,0.916779,True,False,2088,0,72230,80181,152425
8192,Descending,1315,1,0,N/A,0.00000474,0.00001008,0.00003095,0.57304673,0.99888289,0.917419,True,False,2088,0,73148,79962,153124
8192,Descending,1316,1,0,N/A,0.00000044,0.00001009,0.00003120,0.55030782,0.99890028,0.917358,True,False,2105,0,72147,80066,152227
8192,Descending,1317,1,0,N/A,0.00000128,0.00001001,0.00003067,0.56436454,0.99887667,0.917969,True,False,2088,0,72237,81052,153303
8192,Descending,1318,1,0,N/A,0.00000099,0.00001001,0.00003129,0.55033714,0.99888642,0.918030,True,False,2088,0,71200,79096,150310
8192,Descending,1319,1,0,N/A,0.00000084,0.00001007,0.00003161,0.57862831,0.99889209,0.917511,True,False,2105,0,71273,79714,151001
8192,Descending,1320,1,0,N/A,0.00000206,0.00001010,0.00003117,0.55533683,0.99884734,0.917236,True,False,2088,0,78722,80644,159380
8192,Descending,1321,1,0,N/A,0.00000016,0.00001014,0.00003115,0.56074487,0.99884880,0.916962,True,False,2088,0,71073,79179,150266
8192,Descending,1322,1,0,N/A,0.00000043,0.00001009,0.00003114,0.56018810,0.99889588,0.917328,True,False,2088,0,71140,78451,149605
8192,Descending,1323,1,0,N/A,0.00000098,0.00001000,0.00003066,0.56254866,0.99889140,0.918121,True,False,2105,0,70810,79567,150391
8192,Descending,1324,1,0,N/A,0.00000169,0.00001008,0.00003137,0.54242195,0.99885258,0.917450,True,False,2088,0,71069,78731,149814
8192,Descending,1325,1,0,N/A,0.00000166,0.00001003,0.00003138,0.56523339,0.99886814,0.917847,True,False,2088,0,71547,79505,151066
8192,Descending,1326,1,0,N/A,0.00000023,0.00000998,0.00003093,0.56218925,0.99889920,0.918274,True,False,2088,0,72220,84471,156705
8192,Descending,1327,1,0,N/A,0.00000155,0.00001008,0.00003130,0.56322687,0.99888019,0.917450,True,False,2088,0,71644,79702,151360
8192,Descending,1328,1,0,N/A,0.00000015,0.00000993,0.00003104,0.55878318,0.99892492,0.918671,True,False,2122,0,70839,79250,150103
8192,Descending,1329,1,0,N/A,0.00000025,0.00001028,0.00003118,0.56568651,0.99883651,0.915833,True,False,2088,0,71523,79131,150668
8192,Descending,1330,1,0,N/A,0.00000100,0.00001011,0.00003095,0.56184106,0.99887482,0.917206,True,False,2088,0,71258,79189,150461
8192,Descending,1331,1,0,N/A,0.00000004,0.00001006,0.00003123,0.56609309,0.99887246,0.917633,True,False,2088,0,72015,79664,151693
8192,Descending,1332,1,0,N/A,0.00000079,0.00000998,0.00003089,0.55265841,0.99890379,0.918274,True,False,2105,0,71688,79114,150816
8192,Descending,1333,1,0,N/A,0.00000038,0.00000994,0.00003145,0.55665625,0.99890439,0.918610,True,False,2105,0,71577,80865,152456
8192,Descending,1334,1,0,N/A,0.00000033,0.00000994,0.00003090,0.54299909,0.99889732,0.918549,True,False,2088,0,71644,79014,150672
8192,Descending,1335,1,0,N/A,0.00000034,0.00001021,0.00003141,0.56836067,0.99886907,0.916382,True,False,2105,0,70810,79273,150097
8192,Descending,1336,1,0,N/A,0.00000127,0.00001007,0.00003103,0.55593133,0.99890384,0.917542,True,False,2105,0,72028,80052,152094
8192,Descending,1337,1,0,N/A,0.00000295,0.00001011,0.00003090,0.56359292,0.99885159,0.917175,True,False,2088,0,70676,79367,150057
8192,Descending,1338,1,0,N/A,0.00000277,0.00001006,0.00003069,0.55262868,0.99889050,0.917603,True,False,2105,0,70728,79387,150129
8192,Descending,1339,1,0,N/A,0.00000041,0.00001016,0.00003137,0.56329643,0.99887085,0.916809,True,False,2088,0,69641,79246,148901
8192,Descending,1340,1,0,N/A,0.00000160,0.00001017,0.00003100,0.57769281,0.99885691,0.916656,True,False,2088,0,71739,78771,150524
8192,Descending,1341,1,0,N/A,0.00000057,0.00001002,0.00003099,0.54833379,0.99887538,0.917908,True,False,2088,0,70978,78985,149977
8192,Descending,1342,1,0,N/A,0.00000317,0.00001014,0.00003110,0.55384968,0.99883402,0.916931,True,False,2105,0,70896,79246,150156
8192,Descending,1343,1,0,N/A,0.00000099,0.00000998,0.00003145,0.55829159,0.99890188,0.918274,True,False,2088,0,71867,84205,156086
8192,Descending,1344,1,0,N/A,0.00000219,0.00000990,0.00003133,0.55163224,0.99889101,0.918915,True,False,2088,0,71127,79640,150781
8192,Descending,1345,1,0,N/A,0.00000001,0.00001013,0.00003094,0.56239702,0.99885564,0.917053,True,False,2088,0,71334,79258,150606
8192,Descending,1346,1,0,N/A,0.00000120,0.00001004,0.00003090,0.56617129,0.99888577,0.917786,True,False,2105,0,70375,79491,149880
8192,Descending,1347,1,0,N/A,0.00000087,0.00001007,0.00003112,0.54214990,0.99887031,0.917542,True,False,2088,0,69806,79842,149662
8192,Descending,1348,1,0,N/A,0.00000107,0.00001001,0.00003116,0.55586296,0.99889128,0.918030,True,False,2088,0,75243,81089,156346
8192,Descending,1349,1,0,N/A,0.00000029,0.00001006,0.00003128,0.56376717,0.99890371,0.917633,True,False,2088,0,72148,78654,150816
8192,Descending,1350,1,0,N/A,0.00000015,0.00001001,0.00003124,0.55320240,0.99891809,0.917999,True,False,2105,0,71863,79848,151725
8192,Descending,1351,1,0,N/A,0.00000124,0.00001030,0.00003090,0.55773506,0.99880577,0.915588,True,False,2088,0,71819,79326,151159
8192,Descending,1352,1,0,N/A,0.00000314,0.00001021,0.00003082,0.56638367,0.99883622,0.916351,True,False,2088,0,72574,84693,157281
8192,Descending,1353,1,0,N/A,0.00000132,0.00001005,0.00003124,0.55674147,0.99887163,0.917664,True,False,2088,0,70901,79734,150649
8192,Descending,1354,1,0,N/A,0.00000073,0.00000989,0.00003154,0.55142959,0.99892332,0.919006,True,False,2088,0,71234,78711,149959
8192,Descending,1355,1,0,N/A,0.00000048,0.00000996,0.00003116,0.53819511,0.99889523,0.918396,True,False,2105,0,74940,79526,154480
8192,Descending,1356,1,0,N/A,0.00000078,0.00001007,0.00003134,0.55263528,0.99886277,0.917542,True,False,2088,0,71349,79129,150492
8192,Descending,1357,1,0,N/A,0.00000115,0.00001008,0.00003114,0.57173051,0.99888388,0.917450,True,False,2088,0,71849,79122,150985
8192,Descending,1358,1,0,N/A,0.00000103,0.00001001,0.00003135,0.55523351,0.99892354,0.918030,True,False,2105,0,71669,79224,150907
8192,Descending,1359,1,0,N/A,0.00000126,0.00001018,0.00003155,0.56568172,0.99884903,0.916595,True,False,2105,0,71055,79407,150476
8192,Descending,1360,1,0,N/A,0.00000066,0.00001014,0.00003099,0.56363821,0.99886408,0.916901,True,False,2122,0,71858,79678,151550
8192,Descending,1361,1,0,N/A,0.00000179,0.00001008,0.00003079,0.56704335,0.99885652,0.917450,True,False,2105,0,71667,80345,152026
8192,Descending,1362,1,0,N/A,0.00000097,0.00001013,0.00003103,0.56705472,0.99884380,0.916992,True,False,2088,0,70356,79447,149817
8192,Descending,1363,1,0,N/A,0.00000068,0.00001015,0.00003083,0.56321573,0.99886769,0.916840,True,False,2088,0,71838,79776,151628
8192,Descending,1364,1,0,N/A,0.00000027,0.00001008,0.00003095,0.56589753,0.99886306,0.917389,True,False,2088,0,71520,78542,150076
8192,Descending,1365,1,0,N/A,0.00000015,0.00001013,0.00003107,0.55263753,0.99885501,0.917023,True,False,2088,0,71044,78396,149454
8192,Descending,1366,1,0,N/A,0.00000187,0.00001006,0.00003103,0.54899501,0.99889134,0.917603,True,False,2105,0,71588,80099,151701
8192,Descending,1367,1,0,N/A,0.00000087,0.00001005,0.00003118,0.55598982,0.99889091,0.917694,True,False,2088,0,71463,78525,150002
8192,Descending,1368,1,0,N/A,0.00000158,0.00001013,0.00003113,0.57656249,0.99885647,0.916992,True,False,2088,0,72528,80038,152580
8192,Descending,1369,1,0,N/A,0.00000037,0.00001009,0.00003101,0.56239486,0.99888941,0.917358,True,False,2088,0,71649,79590,151253
8192,Descending,1370,1,0,N/A,0.00000201,0.00001012,0.00003109,0.56351409,0.99888840,0.917114,True,False,2088,0,70806,79500,150320
8192,Descending,1371,1,0,N/A,0.00000006,0.00001019,0.00003123,0.56848940,0.99884138,0.916534,True,False,2088,0,75298,81405,156717
8192,Descending,1372,1,0,N/A,0.00000018,0.00001007,0.00003131,0.55876878,0.99884730,0.917542,True,False,2088,0,71516,78589,150119
8192,Descending,1373,1,0,N/A,0.00000136,0.00001012,0.00003109,0.56419934,0.99888725,0.917145,True,False,2088,0,69896,79549,149459
8192,Descending,1374,1,0,N/A,0.00000036,0.00001001,0.00003090,0.56518427,0.99886966,0.917999,True,False,2122,0,71726,79085,150825
8192,Descending,1375,1,0,N/A,0.00000676,0.00001012,0.00003097,0.55481357,0.99883289,0.917114,True,False,2105,0,72785,79277,152076
8192,Descending,1376,1,0,N/A,0.00000099,0.00001005,0.00003116,0.55312775,0.99889514,0.917694,True,False,2088,0,71067,79463,150544
8192,Descending,1377,1,0,N/A,0.00000192,0.00001004,0.00003109,0.56241758,0.99887257,0.917786,True,False,2122,0,71440,79939,151393
8192,Descending,1378,1,0,N/A,0.00000062,0.00001002,0.00003102,0.56859082,0.99888458,0.917908,True,False,2105,0,72820,80180,153014
8192,Descending,1379,1,0,N/A,0.00000101,0.00001016,0.00003111,0.57002978,0.99884571,0.916809,True,False,2088,0,73236,79756,153006
8192,Descending,1380,1,0,N/A,0.00000032,0.00001009,0.00003119,0.56179276,0.99886503,0.917389,True,False,2105,0,71315,78924,150253
8192,Descending,1381,1,0,N/A,0.00000408,0.00001014,0.00003117,0.57164254,0.99886671,0.916901,True,False,2105,0,70891,79276,150181
8192,Descending,1382,1,0,N/A,0.00000072,0.00001019,0.00003100,0.56788853,0.99882776,0.916504,True,False,2088,0,72451,78916,151381
8192,Descending,1383,1,0,N/A,0.00000087,0.00001000,0.00003109,0.54885211,0.99887922,0.918060,True,False,2088,0,71394,79275,150683
8192,Descending,1384,1,0,N/A,0.00000087,0.00000999,0.00003132,0.53852886,0.99886508,0.918152,True,False,2088,0,71829,79326,151169
8192,Descending,1385,1,0,N/A,0.00000075,0.00000986,0.00003108,0.55561077,0.99890504,0.919250,True,False,2105,0,72501,85975,158490
8192,Descending,1386,1,0,N/A,0.00000437,0.00000995,0.00003105,0.55535670,0.99888120,0.918457,True,False,2105,0,70768,79247,150029
8192,Descending,1387,1,0,N/A,0.00000083,0.00000990,0.00003115,0.53801935,0.99890320,0.918884,True,False,2088,0,70493,80494,151001
8192,Descending,1388,1,0,N/A,0.00000088,0.00001010,0.00003089,0.56283896,0.99887174,0.917297,True,False,2088,0,69721,79692,149427
8192,Descending,1389,1,0,N/A,0.00000038,0.00000998,0.00003146,0.55771437,0.99887682,0.918274,True,False,2105,0,71298,79125,150437
8192,Descending,1390,1,0,N/A,0.00000007,0.00001009,0.00003083,0.55524754,0.99887043,0.917389,True,False,2088,0,74491,81460,155965
8192,Descending,1391,1,0,N/A,0.00000016,0.00001004,0.00003078,0.55330598,0.99885912,0.917786,True,False,2088,0,69961,79107,149082
8192,Descending,1392,1,0,N/A,0.00000344,0.00001013,0.00003098,0.56048118,0.99888429,0.916992,True,False,2122,0,71548,78855,150417
8192,Descending,1393,1,0,N/A,0.00000000,0.00001010,0.00003107,0.56063335,0.99887006,0.917297,True,False,2105,0,72604,79982,152600
8192,Descending,1394,1,0,N/A,0.00000162,0.00000999,0.00003119,0.54906054,0.99886555,0.918152,True,False,2122,0,74915,81004,155933
8192,Descending,1395,1,0,N/A,0.00000062,0.00001014,0.00003095,0.55968153,0.99887555,0.916962,True,False,2088,0,71013,79268,150295
8192,Descending,1396,1,0,N/A,0.00000191,0.00000991,0.00003152,0.55237665,0.99894409,0.918823,True,False,2088,0,70682,78971,149667
8192,Descending,1397,1,0,N/A,0.00000067,0.00001006,0.00003068,0.53926148,0.99884549,0.917572,True,False,2088,0,71495,79282,150791
8192,Descending,1398,1,0,N/A,0.00000034,0.00001023,0.00003130,0.56233741,0.99882700,0.916168,True,False,2088,0,88445,79444,167903
8192,Descending,1399,1,0,N/A,0.00000047,0.00001008,0.00003120,0.57169776,0.99886085,0.917419,True,False,2122,0,86704,80545,167263
