Copyright 1986-2022 Xilinx, Inc. All Rights Reserved. Copyright 2022-2024 Advanced Micro Devices, Inc. All Rights Reserved.
--------------------------------------------------------------------------------------------------------------------------------------------------------------------------------------------------------------------------------------------------------
| Tool Version      : Vivado v.2024.2 (win64) Build 5239630 Fri Nov 08 22:35:27 MST 2024
| Date              : Sat Apr 11 22:31:01 2026
| Host              : DucLe running 64-bit major release  (build 9200)
| Command           : report_timing_summary -max_paths 10 -report_unconstrained -file my_softmax_wrapper_timing_summary_routed.rpt -pb my_softmax_wrapper_timing_summary_routed.pb -rpx my_softmax_wrapper_timing_summary_routed.rpx -warn_on_violation
| Design            : my_softmax_wrapper
| Device            : xck26-sfvc784
| Speed File        : -2LV  PRODUCTION 1.30 05-15-2022
| Design State      : Routed
| Temperature Grade : C
--------------------------------------------------------------------------------------------------------------------------------------------------------------------------------------------------------------------------------------------------------

Timing Summary Report

------------------------------------------------------------------------------------------------
| Timer Settings
| --------------
------------------------------------------------------------------------------------------------

  Enable Multi Corner Analysis               :  Yes
  Enable Pessimism Removal                   :  Yes
  Pessimism Removal Resolution               :  Nearest Common Node
  Enable Input Delay Default Clock           :  No
  Enable Preset / Clear Arcs                 :  No
  Disable Flight Delays                      :  No
  Ignore I/O Paths                           :  No
  Timing Early Launch at Borrowing Latches   :  No
  Borrow Time for Max Delay Exceptions       :  Yes
  Merge Timing Exceptions                    :  Yes
  Inter-SLR Compensation                     :  Conservative

  Corner  Analyze    Analyze    
  Name    Max Paths  Min Paths  
  ------  ---------  ---------  
  Slow    Yes        Yes        
  Fast    Yes        Yes        


------------------------------------------------------------------------------------------------
| Report Methodology
| ------------------
------------------------------------------------------------------------------------------------

No report available as report_methodology has not been run prior. Run report_methodology on the current design for the summary of methodology violations.



check_timing report

Table of Contents
-----------------
1. checking no_clock (0)
2. checking constant_clock (0)
3. checking pulse_width_clock (0)
4. checking unconstrained_internal_endpoints (0)
5. checking no_input_delay (0)
6. checking no_output_delay (0)
7. checking multiple_clock (0)
8. checking generated_clocks (0)
9. checking loops (0)
10. checking partial_input_delay (0)
11. checking partial_output_delay (0)
12. checking latch_loops (0)

1. checking no_clock (0)
------------------------
 There are 0 register/latch pins with no clock.


2. checking constant_clock (0)
------------------------------
 There are 0 register/latch pins with constant_clock.


3. checking pulse_width_clock (0)
---------------------------------
 There are 0 register/latch pins which need pulse_width check


4. checking unconstrained_internal_endpoints (0)
------------------------------------------------
 There are 0 pins that are not constrained for maximum delay.

 There are 0 pins that are not constrained for maximum delay due to constant clock.


5. checking no_input_delay (0)
------------------------------
 There are 0 input ports with no input delay specified.

 There are 0 input ports with no input delay but user has a false path constraint.


6. checking no_output_delay (0)
-------------------------------
 There are 0 ports with no output delay specified.

 There are 0 ports with no output delay but user has a false path constraint

 There are 0 ports with no output delay but with a timing clock defined on it or propagating through it


7. checking multiple_clock (0)
------------------------------
 There are 0 register/latch pins with multiple clocks.


8. checking generated_clocks (0)
--------------------------------
 There are 0 generated clocks that are not connected to a clock source.


9. checking loops (0)
---------------------
 There are 0 combinational loops in the design.


10. checking partial_input_delay (0)
------------------------------------
 There are 0 input ports with partial input delay specified.


11. checking partial_output_delay (0)
-------------------------------------
 There are 0 ports with partial output delay specified.


12. checking latch_loops (0)
----------------------------
 There are 0 combinational latch loops in the design through latch input



------------------------------------------------------------------------------------------------
| Design Timing Summary
| ---------------------
------------------------------------------------------------------------------------------------

    WNS(ns)      TNS(ns)  TNS Failing Endpoints  TNS Total Endpoints      WHS(ns)      THS(ns)  THS Failing Endpoints  THS Total Endpoints     WPWS(ns)     TPWS(ns)  TPWS Failing Endpoints  TPWS Total Endpoints  
    -------      -------  ---------------------  -------------------      -------      -------  ---------------------  -------------------     --------     --------  ----------------------  --------------------  
      0.083        0.000                      0                58320        0.010        0.000                      0                58320        0.000        0.000                       0                 19394  


All user specified timing constraints are met.


------------------------------------------------------------------------------------------------
| Clock Summary
| -------------
------------------------------------------------------------------------------------------------

Clock     Waveform(ns)         Period(ns)      Frequency(MHz)
-----     ------------         ----------      --------------
clk_pl_0  {0.000 1.500}        3.000           333.333         


------------------------------------------------------------------------------------------------
| Intra Clock Table
| -----------------
------------------------------------------------------------------------------------------------

Clock             WNS(ns)      TNS(ns)  TNS Failing Endpoints  TNS Total Endpoints      WHS(ns)      THS(ns)  THS Failing Endpoints  THS Total Endpoints     WPWS(ns)     TPWS(ns)  TPWS Failing Endpoints  TPWS Total Endpoints  
-----             -------      -------  ---------------------  -------------------      -------      -------  ---------------------  -------------------     --------     --------  ----------------------  --------------------  
clk_pl_0            0.083        0.000                      0                58320        0.010        0.000                      0                58320        0.000        0.000                       0                 19394  


------------------------------------------------------------------------------------------------
| Inter Clock Table
| -----------------
------------------------------------------------------------------------------------------------

From Clock    To Clock          WNS(ns)      TNS(ns)  TNS Failing Endpoints  TNS Total Endpoints      WHS(ns)      THS(ns)  THS Failing Endpoints  THS Total Endpoints  
----------    --------          -------      -------  ---------------------  -------------------      -------      -------  ---------------------  -------------------  


------------------------------------------------------------------------------------------------
| Other Path Groups Table
| -----------------------
------------------------------------------------------------------------------------------------

Path Group    From Clock    To Clock          WNS(ns)      TNS(ns)  TNS Failing Endpoints  TNS Total Endpoints      WHS(ns)      THS(ns)  THS Failing Endpoints  THS Total Endpoints  
----------    ----------    --------          -------      -------  ---------------------  -------------------      -------      -------  ---------------------  -------------------  


------------------------------------------------------------------------------------------------
| User Ignored Path Table
| -----------------------
------------------------------------------------------------------------------------------------

Path Group    From Clock    To Clock    
----------    ----------    --------    
(none)                      clk_pl_0      
(none)        clk_pl_0      clk_pl_0      


------------------------------------------------------------------------------------------------
| Unconstrained Path Table
| ------------------------
------------------------------------------------------------------------------------------------

Path Group    From Clock    To Clock    
----------    ----------    --------    


------------------------------------------------------------------------------------------------
| Timing Details
| --------------
------------------------------------------------------------------------------------------------


---------------------------------------------------------------------------------------------------
From Clock:  clk_pl_0
  To Clock:  clk_pl_0

Setup :            0  Failing Endpoints,  Worst Slack        0.083ns,  Total Violation        0.000ns
Hold  :            0  Failing Endpoints,  Worst Slack        0.010ns,  Total Violation        0.000ns
PW    :            0  Failing Endpoints,  Worst Slack        0.000ns,  Total Violation        0.000ns
---------------------------------------------------------------------------------------------------


Max Delay Paths
--------------------------------------------------------------------------------------
Slack (MET) :             0.083ns  (required time - arrival time)
  Source:                 my_softmax_i/softmax_dl2_v6_0/inst/u_softmax_ip/u_recip/C_s1_reg/CLKARDCLK
                            (rising edge-triggered cell RAMB18E2 clocked by clk_pl_0  {rise@0.000ns fall@1.500ns period=3.000ns})
  Destination:            my_softmax_i/softmax_dl2_v6_0/inst/u_softmax_ip/u_recip/l1_1_reg[47]/D
                            (rising edge-triggered cell FDRE clocked by clk_pl_0  {rise@0.000ns fall@1.500ns period=3.000ns})
  Path Group:             clk_pl_0
  Path Type:              Setup (Max at Slow Process Corner)
  Requirement:            3.000ns  (clk_pl_0 rise@3.000ns - clk_pl_0 rise@0.000ns)
  Data Path Delay:        2.459ns  (logic 1.116ns (45.388%)  route 1.343ns (54.612%))
  Logic Levels:           7  (CARRY8=6 LUT4=1)
  Clock Path Skew:        -0.388ns (DCD - SCD + CPR)
    Destination Clock Delay (DCD):    2.425ns = ( 5.425 - 3.000 ) 
    Source Clock Delay      (SCD):    3.011ns
    Clock Pessimism Removal (CPR):    0.198ns
  Clock Uncertainty:      0.114ns  ((TSJ^2 + DJ^2)^1/2) / 2 + PE
    Total System Jitter     (TSJ):    0.071ns
    Discrete Jitter          (DJ):    0.217ns
    Phase Error              (PE):    0.000ns
  Clock Net Delay (Source):      2.744ns (routing 1.045ns, distribution 1.699ns)
  Clock Net Delay (Destination): 2.209ns (routing 0.955ns, distribution 1.254ns)

    Location             Delay type                Incr(ns)  Path(ns)    Netlist Resource(s)
  -------------------------------------------------------------------    -------------------
                         (clock clk_pl_0 rise edge)
                                                      0.000     0.000 r  
    PS8_X0Y0             PS8                          0.000     0.000 r  my_softmax_i/zynq_ultra_ps_e_0/inst/PS8_i/PLCLK[0]
                         net (fo=1, routed)           0.229     0.229    my_softmax_i/zynq_ultra_ps_e_0/inst/pl_clk_unbuffered[0]
    BUFG_PS_X0Y80        BUFG_PS (Prop_BUFG_PS_I_O)
                                                      0.038     0.267 r  my_softmax_i/zynq_ultra_ps_e_0/inst/buffer_pl_clk_0.PL_CLK_0_BUFG/O
    X0Y1 (CLOCK_ROOT)    net (fo=19394, routed)       2.744     3.011    my_softmax_i/softmax_dl2_v6_0/inst/u_softmax_ip/u_recip/s00_axi_aclk
    RAMB18_X0Y56         RAMB18E2                                     r  my_softmax_i/softmax_dl2_v6_0/inst/u_softmax_ip/u_recip/C_s1_reg/CLKARDCLK
  -------------------------------------------------------------------    -------------------
    RAMB18_X0Y56         RAMB18E2 (Prop_RAMB18E2_L_RAMB180_CLKARDCLK_DOUTADOUT[7])
                                                      0.296     3.307 r  my_softmax_i/softmax_dl2_v6_0/inst/u_softmax_ip/u_recip/C_s1_reg/DOUTADOUT[7]
                         net (fo=13, routed)          1.145     4.452    my_softmax_i/softmax_dl2_v6_0/inst/u_softmax_ip/u_recip/C_s1_reg__0[7]
    SLICE_X16Y143        LUT4 (Prop_H6LUT_SLICEL_I0_O)
                                                      0.227     4.679 r  my_softmax_i/softmax_dl2_v6_0/inst/u_softmax_ip/u_recip/l1_1[9]_i_9/O
                         net (fo=1, routed)           0.015     4.694    my_softmax_i/softmax_dl2_v6_0/inst/u_softmax_ip/u_recip/l1_1[9]_i_9_n_0
    SLICE_X16Y143        CARRY8 (Prop_CARRY8_SLICEL_S[7]_CO[7])
                                                      0.172     4.866 r  my_softmax_i/softmax_dl2_v6_0/inst/u_softmax_ip/u_recip/l1_1_reg[9]_i_1/CO[7]
                         net (fo=1, routed)           0.030     4.896    my_softmax_i/softmax_dl2_v6_0/inst/u_softmax_ip/u_recip/l1_1_reg[9]_i_1_n_0
    SLICE_X16Y144        CARRY8 (Prop_CARRY8_SLICEL_CI_CO[7])
                                                      0.065     4.961 r  my_softmax_i/softmax_dl2_v6_0/inst/u_softmax_ip/u_recip/l1_1_reg[17]_i_1/CO[7]
                         net (fo=1, routed)           0.030     4.991    my_softmax_i/softmax_dl2_v6_0/inst/u_softmax_ip/u_recip/l1_1_reg[17]_i_1_n_0
    SLICE_X16Y145        CARRY8 (Prop_CARRY8_SLICEL_CI_CO[7])
                                                      0.065     5.056 r  my_softmax_i/softmax_dl2_v6_0/inst/u_softmax_ip/u_recip/l1_1_reg[25]_i_1/CO[7]
                         net (fo=1, routed)           0.030     5.086    my_softmax_i/softmax_dl2_v6_0/inst/u_softmax_ip/u_recip/l1_1_reg[25]_i_1_n_0
    SLICE_X16Y146        CARRY8 (Prop_CARRY8_SLICEL_CI_CO[7])
                                                      0.065     5.151 r  my_softmax_i/softmax_dl2_v6_0/inst/u_softmax_ip/u_recip/l1_1_reg[33]_i_1/CO[7]
                         net (fo=1, routed)           0.030     5.181    my_softmax_i/softmax_dl2_v6_0/inst/u_softmax_ip/u_recip/l1_1_reg[33]_i_1_n_0
    SLICE_X16Y147        CARRY8 (Prop_CARRY8_SLICEL_CI_CO[7])
                                                      0.065     5.246 r  my_softmax_i/softmax_dl2_v6_0/inst/u_softmax_ip/u_recip/l1_1_reg[41]_i_1/CO[7]
                         net (fo=1, routed)           0.030     5.276    my_softmax_i/softmax_dl2_v6_0/inst/u_softmax_ip/u_recip/l1_1_reg[41]_i_1_n_0
    SLICE_X16Y148        CARRY8 (Prop_CARRY8_SLICEL_CI_O[5])
                                                      0.161     5.437 r  my_softmax_i/softmax_dl2_v6_0/inst/u_softmax_ip/u_recip/l1_1_reg[47]_i_1/O[5]
                         net (fo=1, routed)           0.033     5.470    my_softmax_i/softmax_dl2_v6_0/inst/u_softmax_ip/u_recip/l1_1_reg[47]_i_1_n_10
    SLICE_X16Y148        FDRE                                         r  my_softmax_i/softmax_dl2_v6_0/inst/u_softmax_ip/u_recip/l1_1_reg[47]/D
  -------------------------------------------------------------------    -------------------

                         (clock clk_pl_0 rise edge)
                                                      3.000     3.000 r  
    PS8_X0Y0             PS8                          0.000     3.000 r  my_softmax_i/zynq_ultra_ps_e_0/inst/PS8_i/PLCLK[0]
                         net (fo=1, routed)           0.181     3.181    my_softmax_i/zynq_ultra_ps_e_0/inst/pl_clk_unbuffered[0]
    BUFG_PS_X0Y80        BUFG_PS (Prop_BUFG_PS_I_O)
                                                      0.035     3.216 r  my_softmax_i/zynq_ultra_ps_e_0/inst/buffer_pl_clk_0.PL_CLK_0_BUFG/O
    X0Y1 (CLOCK_ROOT)    net (fo=19394, routed)       2.209     5.425    my_softmax_i/softmax_dl2_v6_0/inst/u_softmax_ip/u_recip/s00_axi_aclk
    SLICE_X16Y148        FDRE                                         r  my_softmax_i/softmax_dl2_v6_0/inst/u_softmax_ip/u_recip/l1_1_reg[47]/C
                         clock pessimism              0.198     5.623    
                         clock uncertainty           -0.114     5.509    
    SLICE_X16Y148        FDRE (Setup_FFF_SLICEL_C_D)
                                                      0.044     5.553    my_softmax_i/softmax_dl2_v6_0/inst/u_softmax_ip/u_recip/l1_1_reg[47]
  -------------------------------------------------------------------
                         required time                          5.553    
                         arrival time                          -5.470    
  -------------------------------------------------------------------
                         slack                                  0.083    

Slack (MET) :             0.086ns  (required time - arrival time)
  Source:                 my_softmax_i/axi_dma_0/U0/I_PRMRY_DATAMOVER/GEN_S2MM_FULL.I_S2MM_FULL_WRAPPER/GEN_INCLUDE_REALIGNER.I_S2MM_REALIGNER/GEN_INCLUDE_SCATTER.I_S2MM_SCATTER/sig_max_first_increment_reg[3]/C
                            (rising edge-triggered cell FDRE clocked by clk_pl_0  {rise@0.000ns fall@1.500ns period=3.000ns})
  Destination:            my_softmax_i/axi_dma_0/U0/I_PRMRY_DATAMOVER/GEN_S2MM_FULL.I_S2MM_FULL_WRAPPER/GEN_INCLUDE_REALIGNER.I_S2MM_REALIGNER/GEN_INCLUDE_SCATTER.I_S2MM_SCATTER/sig_btt_eq_0_reg/D
                            (rising edge-triggered cell FDRE clocked by clk_pl_0  {rise@0.000ns fall@1.500ns period=3.000ns})
  Path Group:             clk_pl_0
  Path Type:              Setup (Max at Slow Process Corner)
  Requirement:            3.000ns  (clk_pl_0 rise@3.000ns - clk_pl_0 rise@0.000ns)
  Data Path Delay:        2.729ns  (logic 1.537ns (56.322%)  route 1.192ns (43.678%))
  Logic Levels:           10  (CARRY8=5 LUT3=1 LUT4=1 LUT6=3)
  Clock Path Skew:        -0.114ns (DCD - SCD + CPR)
    Destination Clock Delay (DCD):    2.393ns = ( 5.393 - 3.000 ) 
    Source Clock Delay      (SCD):    2.699ns
    Clock Pessimism Removal (CPR):    0.191ns
  Clock Uncertainty:      0.114ns  ((TSJ^2 + DJ^2)^1/2) / 2 + PE
    Total System Jitter     (TSJ):    0.071ns
    Discrete Jitter          (DJ):    0.217ns
    Phase Error              (PE):    0.000ns
  Clock Net Delay (Source):      2.432ns (routing 1.045ns, distribution 1.387ns)
  Clock Net Delay (Destination): 2.177ns (routing 0.955ns, distribution 1.222ns)

    Location             Delay type                Incr(ns)  Path(ns)    Netlist Resource(s)
  -------------------------------------------------------------------    -------------------
                         (clock clk_pl_0 rise edge)
                                                      0.000     0.000 r  
    PS8_X0Y0             PS8                          0.000     0.000 r  my_softmax_i/zynq_ultra_ps_e_0/inst/PS8_i/PLCLK[0]
                         net (fo=1, routed)           0.229     0.229    my_softmax_i/zynq_ultra_ps_e_0/inst/pl_clk_unbuffered[0]
    BUFG_PS_X0Y80        BUFG_PS (Prop_BUFG_PS_I_O)
                                                      0.038     0.267 r  my_softmax_i/zynq_ultra_ps_e_0/inst/buffer_pl_clk_0.PL_CLK_0_BUFG/O
    X0Y1 (CLOCK_ROOT)    net (fo=19394, routed)       2.432     2.699    my_softmax_i/axi_dma_0/U0/I_PRMRY_DATAMOVER/GEN_S2MM_FULL.I_S2MM_FULL_WRAPPER/GEN_INCLUDE_REALIGNER.I_S2MM_REALIGNER/GEN_INCLUDE_SCATTER.I_S2MM_SCATTER/m_axi_s2mm_aclk
    SLICE_X16Y70         FDRE                                         r  my_softmax_i/axi_dma_0/U0/I_PRMRY_DATAMOVER/GEN_S2MM_FULL.I_S2MM_FULL_WRAPPER/GEN_INCLUDE_REALIGNER.I_S2MM_REALIGNER/GEN_INCLUDE_SCATTER.I_S2MM_SCATTER/sig_max_first_increment_reg[3]/C
  -------------------------------------------------------------------    -------------------
    SLICE_X16Y70         FDRE (Prop_DFF2_SLICEL_C_Q)
                                                      0.115     2.814 r  my_softmax_i/axi_dma_0/U0/I_PRMRY_DATAMOVER/GEN_S2MM_FULL.I_S2MM_FULL_WRAPPER/GEN_INCLUDE_REALIGNER.I_S2MM_REALIGNER/GEN_INCLUDE_SCATTER.I_S2MM_SCATTER/sig_max_first_increment_reg[3]/Q
                         net (fo=3, routed)           0.127     2.941    my_softmax_i/axi_dma_0/U0/I_PRMRY_DATAMOVER/GEN_S2MM_FULL.I_S2MM_FULL_WRAPPER/GEN_INCLUDE_REALIGNER.I_S2MM_REALIGNER/GEN_INCLUDE_SCATTER.I_S2MM_SCATTER/sig_max_first_increment_reg_n_0_[3]
    SLICE_X16Y71         LUT4 (Prop_B6LUT_SLICEL_I1_O)
                                                      0.224     3.165 r  my_softmax_i/axi_dma_0/U0/I_PRMRY_DATAMOVER/GEN_S2MM_FULL.I_S2MM_FULL_WRAPPER/GEN_INCLUDE_REALIGNER.I_S2MM_REALIGNER/GEN_INCLUDE_SCATTER.I_S2MM_SCATTER/sig_btt_lteq_max_first_incr0_carry_i_10/O
                         net (fo=1, routed)           0.013     3.178    my_softmax_i/axi_dma_0/U0/I_PRMRY_DATAMOVER/GEN_S2MM_FULL.I_S2MM_FULL_WRAPPER/GEN_INCLUDE_REALIGNER.I_S2MM_REALIGNER/GEN_INCLUDE_SCATTER.I_S2MM_SCATTER/sig_btt_lteq_max_first_incr0_carry_i_10_n_0
    SLICE_X16Y71         CARRY8 (Prop_CARRY8_SLICEL_S[1]_CO[7])
                                                      0.261     3.439 r  my_softmax_i/axi_dma_0/U0/I_PRMRY_DATAMOVER/GEN_S2MM_FULL.I_S2MM_FULL_WRAPPER/GEN_INCLUDE_REALIGNER.I_S2MM_REALIGNER/GEN_INCLUDE_SCATTER.I_S2MM_SCATTER/sig_btt_lteq_max_first_incr0_carry/CO[7]
                         net (fo=1, routed)           0.030     3.469    my_softmax_i/axi_dma_0/U0/I_PRMRY_DATAMOVER/GEN_S2MM_FULL.I_S2MM_FULL_WRAPPER/GEN_INCLUDE_REALIGNER.I_S2MM_REALIGNER/GEN_INCLUDE_SCATTER.I_S2MM_SCATTER/sig_btt_lteq_max_first_incr0_carry_n_0
    SLICE_X16Y72         CARRY8 (Prop_CARRY8_SLICEL_CI_CO[3])
                                                      0.090     3.559 r  my_softmax_i/axi_dma_0/U0/I_PRMRY_DATAMOVER/GEN_S2MM_FULL.I_S2MM_FULL_WRAPPER/GEN_INCLUDE_REALIGNER.I_S2MM_REALIGNER/GEN_INCLUDE_SCATTER.I_S2MM_SCATTER/sig_btt_lteq_max_first_incr0_carry__0/CO[3]
                         net (fo=28, routed)          0.290     3.849    my_softmax_i/axi_dma_0/U0/I_PRMRY_DATAMOVER/GEN_S2MM_FULL.I_S2MM_FULL_WRAPPER/GEN_INCLUDE_REALIGNER.I_S2MM_REALIGNER/GEN_INCLUDE_SCATTER.I_S2MM_SCATTER/sig_btt_lteq_max_first_incr
    SLICE_X17Y70         LUT3 (Prop_F6LUT_SLICEM_I2_O)
                                                      0.080     3.929 r  my_softmax_i/axi_dma_0/U0/I_PRMRY_DATAMOVER/GEN_S2MM_FULL.I_S2MM_FULL_WRAPPER/GEN_INCLUDE_REALIGNER.I_S2MM_REALIGNER/GEN_INCLUDE_SCATTER.I_S2MM_SCATTER/sig_btt_cntr_prv0_carry_i_3/O
                         net (fo=1, routed)           0.029     3.958    my_softmax_i/axi_dma_0/U0/I_PRMRY_DATAMOVER/GEN_S2MM_FULL.I_S2MM_FULL_WRAPPER/GEN_INCLUDE_REALIGNER.I_S2MM_REALIGNER/GEN_INCLUDE_SCATTER.I_S2MM_SCATTER/sig_btt_cntr_prv0_carry_i_3_n_0
    SLICE_X17Y70         CARRY8 (Prop_CARRY8_SLICEM_S[5]_CO[7])
                                                      0.238     4.196 r  my_softmax_i/axi_dma_0/U0/I_PRMRY_DATAMOVER/GEN_S2MM_FULL.I_S2MM_FULL_WRAPPER/GEN_INCLUDE_REALIGNER.I_S2MM_REALIGNER/GEN_INCLUDE_SCATTER.I_S2MM_SCATTER/sig_btt_cntr_prv0_carry/CO[7]
                         net (fo=1, routed)           0.030     4.226    my_softmax_i/axi_dma_0/U0/I_PRMRY_DATAMOVER/GEN_S2MM_FULL.I_S2MM_FULL_WRAPPER/GEN_INCLUDE_REALIGNER.I_S2MM_REALIGNER/GEN_INCLUDE_SCATTER.I_S2MM_SCATTER/sig_btt_cntr_prv0_carry_n_0
    SLICE_X17Y71         CARRY8 (Prop_CARRY8_SLICEM_CI_CO[7])
                                                      0.065     4.291 r  my_softmax_i/axi_dma_0/U0/I_PRMRY_DATAMOVER/GEN_S2MM_FULL.I_S2MM_FULL_WRAPPER/GEN_INCLUDE_REALIGNER.I_S2MM_REALIGNER/GEN_INCLUDE_SCATTER.I_S2MM_SCATTER/sig_btt_cntr_prv0_carry__0/CO[7]
                         net (fo=1, routed)           0.030     4.321    my_softmax_i/axi_dma_0/U0/I_PRMRY_DATAMOVER/GEN_S2MM_FULL.I_S2MM_FULL_WRAPPER/GEN_INCLUDE_REALIGNER.I_S2MM_REALIGNER/GEN_INCLUDE_SCATTER.I_S2MM_SCATTER/sig_btt_cntr_prv0_carry__0_n_0
    SLICE_X17Y72         CARRY8 (Prop_CARRY8_SLICEM_CI_O[5])
                                                      0.161     4.482 f  my_softmax_i/axi_dma_0/U0/I_PRMRY_DATAMOVER/GEN_S2MM_FULL.I_S2MM_FULL_WRAPPER/GEN_INCLUDE_REALIGNER.I_S2MM_REALIGNER/GEN_INCLUDE_SCATTER.I_S2MM_SCATTER/sig_btt_cntr_prv0_carry__1/O[5]
                         net (fo=2, routed)           0.171     4.653    my_softmax_i/axi_dma_0/U0/I_PRMRY_DATAMOVER/GEN_S2MM_FULL.I_S2MM_FULL_WRAPPER/GEN_INCLUDE_REALIGNER.I_S2MM_REALIGNER/GEN_INCLUDE_SCATTER.I_S2MM_SCATTER/sig_btt_cntr_prv0[21]
    SLICE_X17Y72         LUT6 (Prop_H6LUT_SLICEM_I0_O)
                                                      0.189     4.842 f  my_softmax_i/axi_dma_0/U0/I_PRMRY_DATAMOVER/GEN_S2MM_FULL.I_S2MM_FULL_WRAPPER/GEN_INCLUDE_REALIGNER.I_S2MM_REALIGNER/GEN_INCLUDE_SCATTER.I_S2MM_SCATTER/sig_btt_eq_0_i_9/O
                         net (fo=1, routed)           0.268     5.110    my_softmax_i/axi_dma_0/U0/I_PRMRY_DATAMOVER/GEN_S2MM_FULL.I_S2MM_FULL_WRAPPER/GEN_INCLUDE_REALIGNER.I_S2MM_REALIGNER/GEN_INCLUDE_SCATTER.I_S2MM_SCATTER/sig_btt_eq_0_i_9_n_0
    SLICE_X16Y69         LUT6 (Prop_A6LUT_SLICEL_I5_O)
                                                      0.058     5.168 r  my_softmax_i/axi_dma_0/U0/I_PRMRY_DATAMOVER/GEN_S2MM_FULL.I_S2MM_FULL_WRAPPER/GEN_INCLUDE_REALIGNER.I_S2MM_REALIGNER/GEN_INCLUDE_SCATTER.I_S2MM_SCATTER/sig_btt_eq_0_i_4/O
                         net (fo=1, routed)           0.108     5.276    my_softmax_i/axi_dma_0/U0/I_PRMRY_DATAMOVER/GEN_S2MM_FULL.I_S2MM_FULL_WRAPPER/GEN_INCLUDE_REALIGNER.I_S2MM_REALIGNER/GEN_INCLUDE_SCATTER.I_S2MM_SCATTER/I_MSSAI_SKID_BUF/sig_btt_eq_0_reg_2
    SLICE_X17Y69         LUT6 (Prop_D6LUT_SLICEM_I3_O)
                                                      0.056     5.332 r  my_softmax_i/axi_dma_0/U0/I_PRMRY_DATAMOVER/GEN_S2MM_FULL.I_S2MM_FULL_WRAPPER/GEN_INCLUDE_REALIGNER.I_S2MM_REALIGNER/GEN_INCLUDE_SCATTER.I_S2MM_SCATTER/I_MSSAI_SKID_BUF/sig_btt_eq_0_i_1/O
                         net (fo=1, routed)           0.096     5.428    my_softmax_i/axi_dma_0/U0/I_PRMRY_DATAMOVER/GEN_S2MM_FULL.I_S2MM_FULL_WRAPPER/GEN_INCLUDE_REALIGNER.I_S2MM_REALIGNER/GEN_INCLUDE_SCATTER.I_S2MM_SCATTER/I_MSSAI_SKID_BUF_n_10
    SLICE_X17Y69         FDRE                                         r  my_softmax_i/axi_dma_0/U0/I_PRMRY_DATAMOVER/GEN_S2MM_FULL.I_S2MM_FULL_WRAPPER/GEN_INCLUDE_REALIGNER.I_S2MM_REALIGNER/GEN_INCLUDE_SCATTER.I_S2MM_SCATTER/sig_btt_eq_0_reg/D
  -------------------------------------------------------------------    -------------------

                         (clock clk_pl_0 rise edge)
                                                      3.000     3.000 r  
    PS8_X0Y0             PS8                          0.000     3.000 r  my_softmax_i/zynq_ultra_ps_e_0/inst/PS8_i/PLCLK[0]
                         net (fo=1, routed)           0.181     3.181    my_softmax_i/zynq_ultra_ps_e_0/inst/pl_clk_unbuffered[0]
    BUFG_PS_X0Y80        BUFG_PS (Prop_BUFG_PS_I_O)
                                                      0.035     3.216 r  my_softmax_i/zynq_ultra_ps_e_0/inst/buffer_pl_clk_0.PL_CLK_0_BUFG/O
    X0Y1 (CLOCK_ROOT)    net (fo=19394, routed)       2.177     5.393    my_softmax_i/axi_dma_0/U0/I_PRMRY_DATAMOVER/GEN_S2MM_FULL.I_S2MM_FULL_WRAPPER/GEN_INCLUDE_REALIGNER.I_S2MM_REALIGNER/GEN_INCLUDE_SCATTER.I_S2MM_SCATTER/m_axi_s2mm_aclk
    SLICE_X17Y69         FDRE                                         r  my_softmax_i/axi_dma_0/U0/I_PRMRY_DATAMOVER/GEN_S2MM_FULL.I_S2MM_FULL_WRAPPER/GEN_INCLUDE_REALIGNER.I_S2MM_REALIGNER/GEN_INCLUDE_SCATTER.I_S2MM_SCATTER/sig_btt_eq_0_reg/C
                         clock pessimism              0.191     5.585    
                         clock uncertainty           -0.114     5.470    
    SLICE_X17Y69         FDRE (Setup_DFF_SLICEM_C_D)
                                                      0.043     5.513    my_softmax_i/axi_dma_0/U0/I_PRMRY_DATAMOVER/GEN_S2MM_FULL.I_S2MM_FULL_WRAPPER/GEN_INCLUDE_REALIGNER.I_S2MM_REALIGNER/GEN_INCLUDE_SCATTER.I_S2MM_SCATTER/sig_btt_eq_0_reg
  -------------------------------------------------------------------
                         required time                          5.513    
                         arrival time                          -5.428    
  -------------------------------------------------------------------
                         slack                                  0.086    

Slack (MET) :             0.094ns  (required time - arrival time)
  Source:                 my_softmax_i/softmax_dl2_v6_0/inst/u_softmax_ip/u_recip/C_s1_reg/CLKARDCLK
                            (rising edge-triggered cell RAMB18E2 clocked by clk_pl_0  {rise@0.000ns fall@1.500ns period=3.000ns})
  Destination:            my_softmax_i/softmax_dl2_v6_0/inst/u_softmax_ip/u_recip/l1_3_reg[47]/D
                            (rising edge-triggered cell FDRE clocked by clk_pl_0  {rise@0.000ns fall@1.500ns period=3.000ns})
  Path Group:             clk_pl_0
  Path Type:              Setup (Max at Slow Process Corner)
  Requirement:            3.000ns  (clk_pl_0 rise@3.000ns - clk_pl_0 rise@0.000ns)
  Data Path Delay:        2.428ns  (logic 0.979ns (40.323%)  route 1.449ns (59.677%))
  Logic Levels:           7  (CARRY8=6 LUT4=1)
  Clock Path Skew:        -0.408ns (DCD - SCD + CPR)
    Destination Clock Delay (DCD):    2.405ns = ( 5.405 - 3.000 ) 
    Source Clock Delay      (SCD):    3.011ns
    Clock Pessimism Removal (CPR):    0.198ns
  Clock Uncertainty:      0.114ns  ((TSJ^2 + DJ^2)^1/2) / 2 + PE
    Total System Jitter     (TSJ):    0.071ns
    Discrete Jitter          (DJ):    0.217ns
    Phase Error              (PE):    0.000ns
  Clock Net Delay (Source):      2.744ns (routing 1.045ns, distribution 1.699ns)
  Clock Net Delay (Destination): 2.189ns (routing 0.955ns, distribution 1.234ns)

    Location             Delay type                Incr(ns)  Path(ns)    Netlist Resource(s)
  -------------------------------------------------------------------    -------------------
                         (clock clk_pl_0 rise edge)
                                                      0.000     0.000 r  
    PS8_X0Y0             PS8                          0.000     0.000 r  my_softmax_i/zynq_ultra_ps_e_0/inst/PS8_i/PLCLK[0]
                         net (fo=1, routed)           0.229     0.229    my_softmax_i/zynq_ultra_ps_e_0/inst/pl_clk_unbuffered[0]
    BUFG_PS_X0Y80        BUFG_PS (Prop_BUFG_PS_I_O)
                                                      0.038     0.267 r  my_softmax_i/zynq_ultra_ps_e_0/inst/buffer_pl_clk_0.PL_CLK_0_BUFG/O
    X0Y1 (CLOCK_ROOT)    net (fo=19394, routed)       2.744     3.011    my_softmax_i/softmax_dl2_v6_0/inst/u_softmax_ip/u_recip/s00_axi_aclk
    RAMB18_X0Y56         RAMB18E2                                     r  my_softmax_i/softmax_dl2_v6_0/inst/u_softmax_ip/u_recip/C_s1_reg/CLKARDCLK
  -------------------------------------------------------------------    -------------------
    RAMB18_X0Y56         RAMB18E2 (Prop_RAMB18E2_L_RAMB180_CLKARDCLK_DOUTADOUT[5])
                                                      0.300     3.311 r  my_softmax_i/softmax_dl2_v6_0/inst/u_softmax_ip/u_recip/C_s1_reg/DOUTADOUT[5]
                         net (fo=13, routed)          1.251     4.562    my_softmax_i/softmax_dl2_v6_0/inst/u_softmax_ip/u_recip/C_s1_reg__0[5]
    SLICE_X11Y137        LUT4 (Prop_F6LUT_SLICEL_I0_O)
                                                      0.081     4.643 r  my_softmax_i/softmax_dl2_v6_0/inst/u_softmax_ip/u_recip/l1_3[13]_i_11/O
                         net (fo=1, routed)           0.015     4.658    my_softmax_i/softmax_dl2_v6_0/inst/u_softmax_ip/u_recip/l1_3[13]_i_11_n_0
    SLICE_X11Y137        CARRY8 (Prop_CARRY8_SLICEL_S[5]_CO[7])
                                                      0.232     4.890 r  my_softmax_i/softmax_dl2_v6_0/inst/u_softmax_ip/u_recip/l1_3_reg[13]_i_1/CO[7]
                         net (fo=1, routed)           0.030     4.920    my_softmax_i/softmax_dl2_v6_0/inst/u_softmax_ip/u_recip/l1_3_reg[13]_i_1_n_0
    SLICE_X11Y138        CARRY8 (Prop_CARRY8_SLICEL_CI_CO[7])
                                                      0.065     4.985 r  my_softmax_i/softmax_dl2_v6_0/inst/u_softmax_ip/u_recip/l1_3_reg[21]_i_1/CO[7]
                         net (fo=1, routed)           0.030     5.015    my_softmax_i/softmax_dl2_v6_0/inst/u_softmax_ip/u_recip/l1_3_reg[21]_i_1_n_0
    SLICE_X11Y139        CARRY8 (Prop_CARRY8_SLICEL_CI_CO[7])
                                                      0.065     5.080 r  my_softmax_i/softmax_dl2_v6_0/inst/u_softmax_ip/u_recip/l1_3_reg[29]_i_1/CO[7]
                         net (fo=1, routed)           0.030     5.110    my_softmax_i/softmax_dl2_v6_0/inst/u_softmax_ip/u_recip/l1_3_reg[29]_i_1_n_0
    SLICE_X11Y140        CARRY8 (Prop_CARRY8_SLICEL_CI_CO[7])
                                                      0.065     5.175 r  my_softmax_i/softmax_dl2_v6_0/inst/u_softmax_ip/u_recip/l1_3_reg[37]_i_1/CO[7]
                         net (fo=1, routed)           0.030     5.205    my_softmax_i/softmax_dl2_v6_0/inst/u_softmax_ip/u_recip/l1_3_reg[37]_i_1_n_0
    SLICE_X11Y141        CARRY8 (Prop_CARRY8_SLICEL_CI_CO[7])
                                                      0.065     5.270 r  my_softmax_i/softmax_dl2_v6_0/inst/u_softmax_ip/u_recip/l1_3_reg[45]_i_1/CO[7]
                         net (fo=1, routed)           0.030     5.300    my_softmax_i/softmax_dl2_v6_0/inst/u_softmax_ip/u_recip/l1_3_reg[45]_i_1_n_0
    SLICE_X11Y142        CARRY8 (Prop_CARRY8_SLICEL_CI_O[1])
                                                      0.106     5.406 r  my_softmax_i/softmax_dl2_v6_0/inst/u_softmax_ip/u_recip/l1_3_reg[47]_i_1/O[1]
                         net (fo=1, routed)           0.033     5.439    my_softmax_i/softmax_dl2_v6_0/inst/u_softmax_ip/u_recip/l1_3_reg[47]_i_1_n_14
    SLICE_X11Y142        FDRE                                         r  my_softmax_i/softmax_dl2_v6_0/inst/u_softmax_ip/u_recip/l1_3_reg[47]/D
  -------------------------------------------------------------------    -------------------

                         (clock clk_pl_0 rise edge)
                                                      3.000     3.000 r  
    PS8_X0Y0             PS8                          0.000     3.000 r  my_softmax_i/zynq_ultra_ps_e_0/inst/PS8_i/PLCLK[0]
                         net (fo=1, routed)           0.181     3.181    my_softmax_i/zynq_ultra_ps_e_0/inst/pl_clk_unbuffered[0]
    BUFG_PS_X0Y80        BUFG_PS (Prop_BUFG_PS_I_O)
                                                      0.035     3.216 r  my_softmax_i/zynq_ultra_ps_e_0/inst/buffer_pl_clk_0.PL_CLK_0_BUFG/O
    X0Y1 (CLOCK_ROOT)    net (fo=19394, routed)       2.189     5.405    my_softmax_i/softmax_dl2_v6_0/inst/u_softmax_ip/u_recip/s00_axi_aclk
    SLICE_X11Y142        FDRE                                         r  my_softmax_i/softmax_dl2_v6_0/inst/u_softmax_ip/u_recip/l1_3_reg[47]/C
                         clock pessimism              0.198     5.603    
                         clock uncertainty           -0.114     5.489    
    SLICE_X11Y142        FDRE (Setup_BFF_SLICEL_C_D)
                                                      0.044     5.533    my_softmax_i/softmax_dl2_v6_0/inst/u_softmax_ip/u_recip/l1_3_reg[47]
  -------------------------------------------------------------------
                         required time                          5.533    
                         arrival time                          -5.439    
  -------------------------------------------------------------------
                         slack                                  0.094    

Slack (MET) :             0.094ns  (required time - arrival time)
  Source:                 my_softmax_i/softmax_dl2_v6_0/inst/u_softmax_ip/rescale_factor_reg[6]/C
                            (rising edge-triggered cell FDRE clocked by clk_pl_0  {rise@0.000ns fall@1.500ns period=3.000ns})
  Destination:            my_softmax_i/softmax_dl2_v6_0/inst/u_softmax_ip/rsc_8x16_mid_a_reg[23]/D
                            (rising edge-triggered cell FDRE clocked by clk_pl_0  {rise@0.000ns fall@1.500ns period=3.000ns})
  Path Group:             clk_pl_0
  Path Type:              Setup (Max at Slow Process Corner)
  Requirement:            3.000ns  (clk_pl_0 rise@3.000ns - clk_pl_0 rise@0.000ns)
  Data Path Delay:        2.741ns  (logic 1.330ns (48.531%)  route 1.411ns (51.469%))
  Logic Levels:           10  (CARRY8=5 LUT2=1 LUT4=1 LUT5=1 LUT6=2)
  Clock Path Skew:        -0.095ns (DCD - SCD + CPR)
    Destination Clock Delay (DCD):    2.388ns = ( 5.388 - 3.000 ) 
    Source Clock Delay      (SCD):    2.678ns
    Clock Pessimism Removal (CPR):    0.195ns
  Clock Uncertainty:      0.114ns  ((TSJ^2 + DJ^2)^1/2) / 2 + PE
    Total System Jitter     (TSJ):    0.071ns
    Discrete Jitter          (DJ):    0.217ns
    Phase Error              (PE):    0.000ns
  Clock Net Delay (Source):      2.411ns (routing 1.045ns, distribution 1.366ns)
  Clock Net Delay (Destination): 2.172ns (routing 0.955ns, distribution 1.217ns)

    Location             Delay type                Incr(ns)  Path(ns)    Netlist Resource(s)
  -------------------------------------------------------------------    -------------------
                         (clock clk_pl_0 rise edge)
                                                      0.000     0.000 r  
    PS8_X0Y0             PS8                          0.000     0.000 r  my_softmax_i/zynq_ultra_ps_e_0/inst/PS8_i/PLCLK[0]
                         net (fo=1, routed)           0.229     0.229    my_softmax_i/zynq_ultra_ps_e_0/inst/pl_clk_unbuffered[0]
    BUFG_PS_X0Y80        BUFG_PS (Prop_BUFG_PS_I_O)
                                                      0.038     0.267 r  my_softmax_i/zynq_ultra_ps_e_0/inst/buffer_pl_clk_0.PL_CLK_0_BUFG/O
    X0Y1 (CLOCK_ROOT)    net (fo=19394, routed)       2.411     2.678    my_softmax_i/softmax_dl2_v6_0/inst/u_softmax_ip/s00_axi_aclk
    SLICE_X3Y122         FDRE                                         r  my_softmax_i/softmax_dl2_v6_0/inst/u_softmax_ip/rescale_factor_reg[6]/C
  -------------------------------------------------------------------    -------------------
    SLICE_X3Y122         FDRE (Prop_HFF2_SLICEL_C_Q)
                                                      0.115     2.793 r  my_softmax_i/softmax_dl2_v6_0/inst/u_softmax_ip/rescale_factor_reg[6]/Q
                         net (fo=86, routed)          0.305     3.098    my_softmax_i/softmax_dl2_v6_0/inst/u_softmax_ip/rescale_factor[6]
    SLICE_X1Y122         LUT2 (Prop_H5LUT_SLICEM_I0_O)
                                                      0.133     3.231 r  my_softmax_i/softmax_dl2_v6_0/inst/u_softmax_ip/rsc_8x16_mid_a[2]_i_17/O
                         net (fo=1, routed)           0.284     3.515    my_softmax_i/softmax_dl2_v6_0/inst/u_softmax_ip/rsc_8x16_mid_a[2]_i_17_n_0
    SLICE_X3Y123         LUT6 (Prop_H6LUT_SLICEL_I5_O)
                                                      0.227     3.742 r  my_softmax_i/softmax_dl2_v6_0/inst/u_softmax_ip/rsc_8x16_mid_a[2]_i_9/O
                         net (fo=1, routed)           0.015     3.757    my_softmax_i/softmax_dl2_v6_0/inst/u_softmax_ip/rsc_8x16_mid_a[2]_i_9_n_0
    SLICE_X3Y123         CARRY8 (Prop_CARRY8_SLICEL_S[7]_CO[7])
                                                      0.172     3.929 r  my_softmax_i/softmax_dl2_v6_0/inst/u_softmax_ip/rsc_8x16_mid_a_reg[2]_i_1/CO[7]
                         net (fo=1, routed)           0.030     3.959    my_softmax_i/softmax_dl2_v6_0/inst/u_softmax_ip/rsc_8x16_mid_a_reg[2]_i_1_n_0
    SLICE_X3Y124         CARRY8 (Prop_CARRY8_SLICEL_CI_O[1])
                                                      0.106     4.065 r  my_softmax_i/softmax_dl2_v6_0/inst/u_softmax_ip/rsc_8x16_mid_a_reg[18]_i_20/O[1]
                         net (fo=3, routed)           0.359     4.424    my_softmax_i/softmax_dl2_v6_0/inst/u_softmax_ip/rsc_8x16_mid_a_reg[18]_i_20_n_14
    SLICE_X1Y121         LUT4 (Prop_C6LUT_SLICEM_I3_O)
                                                      0.080     4.504 r  my_softmax_i/softmax_dl2_v6_0/inst/u_softmax_ip/rsc_8x16_mid_a[10]_i_16/O
                         net (fo=2, routed)           0.157     4.662    my_softmax_i/softmax_dl2_v6_0/inst/u_softmax_ip/rsc_8x16_mid_a[10]_i_16_n_0
    SLICE_X0Y121         LUT6 (Prop_H6LUT_SLICEL_I5_O)
                                                      0.058     4.720 r  my_softmax_i/softmax_dl2_v6_0/inst/u_softmax_ip/rsc_8x16_mid_a[10]_i_2/O
                         net (fo=2, routed)           0.153     4.873    my_softmax_i/softmax_dl2_v6_0/inst/u_softmax_ip/rsc_8x16_mid_a[10]_i_2_n_0
    SLICE_X0Y122         LUT5 (Prop_H6LUT_SLICEL_I0_O)
                                                      0.083     4.956 r  my_softmax_i/softmax_dl2_v6_0/inst/u_softmax_ip/rsc_8x16_mid_a[10]_i_7/O
                         net (fo=1, routed)           0.015     4.971    my_softmax_i/softmax_dl2_v6_0/inst/u_softmax_ip/rsc_8x16_mid_a[10]_i_7_n_0
    SLICE_X0Y122         CARRY8 (Prop_CARRY8_SLICEL_S[7]_CO[7])
                                                      0.172     5.143 r  my_softmax_i/softmax_dl2_v6_0/inst/u_softmax_ip/rsc_8x16_mid_a_reg[10]_i_1/CO[7]
                         net (fo=1, routed)           0.030     5.173    my_softmax_i/softmax_dl2_v6_0/inst/u_softmax_ip/rsc_8x16_mid_a_reg[10]_i_1_n_0
    SLICE_X0Y123         CARRY8 (Prop_CARRY8_SLICEL_CI_CO[7])
                                                      0.065     5.238 r  my_softmax_i/softmax_dl2_v6_0/inst/u_softmax_ip/rsc_8x16_mid_a_reg[18]_i_1/CO[7]
                         net (fo=1, routed)           0.030     5.268    my_softmax_i/softmax_dl2_v6_0/inst/u_softmax_ip/rsc_8x16_mid_a_reg[18]_i_1_n_0
    SLICE_X0Y124         CARRY8 (Prop_CARRY8_SLICEL_CI_O[4])
                                                      0.119     5.387 r  my_softmax_i/softmax_dl2_v6_0/inst/u_softmax_ip/rsc_8x16_mid_a_reg[23]_i_1/O[4]
                         net (fo=1, routed)           0.032     5.419    my_softmax_i/softmax_dl2_v6_0/inst/u_softmax_ip/rsc_8x16_mid_a_reg[23]_i_1_n_11
    SLICE_X0Y124         FDRE                                         r  my_softmax_i/softmax_dl2_v6_0/inst/u_softmax_ip/rsc_8x16_mid_a_reg[23]/D
  -------------------------------------------------------------------    -------------------

                         (clock clk_pl_0 rise edge)
                                                      3.000     3.000 r  
    PS8_X0Y0             PS8                          0.000     3.000 r  my_softmax_i/zynq_ultra_ps_e_0/inst/PS8_i/PLCLK[0]
                         net (fo=1, routed)           0.181     3.181    my_softmax_i/zynq_ultra_ps_e_0/inst/pl_clk_unbuffered[0]
    BUFG_PS_X0Y80        BUFG_PS (Prop_BUFG_PS_I_O)
                                                      0.035     3.216 r  my_softmax_i/zynq_ultra_ps_e_0/inst/buffer_pl_clk_0.PL_CLK_0_BUFG/O
    X0Y1 (CLOCK_ROOT)    net (fo=19394, routed)       2.172     5.388    my_softmax_i/softmax_dl2_v6_0/inst/u_softmax_ip/s00_axi_aclk
    SLICE_X0Y124         FDRE                                         r  my_softmax_i/softmax_dl2_v6_0/inst/u_softmax_ip/rsc_8x16_mid_a_reg[23]/C
                         clock pessimism              0.195     5.583    
                         clock uncertainty           -0.114     5.469    
    SLICE_X0Y124         FDRE (Setup_EFF_SLICEL_C_D)
                                                      0.044     5.513    my_softmax_i/softmax_dl2_v6_0/inst/u_softmax_ip/rsc_8x16_mid_a_reg[23]
  -------------------------------------------------------------------
                         required time                          5.513    
                         arrival time                          -5.419    
  -------------------------------------------------------------------
                         slack                                  0.094    

Slack (MET) :             0.094ns  (required time - arrival time)
  Source:                 my_softmax_i/softmax_dl2_v6_0/inst/u_softmax_ip/rescale_factor_reg[6]/C
                            (rising edge-triggered cell FDRE clocked by clk_pl_0  {rise@0.000ns fall@1.500ns period=3.000ns})
  Destination:            my_softmax_i/softmax_dl2_v6_0/inst/u_softmax_ip/rsc_8x16_mid_a_reg[22]/D
                            (rising edge-triggered cell FDRE clocked by clk_pl_0  {rise@0.000ns fall@1.500ns period=3.000ns})
  Path Group:             clk_pl_0
  Path Type:              Setup (Max at Slow Process Corner)
  Requirement:            3.000ns  (clk_pl_0 rise@3.000ns - clk_pl_0 rise@0.000ns)
  Data Path Delay:        2.738ns  (logic 1.325ns (48.401%)  route 1.413ns (51.599%))
  Logic Levels:           10  (CARRY8=5 LUT2=1 LUT4=1 LUT5=1 LUT6=2)
  Clock Path Skew:        -0.098ns (DCD - SCD + CPR)
    Destination Clock Delay (DCD):    2.385ns = ( 5.385 - 3.000 ) 
    Source Clock Delay      (SCD):    2.678ns
    Clock Pessimism Removal (CPR):    0.195ns
  Clock Uncertainty:      0.114ns  ((TSJ^2 + DJ^2)^1/2) / 2 + PE
    Total System Jitter     (TSJ):    0.071ns
    Discrete Jitter          (DJ):    0.217ns
    Phase Error              (PE):    0.000ns
  Clock Net Delay (Source):      2.411ns (routing 1.045ns, distribution 1.366ns)
  Clock Net Delay (Destination): 2.169ns (routing 0.955ns, distribution 1.214ns)

    Location             Delay type                Incr(ns)  Path(ns)    Netlist Resource(s)
  -------------------------------------------------------------------    -------------------
                         (clock clk_pl_0 rise edge)
                                                      0.000     0.000 r  
    PS8_X0Y0             PS8                          0.000     0.000 r  my_softmax_i/zynq_ultra_ps_e_0/inst/PS8_i/PLCLK[0]
                         net (fo=1, routed)           0.229     0.229    my_softmax_i/zynq_ultra_ps_e_0/inst/pl_clk_unbuffered[0]
    BUFG_PS_X0Y80        BUFG_PS (Prop_BUFG_PS_I_O)
                                                      0.038     0.267 r  my_softmax_i/zynq_ultra_ps_e_0/inst/buffer_pl_clk_0.PL_CLK_0_BUFG/O
    X0Y1 (CLOCK_ROOT)    net (fo=19394, routed)       2.411     2.678    my_softmax_i/softmax_dl2_v6_0/inst/u_softmax_ip/s00_axi_aclk
    SLICE_X3Y122         FDRE                                         r  my_softmax_i/softmax_dl2_v6_0/inst/u_softmax_ip/rescale_factor_reg[6]/C
  -------------------------------------------------------------------    -------------------
    SLICE_X3Y122         FDRE (Prop_HFF2_SLICEL_C_Q)
                                                      0.115     2.793 r  my_softmax_i/softmax_dl2_v6_0/inst/u_softmax_ip/rescale_factor_reg[6]/Q
                         net (fo=86, routed)          0.305     3.098    my_softmax_i/softmax_dl2_v6_0/inst/u_softmax_ip/rescale_factor[6]
    SLICE_X1Y122         LUT2 (Prop_H5LUT_SLICEM_I0_O)
                                                      0.133     3.231 r  my_softmax_i/softmax_dl2_v6_0/inst/u_softmax_ip/rsc_8x16_mid_a[2]_i_17/O
                         net (fo=1, routed)           0.284     3.515    my_softmax_i/softmax_dl2_v6_0/inst/u_softmax_ip/rsc_8x16_mid_a[2]_i_17_n_0
    SLICE_X3Y123         LUT6 (Prop_H6LUT_SLICEL_I5_O)
                                                      0.227     3.742 r  my_softmax_i/softmax_dl2_v6_0/inst/u_softmax_ip/rsc_8x16_mid_a[2]_i_9/O
                         net (fo=1, routed)           0.015     3.757    my_softmax_i/softmax_dl2_v6_0/inst/u_softmax_ip/rsc_8x16_mid_a[2]_i_9_n_0
    SLICE_X3Y123         CARRY8 (Prop_CARRY8_SLICEL_S[7]_CO[7])
                                                      0.172     3.929 r  my_softmax_i/softmax_dl2_v6_0/inst/u_softmax_ip/rsc_8x16_mid_a_reg[2]_i_1/CO[7]
                         net (fo=1, routed)           0.030     3.959    my_softmax_i/softmax_dl2_v6_0/inst/u_softmax_ip/rsc_8x16_mid_a_reg[2]_i_1_n_0
    SLICE_X3Y124         CARRY8 (Prop_CARRY8_SLICEL_CI_O[1])
                                                      0.106     4.065 r  my_softmax_i/softmax_dl2_v6_0/inst/u_softmax_ip/rsc_8x16_mid_a_reg[18]_i_20/O[1]
                         net (fo=3, routed)           0.359     4.424    my_softmax_i/softmax_dl2_v6_0/inst/u_softmax_ip/rsc_8x16_mid_a_reg[18]_i_20_n_14
    SLICE_X1Y121         LUT4 (Prop_C6LUT_SLICEM_I3_O)
                                                      0.080     4.504 r  my_softmax_i/softmax_dl2_v6_0/inst/u_softmax_ip/rsc_8x16_mid_a[10]_i_16/O
                         net (fo=2, routed)           0.157     4.662    my_softmax_i/softmax_dl2_v6_0/inst/u_softmax_ip/rsc_8x16_mid_a[10]_i_16_n_0
    SLICE_X0Y121         LUT6 (Prop_H6LUT_SLICEL_I5_O)
                                                      0.058     4.720 r  my_softmax_i/softmax_dl2_v6_0/inst/u_softmax_ip/rsc_8x16_mid_a[10]_i_2/O
                         net (fo=2, routed)           0.153     4.873    my_softmax_i/softmax_dl2_v6_0/inst/u_softmax_ip/rsc_8x16_mid_a[10]_i_2_n_0
    SLICE_X0Y122         LUT5 (Prop_H6LUT_SLICEL_I0_O)
                                                      0.083     4.956 r  my_softmax_i/softmax_dl2_v6_0/inst/u_softmax_ip/rsc_8x16_mid_a[10]_i_7/O
                         net (fo=1, routed)           0.015     4.971    my_softmax_i/softmax_dl2_v6_0/inst/u_softmax_ip/rsc_8x16_mid_a[10]_i_7_n_0
    SLICE_X0Y122         CARRY8 (Prop_CARRY8_SLICEL_S[7]_CO[7])
                                                      0.172     5.143 r  my_softmax_i/softmax_dl2_v6_0/inst/u_softmax_ip/rsc_8x16_mid_a_reg[10]_i_1/CO[7]
                         net (fo=1, routed)           0.030     5.173    my_softmax_i/softmax_dl2_v6_0/inst/u_softmax_ip/rsc_8x16_mid_a_reg[10]_i_1_n_0
    SLICE_X0Y123         CARRY8 (Prop_CARRY8_SLICEL_CI_CO[7])
                                                      0.065     5.238 r  my_softmax_i/softmax_dl2_v6_0/inst/u_softmax_ip/rsc_8x16_mid_a_reg[18]_i_1/CO[7]
                         net (fo=1, routed)           0.030     5.268    my_softmax_i/softmax_dl2_v6_0/inst/u_softmax_ip/rsc_8x16_mid_a_reg[18]_i_1_n_0
    SLICE_X0Y124         CARRY8 (Prop_CARRY8_SLICEL_CI_O[3])
                                                      0.114     5.382 r  my_softmax_i/softmax_dl2_v6_0/inst/u_softmax_ip/rsc_8x16_mid_a_reg[23]_i_1/O[3]
                         net (fo=1, routed)           0.034     5.416    my_softmax_i/softmax_dl2_v6_0/inst/u_softmax_ip/rsc_8x16_mid_a_reg[23]_i_1_n_12
    SLICE_X0Y124         FDRE                                         r  my_softmax_i/softmax_dl2_v6_0/inst/u_softmax_ip/rsc_8x16_mid_a_reg[22]/D
  -------------------------------------------------------------------    -------------------

                         (clock clk_pl_0 rise edge)
                                                      3.000     3.000 r  
    PS8_X0Y0             PS8                          0.000     3.000 r  my_softmax_i/zynq_ultra_ps_e_0/inst/PS8_i/PLCLK[0]
                         net (fo=1, routed)           0.181     3.181    my_softmax_i/zynq_ultra_ps_e_0/inst/pl_clk_unbuffered[0]
    BUFG_PS_X0Y80        BUFG_PS (Prop_BUFG_PS_I_O)
                                                      0.035     3.216 r  my_softmax_i/zynq_ultra_ps_e_0/inst/buffer_pl_clk_0.PL_CLK_0_BUFG/O
    X0Y1 (CLOCK_ROOT)    net (fo=19394, routed)       2.169     5.385    my_softmax_i/softmax_dl2_v6_0/inst/u_softmax_ip/s00_axi_aclk
    SLICE_X0Y124         FDRE                                         r  my_softmax_i/softmax_dl2_v6_0/inst/u_softmax_ip/rsc_8x16_mid_a_reg[22]/C
                         clock pessimism              0.195     5.580    
                         clock uncertainty           -0.114     5.466    
    SLICE_X0Y124         FDRE (Setup_DFF_SLICEL_C_D)
                                                      0.044     5.510    my_softmax_i/softmax_dl2_v6_0/inst/u_softmax_ip/rsc_8x16_mid_a_reg[22]
  -------------------------------------------------------------------
                         required time                          5.510    
                         arrival time                          -5.416    
  -------------------------------------------------------------------
                         slack                                  0.094    

Slack (MET) :             0.103ns  (required time - arrival time)
  Source:                 my_softmax_i/softmax_dl2_v6_0/inst/u_softmax_ip/rescale_factor_reg[6]/C
                            (rising edge-triggered cell FDRE clocked by clk_pl_0  {rise@0.000ns fall@1.500ns period=3.000ns})
  Destination:            my_softmax_i/softmax_dl2_v6_0/inst/u_softmax_ip/rsc_8x16_mid_a_reg[20]/D
                            (rising edge-triggered cell FDRE clocked by clk_pl_0  {rise@0.000ns fall@1.500ns period=3.000ns})
  Path Group:             clk_pl_0
  Path Type:              Setup (Max at Slow Process Corner)
  Requirement:            3.000ns  (clk_pl_0 rise@3.000ns - clk_pl_0 rise@0.000ns)
  Data Path Delay:        2.729ns  (logic 1.317ns (48.268%)  route 1.412ns (51.732%))
  Logic Levels:           10  (CARRY8=5 LUT2=1 LUT4=1 LUT5=1 LUT6=2)
  Clock Path Skew:        -0.098ns (DCD - SCD + CPR)
    Destination Clock Delay (DCD):    2.385ns = ( 5.385 - 3.000 ) 
    Source Clock Delay      (SCD):    2.678ns
    Clock Pessimism Removal (CPR):    0.195ns
  Clock Uncertainty:      0.114ns  ((TSJ^2 + DJ^2)^1/2) / 2 + PE
    Total System Jitter     (TSJ):    0.071ns
    Discrete Jitter          (DJ):    0.217ns
    Phase Error              (PE):    0.000ns
  Clock Net Delay (Source):      2.411ns (routing 1.045ns, distribution 1.366ns)
  Clock Net Delay (Destination): 2.169ns (routing 0.955ns, distribution 1.214ns)

    Location             Delay type                Incr(ns)  Path(ns)    Netlist Resource(s)
  -------------------------------------------------------------------    -------------------
                         (clock clk_pl_0 rise edge)
                                                      0.000     0.000 r  
    PS8_X0Y0             PS8                          0.000     0.000 r  my_softmax_i/zynq_ultra_ps_e_0/inst/PS8_i/PLCLK[0]
                         net (fo=1, routed)           0.229     0.229    my_softmax_i/zynq_ultra_ps_e_0/inst/pl_clk_unbuffered[0]
    BUFG_PS_X0Y80        BUFG_PS (Prop_BUFG_PS_I_O)
                                                      0.038     0.267 r  my_softmax_i/zynq_ultra_ps_e_0/inst/buffer_pl_clk_0.PL_CLK_0_BUFG/O
    X0Y1 (CLOCK_ROOT)    net (fo=19394, routed)       2.411     2.678    my_softmax_i/softmax_dl2_v6_0/inst/u_softmax_ip/s00_axi_aclk
    SLICE_X3Y122         FDRE                                         r  my_softmax_i/softmax_dl2_v6_0/inst/u_softmax_ip/rescale_factor_reg[6]/C
  -------------------------------------------------------------------    -------------------
    SLICE_X3Y122         FDRE (Prop_HFF2_SLICEL_C_Q)
                                                      0.115     2.793 r  my_softmax_i/softmax_dl2_v6_0/inst/u_softmax_ip/rescale_factor_reg[6]/Q
                         net (fo=86, routed)          0.305     3.098    my_softmax_i/softmax_dl2_v6_0/inst/u_softmax_ip/rescale_factor[6]
    SLICE_X1Y122         LUT2 (Prop_H5LUT_SLICEM_I0_O)
                                                      0.133     3.231 r  my_softmax_i/softmax_dl2_v6_0/inst/u_softmax_ip/rsc_8x16_mid_a[2]_i_17/O
                         net (fo=1, routed)           0.284     3.515    my_softmax_i/softmax_dl2_v6_0/inst/u_softmax_ip/rsc_8x16_mid_a[2]_i_17_n_0
    SLICE_X3Y123         LUT6 (Prop_H6LUT_SLICEL_I5_O)
                                                      0.227     3.742 r  my_softmax_i/softmax_dl2_v6_0/inst/u_softmax_ip/rsc_8x16_mid_a[2]_i_9/O
                         net (fo=1, routed)           0.015     3.757    my_softmax_i/softmax_dl2_v6_0/inst/u_softmax_ip/rsc_8x16_mid_a[2]_i_9_n_0
    SLICE_X3Y123         CARRY8 (Prop_CARRY8_SLICEL_S[7]_CO[7])
                                                      0.172     3.929 r  my_softmax_i/softmax_dl2_v6_0/inst/u_softmax_ip/rsc_8x16_mid_a_reg[2]_i_1/CO[7]
                         net (fo=1, routed)           0.030     3.959    my_softmax_i/softmax_dl2_v6_0/inst/u_softmax_ip/rsc_8x16_mid_a_reg[2]_i_1_n_0
    SLICE_X3Y124         CARRY8 (Prop_CARRY8_SLICEL_CI_O[1])
                                                      0.106     4.065 r  my_softmax_i/softmax_dl2_v6_0/inst/u_softmax_ip/rsc_8x16_mid_a_reg[18]_i_20/O[1]
                         net (fo=3, routed)           0.359     4.424    my_softmax_i/softmax_dl2_v6_0/inst/u_softmax_ip/rsc_8x16_mid_a_reg[18]_i_20_n_14
    SLICE_X1Y121         LUT4 (Prop_C6LUT_SLICEM_I3_O)
                                                      0.080     4.504 r  my_softmax_i/softmax_dl2_v6_0/inst/u_softmax_ip/rsc_8x16_mid_a[10]_i_16/O
                         net (fo=2, routed)           0.157     4.662    my_softmax_i/softmax_dl2_v6_0/inst/u_softmax_ip/rsc_8x16_mid_a[10]_i_16_n_0
    SLICE_X0Y121         LUT6 (Prop_H6LUT_SLICEL_I5_O)
                                                      0.058     4.720 r  my_softmax_i/softmax_dl2_v6_0/inst/u_softmax_ip/rsc_8x16_mid_a[10]_i_2/O
                         net (fo=2, routed)           0.153     4.873    my_softmax_i/softmax_dl2_v6_0/inst/u_softmax_ip/rsc_8x16_mid_a[10]_i_2_n_0
    SLICE_X0Y122         LUT5 (Prop_H6LUT_SLICEL_I0_O)
                                                      0.083     4.956 r  my_softmax_i/softmax_dl2_v6_0/inst/u_softmax_ip/rsc_8x16_mid_a[10]_i_7/O
                         net (fo=1, routed)           0.015     4.971    my_softmax_i/softmax_dl2_v6_0/inst/u_softmax_ip/rsc_8x16_mid_a[10]_i_7_n_0
    SLICE_X0Y122         CARRY8 (Prop_CARRY8_SLICEL_S[7]_CO[7])
                                                      0.172     5.143 r  my_softmax_i/softmax_dl2_v6_0/inst/u_softmax_ip/rsc_8x16_mid_a_reg[10]_i_1/CO[7]
                         net (fo=1, routed)           0.030     5.173    my_softmax_i/softmax_dl2_v6_0/inst/u_softmax_ip/rsc_8x16_mid_a_reg[10]_i_1_n_0
    SLICE_X0Y123         CARRY8 (Prop_CARRY8_SLICEL_CI_CO[7])
                                                      0.065     5.238 r  my_softmax_i/softmax_dl2_v6_0/inst/u_softmax_ip/rsc_8x16_mid_a_reg[18]_i_1/CO[7]
                         net (fo=1, routed)           0.030     5.268    my_softmax_i/softmax_dl2_v6_0/inst/u_softmax_ip/rsc_8x16_mid_a_reg[18]_i_1_n_0
    SLICE_X0Y124         CARRY8 (Prop_CARRY8_SLICEL_CI_O[1])
                                                      0.106     5.374 r  my_softmax_i/softmax_dl2_v6_0/inst/u_softmax_ip/rsc_8x16_mid_a_reg[23]_i_1/O[1]
                         net (fo=1, routed)           0.033     5.407    my_softmax_i/softmax_dl2_v6_0/inst/u_softmax_ip/rsc_8x16_mid_a_reg[23]_i_1_n_14
    SLICE_X0Y124         FDRE                                         r  my_softmax_i/softmax_dl2_v6_0/inst/u_softmax_ip/rsc_8x16_mid_a_reg[20]/D
  -------------------------------------------------------------------    -------------------

                         (clock clk_pl_0 rise edge)
                                                      3.000     3.000 r  
    PS8_X0Y0             PS8                          0.000     3.000 r  my_softmax_i/zynq_ultra_ps_e_0/inst/PS8_i/PLCLK[0]
                         net (fo=1, routed)           0.181     3.181    my_softmax_i/zynq_ultra_ps_e_0/inst/pl_clk_unbuffered[0]
    BUFG_PS_X0Y80        BUFG_PS (Prop_BUFG_PS_I_O)
                                                      0.035     3.216 r  my_softmax_i/zynq_ultra_ps_e_0/inst/buffer_pl_clk_0.PL_CLK_0_BUFG/O
    X0Y1 (CLOCK_ROOT)    net (fo=19394, routed)       2.169     5.385    my_softmax_i/softmax_dl2_v6_0/inst/u_softmax_ip/s00_axi_aclk
    SLICE_X0Y124         FDRE                                         r  my_softmax_i/softmax_dl2_v6_0/inst/u_softmax_ip/rsc_8x16_mid_a_reg[20]/C
                         clock pessimism              0.195     5.580    
                         clock uncertainty           -0.114     5.466    
    SLICE_X0Y124         FDRE (Setup_BFF_SLICEL_C_D)
                                                      0.044     5.510    my_softmax_i/softmax_dl2_v6_0/inst/u_softmax_ip/rsc_8x16_mid_a_reg[20]
  -------------------------------------------------------------------
                         required time                          5.510    
                         arrival time                          -5.407    
  -------------------------------------------------------------------
                         slack                                  0.103    

Slack (MET) :             0.107ns  (required time - arrival time)
  Source:                 my_softmax_i/softmax_dl2_v6_0/inst/u_softmax_ip/rescale_factor_reg[6]/C
                            (rising edge-triggered cell FDRE clocked by clk_pl_0  {rise@0.000ns fall@1.500ns period=3.000ns})
  Destination:            my_softmax_i/softmax_dl2_v6_0/inst/u_softmax_ip/rsc_8x16_lo_a_reg[23]/D
                            (rising edge-triggered cell FDRE clocked by clk_pl_0  {rise@0.000ns fall@1.500ns period=3.000ns})
  Path Group:             clk_pl_0
  Path Type:              Setup (Max at Slow Process Corner)
  Requirement:            3.000ns  (clk_pl_0 rise@3.000ns - clk_pl_0 rise@0.000ns)
  Data Path Delay:        2.731ns  (logic 1.549ns (56.722%)  route 1.182ns (43.278%))
  Logic Levels:           9  (CARRY8=4 LUT2=1 LUT4=1 LUT5=1 LUT6=2)
  Clock Path Skew:        -0.092ns (DCD - SCD + CPR)
    Destination Clock Delay (DCD):    2.391ns = ( 5.391 - 3.000 ) 
    Source Clock Delay      (SCD):    2.678ns
    Clock Pessimism Removal (CPR):    0.195ns
  Clock Uncertainty:      0.114ns  ((TSJ^2 + DJ^2)^1/2) / 2 + PE
    Total System Jitter     (TSJ):    0.071ns
    Discrete Jitter          (DJ):    0.217ns
    Phase Error              (PE):    0.000ns
  Clock Net Delay (Source):      2.411ns (routing 1.045ns, distribution 1.366ns)
  Clock Net Delay (Destination): 2.175ns (routing 0.955ns, distribution 1.220ns)

    Location             Delay type                Incr(ns)  Path(ns)    Netlist Resource(s)
  -------------------------------------------------------------------    -------------------
                         (clock clk_pl_0 rise edge)
                                                      0.000     0.000 r  
    PS8_X0Y0             PS8                          0.000     0.000 r  my_softmax_i/zynq_ultra_ps_e_0/inst/PS8_i/PLCLK[0]
                         net (fo=1, routed)           0.229     0.229    my_softmax_i/zynq_ultra_ps_e_0/inst/pl_clk_unbuffered[0]
    BUFG_PS_X0Y80        BUFG_PS (Prop_BUFG_PS_I_O)
                                                      0.038     0.267 r  my_softmax_i/zynq_ultra_ps_e_0/inst/buffer_pl_clk_0.PL_CLK_0_BUFG/O
    X0Y1 (CLOCK_ROOT)    net (fo=19394, routed)       2.411     2.678    my_softmax_i/softmax_dl2_v6_0/inst/u_softmax_ip/s00_axi_aclk
    SLICE_X3Y122         FDRE                                         r  my_softmax_i/softmax_dl2_v6_0/inst/u_softmax_ip/rescale_factor_reg[6]/C
  -------------------------------------------------------------------    -------------------
    SLICE_X3Y122         FDRE (Prop_HFF2_SLICEL_C_Q)
                                                      0.115     2.793 r  my_softmax_i/softmax_dl2_v6_0/inst/u_softmax_ip/rescale_factor_reg[6]/Q
                         net (fo=86, routed)          0.411     3.204    my_softmax_i/softmax_dl2_v6_0/inst/u_softmax_ip/rescale_factor[6]
    SLICE_X10Y122        LUT2 (Prop_C5LUT_SLICEM_I0_O)
                                                      0.154     3.358 r  my_softmax_i/softmax_dl2_v6_0/inst/u_softmax_ip/rsc_8x16_lo_a[18]_i_83/O
                         net (fo=1, routed)           0.167     3.525    my_softmax_i/softmax_dl2_v6_0/inst/u_softmax_ip/rsc_8x16_lo_a[18]_i_83_n_0
    SLICE_X9Y122         LUT6 (Prop_H6LUT_SLICEL_I5_O)
                                                      0.188     3.713 r  my_softmax_i/softmax_dl2_v6_0/inst/u_softmax_ip/rsc_8x16_lo_a[18]_i_67/O
                         net (fo=1, routed)           0.015     3.728    my_softmax_i/softmax_dl2_v6_0/inst/u_softmax_ip/rsc_8x16_lo_a[18]_i_67_n_0
    SLICE_X9Y122         CARRY8 (Prop_CARRY8_SLICEL_S[7]_CO[7])
                                                      0.172     3.900 r  my_softmax_i/softmax_dl2_v6_0/inst/u_softmax_ip/rsc_8x16_lo_a_reg[18]_i_31/CO[7]
                         net (fo=1, routed)           0.030     3.930    my_softmax_i/softmax_dl2_v6_0/inst/u_softmax_ip/rsc_8x16_lo_a_reg[18]_i_31_n_0
    SLICE_X9Y123         CARRY8 (Prop_CARRY8_SLICEL_CI_O[1])
                                                      0.106     4.036 r  my_softmax_i/softmax_dl2_v6_0/inst/u_softmax_ip/rsc_8x16_lo_a_reg[23]_i_16/O[1]
                         net (fo=3, routed)           0.270     4.306    my_softmax_i/softmax_dl2_v6_0/inst/u_softmax_ip/rsc_8x16_lo_a_reg[23]_i_16_n_14
    SLICE_X10Y121        LUT4 (Prop_B6LUT_SLICEM_I2_O)
                                                      0.188     4.494 r  my_softmax_i/softmax_dl2_v6_0/inst/u_softmax_ip/rsc_8x16_lo_a[18]_i_30/O
                         net (fo=2, routed)           0.059     4.553    my_softmax_i/softmax_dl2_v6_0/inst/u_softmax_ip/rsc_8x16_lo_a[18]_i_30_n_0
    SLICE_X10Y121        LUT6 (Prop_G6LUT_SLICEM_I5_O)
                                                      0.152     4.705 r  my_softmax_i/softmax_dl2_v6_0/inst/u_softmax_ip/rsc_8x16_lo_a[18]_i_7/O
                         net (fo=2, routed)           0.153     4.858    my_softmax_i/softmax_dl2_v6_0/inst/u_softmax_ip/rsc_8x16_lo_a[18]_i_7_n_0
    SLICE_X9Y120         LUT5 (Prop_C6LUT_SLICEL_I0_O)
                                                      0.136     4.994 r  my_softmax_i/softmax_dl2_v6_0/inst/u_softmax_ip/rsc_8x16_lo_a[18]_i_15/O
                         net (fo=1, routed)           0.015     5.009    my_softmax_i/softmax_dl2_v6_0/inst/u_softmax_ip/rsc_8x16_lo_a[18]_i_15_n_0
    SLICE_X9Y120         CARRY8 (Prop_CARRY8_SLICEL_S[2]_CO[7])
                                                      0.219     5.228 r  my_softmax_i/softmax_dl2_v6_0/inst/u_softmax_ip/rsc_8x16_lo_a_reg[18]_i_1/CO[7]
                         net (fo=1, routed)           0.030     5.258    my_softmax_i/softmax_dl2_v6_0/inst/u_softmax_ip/rsc_8x16_lo_a_reg[18]_i_1_n_0
    SLICE_X9Y121         CARRY8 (Prop_CARRY8_SLICEL_CI_O[4])
                                                      0.119     5.377 r  my_softmax_i/softmax_dl2_v6_0/inst/u_softmax_ip/rsc_8x16_lo_a_reg[23]_i_1/O[4]
                         net (fo=1, routed)           0.032     5.409    my_softmax_i/softmax_dl2_v6_0/inst/u_softmax_ip/rsc_8x16_lo_a_reg[23]_i_1_n_11
    SLICE_X9Y121         FDRE                                         r  my_softmax_i/softmax_dl2_v6_0/inst/u_softmax_ip/rsc_8x16_lo_a_reg[23]/D
  -------------------------------------------------------------------    -------------------

                         (clock clk_pl_0 rise edge)
                                                      3.000     3.000 r  
    PS8_X0Y0             PS8                          0.000     3.000 r  my_softmax_i/zynq_ultra_ps_e_0/inst/PS8_i/PLCLK[0]
                         net (fo=1, routed)           0.181     3.181    my_softmax_i/zynq_ultra_ps_e_0/inst/pl_clk_unbuffered[0]
    BUFG_PS_X0Y80        BUFG_PS (Prop_BUFG_PS_I_O)
                                                      0.035     3.216 r  my_softmax_i/zynq_ultra_ps_e_0/inst/buffer_pl_clk_0.PL_CLK_0_BUFG/O
    X0Y1 (CLOCK_ROOT)    net (fo=19394, routed)       2.175     5.391    my_softmax_i/softmax_dl2_v6_0/inst/u_softmax_ip/s00_axi_aclk
    SLICE_X9Y121         FDRE                                         r  my_softmax_i/softmax_dl2_v6_0/inst/u_softmax_ip/rsc_8x16_lo_a_reg[23]/C
                         clock pessimism              0.195     5.586    
                         clock uncertainty           -0.114     5.472    
    SLICE_X9Y121         FDRE (Setup_EFF_SLICEL_C_D)
                                                      0.044     5.516    my_softmax_i/softmax_dl2_v6_0/inst/u_softmax_ip/rsc_8x16_lo_a_reg[23]
  -------------------------------------------------------------------
                         required time                          5.516    
                         arrival time                          -5.409    
  -------------------------------------------------------------------
                         slack                                  0.107    

Slack (MET) :             0.107ns  (required time - arrival time)
  Source:                 my_softmax_i/softmax_dl2_v6_0/inst/u_softmax_ip/rescale_factor_reg[6]/C
                            (rising edge-triggered cell FDRE clocked by clk_pl_0  {rise@0.000ns fall@1.500ns period=3.000ns})
  Destination:            my_softmax_i/softmax_dl2_v6_0/inst/u_softmax_ip/rsc_8x16_lo_a_reg[22]/D
                            (rising edge-triggered cell FDRE clocked by clk_pl_0  {rise@0.000ns fall@1.500ns period=3.000ns})
  Path Group:             clk_pl_0
  Path Type:              Setup (Max at Slow Process Corner)
  Requirement:            3.000ns  (clk_pl_0 rise@3.000ns - clk_pl_0 rise@0.000ns)
  Data Path Delay:        2.728ns  (logic 1.544ns (56.601%)  route 1.184ns (43.399%))
  Logic Levels:           9  (CARRY8=4 LUT2=1 LUT4=1 LUT5=1 LUT6=2)
  Clock Path Skew:        -0.095ns (DCD - SCD + CPR)
    Destination Clock Delay (DCD):    2.388ns = ( 5.388 - 3.000 ) 
    Source Clock Delay      (SCD):    2.678ns
    Clock Pessimism Removal (CPR):    0.195ns
  Clock Uncertainty:      0.114ns  ((TSJ^2 + DJ^2)^1/2) / 2 + PE
    Total System Jitter     (TSJ):    0.071ns
    Discrete Jitter          (DJ):    0.217ns
    Phase Error              (PE):    0.000ns
  Clock Net Delay (Source):      2.411ns (routing 1.045ns, distribution 1.366ns)
  Clock Net Delay (Destination): 2.172ns (routing 0.955ns, distribution 1.217ns)

    Location             Delay type                Incr(ns)  Path(ns)    Netlist Resource(s)
  -------------------------------------------------------------------    -------------------
                         (clock clk_pl_0 rise edge)
                                                      0.000     0.000 r  
    PS8_X0Y0             PS8                          0.000     0.000 r  my_softmax_i/zynq_ultra_ps_e_0/inst/PS8_i/PLCLK[0]
                         net (fo=1, routed)           0.229     0.229    my_softmax_i/zynq_ultra_ps_e_0/inst/pl_clk_unbuffered[0]
    BUFG_PS_X0Y80        BUFG_PS (Prop_BUFG_PS_I_O)
                                                      0.038     0.267 r  my_softmax_i/zynq_ultra_ps_e_0/inst/buffer_pl_clk_0.PL_CLK_0_BUFG/O
    X0Y1 (CLOCK_ROOT)    net (fo=19394, routed)       2.411     2.678    my_softmax_i/softmax_dl2_v6_0/inst/u_softmax_ip/s00_axi_aclk
    SLICE_X3Y122         FDRE                                         r  my_softmax_i/softmax_dl2_v6_0/inst/u_softmax_ip/rescale_factor_reg[6]/C
  -------------------------------------------------------------------    -------------------
    SLICE_X3Y122         FDRE (Prop_HFF2_SLICEL_C_Q)
                                                      0.115     2.793 r  my_softmax_i/softmax_dl2_v6_0/inst/u_softmax_ip/rescale_factor_reg[6]/Q
                         net (fo=86, routed)          0.411     3.204    my_softmax_i/softmax_dl2_v6_0/inst/u_softmax_ip/rescale_factor[6]
    SLICE_X10Y122        LUT2 (Prop_C5LUT_SLICEM_I0_O)
                                                      0.154     3.358 r  my_softmax_i/softmax_dl2_v6_0/inst/u_softmax_ip/rsc_8x16_lo_a[18]_i_83/O
                         net (fo=1, routed)           0.167     3.525    my_softmax_i/softmax_dl2_v6_0/inst/u_softmax_ip/rsc_8x16_lo_a[18]_i_83_n_0
    SLICE_X9Y122         LUT6 (Prop_H6LUT_SLICEL_I5_O)
                                                      0.188     3.713 r  my_softmax_i/softmax_dl2_v6_0/inst/u_softmax_ip/rsc_8x16_lo_a[18]_i_67/O
                         net (fo=1, routed)           0.015     3.728    my_softmax_i/softmax_dl2_v6_0/inst/u_softmax_ip/rsc_8x16_lo_a[18]_i_67_n_0
    SLICE_X9Y122         CARRY8 (Prop_CARRY8_SLICEL_S[7]_CO[7])
                                                      0.172     3.900 r  my_softmax_i/softmax_dl2_v6_0/inst/u_softmax_ip/rsc_8x16_lo_a_reg[18]_i_31/CO[7]
                         net (fo=1, routed)           0.030     3.930    my_softmax_i/softmax_dl2_v6_0/inst/u_softmax_ip/rsc_8x16_lo_a_reg[18]_i_31_n_0
    SLICE_X9Y123         CARRY8 (Prop_CARRY8_SLICEL_CI_O[1])
                                                      0.106     4.036 r  my_softmax_i/softmax_dl2_v6_0/inst/u_softmax_ip/rsc_8x16_lo_a_reg[23]_i_16/O[1]
                         net (fo=3, routed)           0.270     4.306    my_softmax_i/softmax_dl2_v6_0/inst/u_softmax_ip/rsc_8x16_lo_a_reg[23]_i_16_n_14
    SLICE_X10Y121        LUT4 (Prop_B6LUT_SLICEM_I2_O)
                                                      0.188     4.494 r  my_softmax_i/softmax_dl2_v6_0/inst/u_softmax_ip/rsc_8x16_lo_a[18]_i_30/O
                         net (fo=2, routed)           0.059     4.553    my_softmax_i/softmax_dl2_v6_0/inst/u_softmax_ip/rsc_8x16_lo_a[18]_i_30_n_0
    SLICE_X10Y121        LUT6 (Prop_G6LUT_SLICEM_I5_O)
                                                      0.152     4.705 r  my_softmax_i/softmax_dl2_v6_0/inst/u_softmax_ip/rsc_8x16_lo_a[18]_i_7/O
                         net (fo=2, routed)           0.153     4.858    my_softmax_i/softmax_dl2_v6_0/inst/u_softmax_ip/rsc_8x16_lo_a[18]_i_7_n_0
    SLICE_X9Y120         LUT5 (Prop_C6LUT_SLICEL_I0_O)
                                                      0.136     4.994 r  my_softmax_i/softmax_dl2_v6_0/inst/u_softmax_ip/rsc_8x16_lo_a[18]_i_15/O
                         net (fo=1, routed)           0.015     5.009    my_softmax_i/softmax_dl2_v6_0/inst/u_softmax_ip/rsc_8x16_lo_a[18]_i_15_n_0
    SLICE_X9Y120         CARRY8 (Prop_CARRY8_SLICEL_S[2]_CO[7])
                                                      0.219     5.228 r  my_softmax_i/softmax_dl2_v6_0/inst/u_softmax_ip/rsc_8x16_lo_a_reg[18]_i_1/CO[7]
                         net (fo=1, routed)           0.030     5.258    my_softmax_i/softmax_dl2_v6_0/inst/u_softmax_ip/rsc_8x16_lo_a_reg[18]_i_1_n_0
    SLICE_X9Y121         CARRY8 (Prop_CARRY8_SLICEL_CI_O[3])
                                                      0.114     5.372 r  my_softmax_i/softmax_dl2_v6_0/inst/u_softmax_ip/rsc_8x16_lo_a_reg[23]_i_1/O[3]
                         net (fo=1, routed)           0.034     5.406    my_softmax_i/softmax_dl2_v6_0/inst/u_softmax_ip/rsc_8x16_lo_a_reg[23]_i_1_n_12
    SLICE_X9Y121         FDRE                                         r  my_softmax_i/softmax_dl2_v6_0/inst/u_softmax_ip/rsc_8x16_lo_a_reg[22]/D
  -------------------------------------------------------------------    -------------------

                         (clock clk_pl_0 rise edge)
                                                      3.000     3.000 r  
    PS8_X0Y0             PS8                          0.000     3.000 r  my_softmax_i/zynq_ultra_ps_e_0/inst/PS8_i/PLCLK[0]
                         net (fo=1, routed)           0.181     3.181    my_softmax_i/zynq_ultra_ps_e_0/inst/pl_clk_unbuffered[0]
    BUFG_PS_X0Y80        BUFG_PS (Prop_BUFG_PS_I_O)
                                                      0.035     3.216 r  my_softmax_i/zynq_ultra_ps_e_0/inst/buffer_pl_clk_0.PL_CLK_0_BUFG/O
    X0Y1 (CLOCK_ROOT)    net (fo=19394, routed)       2.172     5.388    my_softmax_i/softmax_dl2_v6_0/inst/u_softmax_ip/s00_axi_aclk
    SLICE_X9Y121         FDRE                                         r  my_softmax_i/softmax_dl2_v6_0/inst/u_softmax_ip/rsc_8x16_lo_a_reg[22]/C
                         clock pessimism              0.195     5.583    
                         clock uncertainty           -0.114     5.469    
    SLICE_X9Y121         FDRE (Setup_DFF_SLICEL_C_D)
                                                      0.044     5.513    my_softmax_i/softmax_dl2_v6_0/inst/u_softmax_ip/rsc_8x16_lo_a_reg[22]
  -------------------------------------------------------------------
                         required time                          5.513    
                         arrival time                          -5.406    
  -------------------------------------------------------------------
                         slack                                  0.107    

Slack (MET) :             0.114ns  (required time - arrival time)
  Source:                 my_softmax_i/softmax_dl2_v6_0/inst/u_softmax_ip/rescale_factor_reg[3]/C
                            (rising edge-triggered cell FDRE clocked by clk_pl_0  {rise@0.000ns fall@1.500ns period=3.000ns})
  Destination:            my_softmax_i/softmax_dl2_v6_0/inst/u_softmax_ip/rsc_8x16_lo_b_reg[23]/D
                            (rising edge-triggered cell FDRE clocked by clk_pl_0  {rise@0.000ns fall@1.500ns period=3.000ns})
  Path Group:             clk_pl_0
  Path Type:              Setup (Max at Slow Process Corner)
  Requirement:            3.000ns  (clk_pl_0 rise@3.000ns - clk_pl_0 rise@0.000ns)
  Data Path Delay:        2.701ns  (logic 1.496ns (55.381%)  route 1.205ns (44.619%))
  Logic Levels:           9  (CARRY8=4 LUT4=1 LUT5=2 LUT6=2)
  Clock Path Skew:        -0.114ns (DCD - SCD + CPR)
    Destination Clock Delay (DCD):    2.388ns = ( 5.388 - 3.000 ) 
    Source Clock Delay      (SCD):    2.697ns
    Clock Pessimism Removal (CPR):    0.195ns
  Clock Uncertainty:      0.114ns  ((TSJ^2 + DJ^2)^1/2) / 2 + PE
    Total System Jitter     (TSJ):    0.071ns
    Discrete Jitter          (DJ):    0.217ns
    Phase Error              (PE):    0.000ns
  Clock Net Delay (Source):      2.430ns (routing 1.045ns, distribution 1.385ns)
  Clock Net Delay (Destination): 2.172ns (routing 0.955ns, distribution 1.217ns)

    Location             Delay type                Incr(ns)  Path(ns)    Netlist Resource(s)
  -------------------------------------------------------------------    -------------------
                         (clock clk_pl_0 rise edge)
                                                      0.000     0.000 r  
    PS8_X0Y0             PS8                          0.000     0.000 r  my_softmax_i/zynq_ultra_ps_e_0/inst/PS8_i/PLCLK[0]
                         net (fo=1, routed)           0.229     0.229    my_softmax_i/zynq_ultra_ps_e_0/inst/pl_clk_unbuffered[0]
    BUFG_PS_X0Y80        BUFG_PS (Prop_BUFG_PS_I_O)
                                                      0.038     0.267 r  my_softmax_i/zynq_ultra_ps_e_0/inst/buffer_pl_clk_0.PL_CLK_0_BUFG/O
    X0Y1 (CLOCK_ROOT)    net (fo=19394, routed)       2.430     2.697    my_softmax_i/softmax_dl2_v6_0/inst/u_softmax_ip/s00_axi_aclk
    SLICE_X5Y123         FDRE                                         r  my_softmax_i/softmax_dl2_v6_0/inst/u_softmax_ip/rescale_factor_reg[3]/C
  -------------------------------------------------------------------    -------------------
    SLICE_X5Y123         FDRE (Prop_GFF2_SLICEM_C_Q)
                                                      0.118     2.815 r  my_softmax_i/softmax_dl2_v6_0/inst/u_softmax_ip/rescale_factor_reg[3]/Q
                         net (fo=94, routed)          0.311     3.126    my_softmax_i/softmax_dl2_v6_0/inst/u_softmax_ip/rescale_factor[3]
    SLICE_X4Y119         LUT6 (Prop_F6LUT_SLICEM_I1_O)
                                                      0.186     3.312 r  my_softmax_i/softmax_dl2_v6_0/inst/u_softmax_ip/rsc_8x16_lo_b[2]_i_6/O
                         net (fo=2, routed)           0.117     3.429    my_softmax_i/softmax_dl2_v6_0/inst/u_softmax_ip/rsc_8x16_lo_b[2]_i_6_n_0
    SLICE_X4Y117         LUT5 (Prop_D6LUT_SLICEM_I0_O)
                                                      0.185     3.614 r  my_softmax_i/softmax_dl2_v6_0/inst/u_softmax_ip/rsc_8x16_lo_b[2]_i_13/O
                         net (fo=1, routed)           0.032     3.646    my_softmax_i/softmax_dl2_v6_0/inst/u_softmax_ip/rsc_8x16_lo_b[2]_i_13_n_0
    SLICE_X4Y117         CARRY8 (Prop_CARRY8_SLICEM_S[3]_CO[7])
                                                      0.232     3.878 r  my_softmax_i/softmax_dl2_v6_0/inst/u_softmax_ip/rsc_8x16_lo_b_reg[2]_i_1/CO[7]
                         net (fo=1, routed)           0.030     3.908    my_softmax_i/softmax_dl2_v6_0/inst/u_softmax_ip/rsc_8x16_lo_b_reg[2]_i_1_n_0
    SLICE_X4Y118         CARRY8 (Prop_CARRY8_SLICEM_CI_O[5])
                                                      0.161     4.069 r  my_softmax_i/softmax_dl2_v6_0/inst/u_softmax_ip/rsc_8x16_lo_b_reg[18]_i_20/O[5]
                         net (fo=3, routed)           0.257     4.326    my_softmax_i/softmax_dl2_v6_0/inst/u_softmax_ip/rsc_8x16_lo_b_reg[18]_i_20_n_10
    SLICE_X2Y119         LUT4 (Prop_B6LUT_SLICEM_I3_O)
                                                      0.137     4.463 r  my_softmax_i/softmax_dl2_v6_0/inst/u_softmax_ip/rsc_8x16_lo_b[18]_i_28/O
                         net (fo=2, routed)           0.165     4.629    my_softmax_i/softmax_dl2_v6_0/inst/u_softmax_ip/rsc_8x16_lo_b[18]_i_28_n_0
    SLICE_X2Y120         LUT6 (Prop_G6LUT_SLICEM_I5_O)
                                                      0.057     4.686 r  my_softmax_i/softmax_dl2_v6_0/inst/u_softmax_ip/rsc_8x16_lo_b[18]_i_6/O
                         net (fo=2, routed)           0.218     4.904    my_softmax_i/softmax_dl2_v6_0/inst/u_softmax_ip/rsc_8x16_lo_b[18]_i_6_n_0
    SLICE_X3Y121         LUT5 (Prop_D6LUT_SLICEL_I0_O)
                                                      0.081     4.985 r  my_softmax_i/softmax_dl2_v6_0/inst/u_softmax_ip/rsc_8x16_lo_b[18]_i_14/O
                         net (fo=1, routed)           0.013     4.998    my_softmax_i/softmax_dl2_v6_0/inst/u_softmax_ip/rsc_8x16_lo_b[18]_i_14_n_0
    SLICE_X3Y121         CARRY8 (Prop_CARRY8_SLICEL_S[3]_CO[7])
                                                      0.220     5.218 r  my_softmax_i/softmax_dl2_v6_0/inst/u_softmax_ip/rsc_8x16_lo_b_reg[18]_i_1/CO[7]
                         net (fo=1, routed)           0.030     5.248    my_softmax_i/softmax_dl2_v6_0/inst/u_softmax_ip/rsc_8x16_lo_b_reg[18]_i_1_n_0
    SLICE_X3Y122         CARRY8 (Prop_CARRY8_SLICEL_CI_O[4])
                                                      0.119     5.367 r  my_softmax_i/softmax_dl2_v6_0/inst/u_softmax_ip/rsc_8x16_lo_b_reg[23]_i_1/O[4]
                         net (fo=1, routed)           0.032     5.399    my_softmax_i/softmax_dl2_v6_0/inst/u_softmax_ip/rsc_8x16_lo_b_reg[23]_i_1_n_11
    SLICE_X3Y122         FDRE                                         r  my_softmax_i/softmax_dl2_v6_0/inst/u_softmax_ip/rsc_8x16_lo_b_reg[23]/D
  -------------------------------------------------------------------    -------------------

                         (clock clk_pl_0 rise edge)
                                                      3.000     3.000 r  
    PS8_X0Y0             PS8                          0.000     3.000 r  my_softmax_i/zynq_ultra_ps_e_0/inst/PS8_i/PLCLK[0]
                         net (fo=1, routed)           0.181     3.181    my_softmax_i/zynq_ultra_ps_e_0/inst/pl_clk_unbuffered[0]
    BUFG_PS_X0Y80        BUFG_PS (Prop_BUFG_PS_I_O)
                                                      0.035     3.216 r  my_softmax_i/zynq_ultra_ps_e_0/inst/buffer_pl_clk_0.PL_CLK_0_BUFG/O
    X0Y1 (CLOCK_ROOT)    net (fo=19394, routed)       2.172     5.388    my_softmax_i/softmax_dl2_v6_0/inst/u_softmax_ip/s00_axi_aclk
    SLICE_X3Y122         FDRE                                         r  my_softmax_i/softmax_dl2_v6_0/inst/u_softmax_ip/rsc_8x16_lo_b_reg[23]/C
                         clock pessimism              0.195     5.583    
                         clock uncertainty           -0.114     5.469    
    SLICE_X3Y122         FDRE (Setup_EFF_SLICEL_C_D)
                                                      0.044     5.513    my_softmax_i/softmax_dl2_v6_0/inst/u_softmax_ip/rsc_8x16_lo_b_reg[23]
  -------------------------------------------------------------------
                         required time                          5.513    
                         arrival time                          -5.399    
  -------------------------------------------------------------------
                         slack                                  0.114    

Slack (MET) :             0.114ns  (required time - arrival time)
  Source:                 my_softmax_i/softmax_dl2_v6_0/inst/u_softmax_ip/rescale_factor_reg[3]/C
                            (rising edge-triggered cell FDRE clocked by clk_pl_0  {rise@0.000ns fall@1.500ns period=3.000ns})
  Destination:            my_softmax_i/softmax_dl2_v6_0/inst/u_softmax_ip/rsc_8x16_lo_b_reg[22]/D
                            (rising edge-triggered cell FDRE clocked by clk_pl_0  {rise@0.000ns fall@1.500ns period=3.000ns})
  Path Group:             clk_pl_0
  Path Type:              Setup (Max at Slow Process Corner)
  Requirement:            3.000ns  (clk_pl_0 rise@3.000ns - clk_pl_0 rise@0.000ns)
  Data Path Delay:        2.698ns  (logic 1.491ns (55.258%)  route 1.207ns (44.742%))
  Logic Levels:           9  (CARRY8=4 LUT4=1 LUT5=2 LUT6=2)
  Clock Path Skew:        -0.117ns (DCD - SCD + CPR)
    Destination Clock Delay (DCD):    2.385ns = ( 5.385 - 3.000 ) 
    Source Clock Delay      (SCD):    2.697ns
    Clock Pessimism Removal (CPR):    0.195ns
  Clock Uncertainty:      0.114ns  ((TSJ^2 + DJ^2)^1/2) / 2 + PE
    Total System Jitter     (TSJ):    0.071ns
    Discrete Jitter          (DJ):    0.217ns
    Phase Error              (PE):    0.000ns
  Clock Net Delay (Source):      2.430ns (routing 1.045ns, distribution 1.385ns)
  Clock Net Delay (Destination): 2.169ns (routing 0.955ns, distribution 1.214ns)

    Location             Delay type                Incr(ns)  Path(ns)    Netlist Resource(s)
  -------------------------------------------------------------------    -------------------
                         (clock clk_pl_0 rise edge)
                                                      0.000     0.000 r  
    PS8_X0Y0             PS8                          0.000     0.000 r  my_softmax_i/zynq_ultra_ps_e_0/inst/PS8_i/PLCLK[0]
                         net (fo=1, routed)           0.229     0.229    my_softmax_i/zynq_ultra_ps_e_0/inst/pl_clk_unbuffered[0]
    BUFG_PS_X0Y80        BUFG_PS (Prop_BUFG_PS_I_O)
                                                      0.038     0.267 r  my_softmax_i/zynq_ultra_ps_e_0/inst/buffer_pl_clk_0.PL_CLK_0_BUFG/O
    X0Y1 (CLOCK_ROOT)    net (fo=19394, routed)       2.430     2.697    my_softmax_i/softmax_dl2_v6_0/inst/u_softmax_ip/s00_axi_aclk
    SLICE_X5Y123         FDRE                                         r  my_softmax_i/softmax_dl2_v6_0/inst/u_softmax_ip/rescale_factor_reg[3]/C
  -------------------------------------------------------------------    -------------------
    SLICE_X5Y123         FDRE (Prop_GFF2_SLICEM_C_Q)
                                                      0.118     2.815 r  my_softmax_i/softmax_dl2_v6_0/inst/u_softmax_ip/rescale_factor_reg[3]/Q
                         net (fo=94, routed)          0.311     3.126    my_softmax_i/softmax_dl2_v6_0/inst/u_softmax_ip/rescale_factor[3]
    SLICE_X4Y119         LUT6 (Prop_F6LUT_SLICEM_I1_O)
                                                      0.186     3.312 r  my_softmax_i/softmax_dl2_v6_0/inst/u_softmax_ip/rsc_8x16_lo_b[2]_i_6/O
                         net (fo=2, routed)           0.117     3.429    my_softmax_i/softmax_dl2_v6_0/inst/u_softmax_ip/rsc_8x16_lo_b[2]_i_6_n_0
    SLICE_X4Y117         LUT5 (Prop_D6LUT_SLICEM_I0_O)
                                                      0.185     3.614 r  my_softmax_i/softmax_dl2_v6_0/inst/u_softmax_ip/rsc_8x16_lo_b[2]_i_13/O
                         net (fo=1, routed)           0.032     3.646    my_softmax_i/softmax_dl2_v6_0/inst/u_softmax_ip/rsc_8x16_lo_b[2]_i_13_n_0
    SLICE_X4Y117         CARRY8 (Prop_CARRY8_SLICEM_S[3]_CO[7])
                                                      0.232     3.878 r  my_softmax_i/softmax_dl2_v6_0/inst/u_softmax_ip/rsc_8x16_lo_b_reg[2]_i_1/CO[7]
                         net (fo=1, routed)           0.030     3.908    my_softmax_i/softmax_dl2_v6_0/inst/u_softmax_ip/rsc_8x16_lo_b_reg[2]_i_1_n_0
    SLICE_X4Y118         CARRY8 (Prop_CARRY8_SLICEM_CI_O[5])
                                                      0.161     4.069 r  my_softmax_i/softmax_dl2_v6_0/inst/u_softmax_ip/rsc_8x16_lo_b_reg[18]_i_20/O[5]
                         net (fo=3, routed)           0.257     4.326    my_softmax_i/softmax_dl2_v6_0/inst/u_softmax_ip/rsc_8x16_lo_b_reg[18]_i_20_n_10
    SLICE_X2Y119         LUT4 (Prop_B6LUT_SLICEM_I3_O)
                                                      0.137     4.463 r  my_softmax_i/softmax_dl2_v6_0/inst/u_softmax_ip/rsc_8x16_lo_b[18]_i_28/O
                         net (fo=2, routed)           0.165     4.629    my_softmax_i/softmax_dl2_v6_0/inst/u_softmax_ip/rsc_8x16_lo_b[18]_i_28_n_0
    SLICE_X2Y120         LUT6 (Prop_G6LUT_SLICEM_I5_O)
                                                      0.057     4.686 r  my_softmax_i/softmax_dl2_v6_0/inst/u_softmax_ip/rsc_8x16_lo_b[18]_i_6/O
                         net (fo=2, routed)           0.218     4.904    my_softmax_i/softmax_dl2_v6_0/inst/u_softmax_ip/rsc_8x16_lo_b[18]_i_6_n_0
    SLICE_X3Y121         LUT5 (Prop_D6LUT_SLICEL_I0_O)
                                                      0.081     4.985 r  my_softmax_i/softmax_dl2_v6_0/inst/u_softmax_ip/rsc_8x16_lo_b[18]_i_14/O
                         net (fo=1, routed)           0.013     4.998    my_softmax_i/softmax_dl2_v6_0/inst/u_softmax_ip/rsc_8x16_lo_b[18]_i_14_n_0
    SLICE_X3Y121         CARRY8 (Prop_CARRY8_SLICEL_S[3]_CO[7])
                                                      0.220     5.218 r  my_softmax_i/softmax_dl2_v6_0/inst/u_softmax_ip/rsc_8x16_lo_b_reg[18]_i_1/CO[7]
                         net (fo=1, routed)           0.030     5.248    my_softmax_i/softmax_dl2_v6_0/inst/u_softmax_ip/rsc_8x16_lo_b_reg[18]_i_1_n_0
    SLICE_X3Y122         CARRY8 (Prop_CARRY8_SLICEL_CI_O[3])
                                                      0.114     5.362 r  my_softmax_i/softmax_dl2_v6_0/inst/u_softmax_ip/rsc_8x16_lo_b_reg[23]_i_1/O[3]
                         net (fo=1, routed)           0.034     5.396    my_softmax_i/softmax_dl2_v6_0/inst/u_softmax_ip/rsc_8x16_lo_b_reg[23]_i_1_n_12
    SLICE_X3Y122         FDRE                                         r  my_softmax_i/softmax_dl2_v6_0/inst/u_softmax_ip/rsc_8x16_lo_b_reg[22]/D
  -------------------------------------------------------------------    -------------------

                         (clock clk_pl_0 rise edge)
                                                      3.000     3.000 r  
    PS8_X0Y0             PS8                          0.000     3.000 r  my_softmax_i/zynq_ultra_ps_e_0/inst/PS8_i/PLCLK[0]
                         net (fo=1, routed)           0.181     3.181    my_softmax_i/zynq_ultra_ps_e_0/inst/pl_clk_unbuffered[0]
    BUFG_PS_X0Y80        BUFG_PS (Prop_BUFG_PS_I_O)
                                                      0.035     3.216 r  my_softmax_i/zynq_ultra_ps_e_0/inst/buffer_pl_clk_0.PL_CLK_0_BUFG/O
    X0Y1 (CLOCK_ROOT)    net (fo=19394, routed)       2.169     5.385    my_softmax_i/softmax_dl2_v6_0/inst/u_softmax_ip/s00_axi_aclk
    SLICE_X3Y122         FDRE                                         r  my_softmax_i/softmax_dl2_v6_0/inst/u_softmax_ip/rsc_8x16_lo_b_reg[22]/C
                         clock pessimism              0.195     5.580    
                         clock uncertainty           -0.114     5.466    
    SLICE_X3Y122         FDRE (Setup_DFF_SLICEL_C_D)
                                                      0.044     5.510    my_softmax_i/softmax_dl2_v6_0/inst/u_softmax_ip/rsc_8x16_lo_b_reg[22]
  -------------------------------------------------------------------
                         required time                          5.510    
                         arrival time                          -5.396    
  -------------------------------------------------------------------
                         slack                                  0.114    





Min Delay Paths
--------------------------------------------------------------------------------------
Slack (MET) :             0.010ns  (arrival time - required time)
  Source:                 <hidden>
                            (rising edge-triggered cell FDRE clocked by clk_pl_0  {rise@0.000ns fall@1.500ns period=3.000ns})
  Destination:            <hidden>
                            (rising edge-triggered cell FDRE clocked by clk_pl_0  {rise@0.000ns fall@1.500ns period=3.000ns})
  Path Group:             clk_pl_0
  Path Type:              Hold (Min at Slow Process Corner)
  Requirement:            0.000ns  (clk_pl_0 rise@0.000ns - clk_pl_0 rise@0.000ns)
  Data Path Delay:        0.234ns  (logic 0.114ns (48.718%)  route 0.120ns (51.282%))
  Logic Levels:           0  
  Clock Path Skew:        0.123ns (DCD - SCD - CPR)
    Destination Clock Delay (DCD):    2.657ns
    Source Clock Delay      (SCD):    2.348ns
    Clock Pessimism Removal (CPR):    0.185ns
  Clock Net Delay (Source):      2.132ns (routing 0.955ns, distribution 1.177ns)
  Clock Net Delay (Destination): 2.390ns (routing 1.045ns, distribution 1.345ns)

    Location             Delay type                Incr(ns)  Path(ns)    Netlist Resource(s)
  -------------------------------------------------------------------    -------------------
                         (clock clk_pl_0 rise edge)
                                                      0.000     0.000 r  
    PS8_X0Y0             PS8                          0.000     0.000 r  my_softmax_i/zynq_ultra_ps_e_0/inst/PS8_i/PLCLK[0]
                         net (fo=1, routed)           0.181     0.181    my_softmax_i/zynq_ultra_ps_e_0/inst/pl_clk_unbuffered[0]
    BUFG_PS_X0Y80        BUFG_PS (Prop_BUFG_PS_I_O)
                                                      0.035     0.216 r  my_softmax_i/zynq_ultra_ps_e_0/inst/buffer_pl_clk_0.PL_CLK_0_BUFG/O
    X0Y1 (CLOCK_ROOT)    net (fo=19394, routed)       2.132     2.348    <hidden>
    SLICE_X1Y59          FDRE                                         r  <hidden>
  -------------------------------------------------------------------    -------------------
    SLICE_X1Y59          FDRE (Prop_BFF2_SLICEM_C_Q)
                                                      0.114     2.462 r  <hidden>
                         net (fo=1, routed)           0.120     2.582    <hidden>
    SLICE_X2Y59          FDRE                                         r  <hidden>
  -------------------------------------------------------------------    -------------------

                         (clock clk_pl_0 rise edge)
                                                      0.000     0.000 r  
    PS8_X0Y0             PS8                          0.000     0.000 r  my_softmax_i/zynq_ultra_ps_e_0/inst/PS8_i/PLCLK[0]
                         net (fo=1, routed)           0.229     0.229    my_softmax_i/zynq_ultra_ps_e_0/inst/pl_clk_unbuffered[0]
    BUFG_PS_X0Y80        BUFG_PS (Prop_BUFG_PS_I_O)
                                                      0.038     0.267 r  my_softmax_i/zynq_ultra_ps_e_0/inst/buffer_pl_clk_0.PL_CLK_0_BUFG/O
    X0Y1 (CLOCK_ROOT)    net (fo=19394, routed)       2.390     2.657    <hidden>
    SLICE_X2Y59          FDRE                                         r  <hidden>
                         clock pessimism             -0.185     2.472    
    SLICE_X2Y59          FDRE (Hold_HFF_SLICEM_C_D)
                                                      0.101     2.573    <hidden>
  -------------------------------------------------------------------
                         required time                         -2.573    
                         arrival time                           2.582    
  -------------------------------------------------------------------
                         slack                                  0.010    

Slack (MET) :             0.010ns  (arrival time - required time)
  Source:                 my_softmax_i/softmax_dl2_v6_0/inst/u_softmax_ip/gen_muls[5].u_mul/pp_sel_reg_reg[6][11]/C
                            (rising edge-triggered cell FDRE clocked by clk_pl_0  {rise@0.000ns fall@1.500ns period=3.000ns})
  Destination:            my_softmax_i/softmax_dl2_v6_0/inst/u_softmax_ip/gen_muls[5].u_mul/pp_reg_reg[6][23]/D
                            (rising edge-triggered cell FDRE clocked by clk_pl_0  {rise@0.000ns fall@1.500ns period=3.000ns})
  Path Group:             clk_pl_0
  Path Type:              Hold (Min at Slow Process Corner)
  Requirement:            0.000ns  (clk_pl_0 rise@0.000ns - clk_pl_0 rise@0.000ns)
  Data Path Delay:        0.221ns  (logic 0.112ns (50.679%)  route 0.109ns (49.321%))
  Logic Levels:           0  
  Clock Path Skew:        0.109ns (DCD - SCD - CPR)
    Destination Clock Delay (DCD):    2.853ns
    Source Clock Delay      (SCD):    2.540ns
    Clock Pessimism Removal (CPR):    0.204ns
  Clock Net Delay (Source):      2.324ns (routing 0.955ns, distribution 1.369ns)
  Clock Net Delay (Destination): 2.586ns (routing 1.045ns, distribution 1.541ns)

    Location             Delay type                Incr(ns)  Path(ns)    Netlist Resource(s)
  -------------------------------------------------------------------    -------------------
                         (clock clk_pl_0 rise edge)
                                                      0.000     0.000 r  
    PS8_X0Y0             PS8                          0.000     0.000 r  my_softmax_i/zynq_ultra_ps_e_0/inst/PS8_i/PLCLK[0]
                         net (fo=1, routed)           0.181     0.181    my_softmax_i/zynq_ultra_ps_e_0/inst/pl_clk_unbuffered[0]
    BUFG_PS_X0Y80        BUFG_PS (Prop_BUFG_PS_I_O)
                                                      0.035     0.216 r  my_softmax_i/zynq_ultra_ps_e_0/inst/buffer_pl_clk_0.PL_CLK_0_BUFG/O
    X0Y1 (CLOCK_ROOT)    net (fo=19394, routed)       2.324     2.540    my_softmax_i/softmax_dl2_v6_0/inst/u_softmax_ip/gen_muls[5].u_mul/s00_axi_aclk
    SLICE_X23Y128        FDRE                                         r  my_softmax_i/softmax_dl2_v6_0/inst/u_softmax_ip/gen_muls[5].u_mul/pp_sel_reg_reg[6][11]/C
  -------------------------------------------------------------------    -------------------
    SLICE_X23Y128        FDRE (Prop_HFF_SLICEL_C_Q)
                                                      0.112     2.652 r  my_softmax_i/softmax_dl2_v6_0/inst/u_softmax_ip/gen_muls[5].u_mul/pp_sel_reg_reg[6][11]/Q
                         net (fo=1, routed)           0.109     2.761    my_softmax_i/softmax_dl2_v6_0/inst/u_softmax_ip/gen_muls[5].u_mul/pp_sel_reg_reg_n_0_[6][11]
    SLICE_X24Y128        FDRE                                         r  my_softmax_i/softmax_dl2_v6_0/inst/u_softmax_ip/gen_muls[5].u_mul/pp_reg_reg[6][23]/D
  -------------------------------------------------------------------    -------------------

                         (clock clk_pl_0 rise edge)
                                                      0.000     0.000 r  
    PS8_X0Y0             PS8                          0.000     0.000 r  my_softmax_i/zynq_ultra_ps_e_0/inst/PS8_i/PLCLK[0]
                         net (fo=1, routed)           0.229     0.229    my_softmax_i/zynq_ultra_ps_e_0/inst/pl_clk_unbuffered[0]
    BUFG_PS_X0Y80        BUFG_PS (Prop_BUFG_PS_I_O)
                                                      0.038     0.267 r  my_softmax_i/zynq_ultra_ps_e_0/inst/buffer_pl_clk_0.PL_CLK_0_BUFG/O
    X0Y1 (CLOCK_ROOT)    net (fo=19394, routed)       2.586     2.853    my_softmax_i/softmax_dl2_v6_0/inst/u_softmax_ip/gen_muls[5].u_mul/s00_axi_aclk
    SLICE_X24Y128        FDRE                                         r  my_softmax_i/softmax_dl2_v6_0/inst/u_softmax_ip/gen_muls[5].u_mul/pp_reg_reg[6][23]/C
                         clock pessimism             -0.204     2.649    
    SLICE_X24Y128        FDRE (Hold_FFF2_SLICEM_C_D)
                                                      0.102     2.751    my_softmax_i/softmax_dl2_v6_0/inst/u_softmax_ip/gen_muls[5].u_mul/pp_reg_reg[6][23]
  -------------------------------------------------------------------
                         required time                         -2.751    
                         arrival time                           2.761    
  -------------------------------------------------------------------
                         slack                                  0.010    

Slack (MET) :             0.011ns  (arrival time - required time)
  Source:                 <hidden>
                            (rising edge-triggered cell FDRE clocked by clk_pl_0  {rise@0.000ns fall@1.500ns period=3.000ns})
  Destination:            <hidden>
                            (rising edge-triggered cell FDRE clocked by clk_pl_0  {rise@0.000ns fall@1.500ns period=3.000ns})
  Path Group:             clk_pl_0
  Path Type:              Hold (Min at Slow Process Corner)
  Requirement:            0.000ns  (clk_pl_0 rise@0.000ns - clk_pl_0 rise@0.000ns)
  Data Path Delay:        0.277ns  (logic 0.115ns (41.522%)  route 0.162ns (58.478%))
  Logic Levels:           0  
  Clock Path Skew:        0.163ns (DCD - SCD - CPR)
    Destination Clock Delay (DCD):    2.657ns
    Source Clock Delay      (SCD):    2.349ns
    Clock Pessimism Removal (CPR):    0.144ns
  Clock Net Delay (Source):      2.133ns (routing 0.955ns, distribution 1.178ns)
  Clock Net Delay (Destination): 2.390ns (routing 1.045ns, distribution 1.345ns)

    Location             Delay type                Incr(ns)  Path(ns)    Netlist Resource(s)
  -------------------------------------------------------------------    -------------------
                         (clock clk_pl_0 rise edge)
                                                      0.000     0.000 r  
    PS8_X0Y0             PS8                          0.000     0.000 r  my_softmax_i/zynq_ultra_ps_e_0/inst/PS8_i/PLCLK[0]
                         net (fo=1, routed)           0.181     0.181    my_softmax_i/zynq_ultra_ps_e_0/inst/pl_clk_unbuffered[0]
    BUFG_PS_X0Y80        BUFG_PS (Prop_BUFG_PS_I_O)
                                                      0.035     0.216 r  my_softmax_i/zynq_ultra_ps_e_0/inst/buffer_pl_clk_0.PL_CLK_0_BUFG/O
    X0Y1 (CLOCK_ROOT)    net (fo=19394, routed)       2.133     2.349    <hidden>
    SLICE_X4Y62          FDRE                                         r  <hidden>
  -------------------------------------------------------------------    -------------------
    SLICE_X4Y62          FDRE (Prop_DFF2_SLICEM_C_Q)
                                                      0.115     2.464 r  <hidden>
                         net (fo=6, routed)           0.162     2.626    <hidden>
    SLICE_X3Y59          FDRE                                         r  <hidden>
  -------------------------------------------------------------------    -------------------

                         (clock clk_pl_0 rise edge)
                                                      0.000     0.000 r  
    PS8_X0Y0             PS8                          0.000     0.000 r  my_softmax_i/zynq_ultra_ps_e_0/inst/PS8_i/PLCLK[0]
                         net (fo=1, routed)           0.229     0.229    my_softmax_i/zynq_ultra_ps_e_0/inst/pl_clk_unbuffered[0]
    BUFG_PS_X0Y80        BUFG_PS (Prop_BUFG_PS_I_O)
                                                      0.038     0.267 r  my_softmax_i/zynq_ultra_ps_e_0/inst/buffer_pl_clk_0.PL_CLK_0_BUFG/O
    X0Y1 (CLOCK_ROOT)    net (fo=19394, routed)       2.390     2.657    <hidden>
    SLICE_X3Y59          FDRE                                         r  <hidden>
                         clock pessimism             -0.144     2.513    
    SLICE_X3Y59          FDRE (Hold_HFF2_SLICEL_C_D)
                                                      0.103     2.616    <hidden>
  -------------------------------------------------------------------
                         required time                         -2.616    
                         arrival time                           2.626    
  -------------------------------------------------------------------
                         slack                                  0.011    

Slack (MET) :             0.014ns  (arrival time - required time)
  Source:                 <hidden>
                            (rising edge-triggered cell FDRE clocked by clk_pl_0  {rise@0.000ns fall@1.500ns period=3.000ns})
  Destination:            <hidden>
                            (rising edge-triggered cell FDRE clocked by clk_pl_0  {rise@0.000ns fall@1.500ns period=3.000ns})
  Path Group:             clk_pl_0
  Path Type:              Hold (Min at Slow Process Corner)
  Requirement:            0.000ns  (clk_pl_0 rise@0.000ns - clk_pl_0 rise@0.000ns)
  Data Path Delay:        0.240ns  (logic 0.114ns (47.500%)  route 0.126ns (52.500%))
  Logic Levels:           0  
  Clock Path Skew:        0.124ns (DCD - SCD - CPR)
    Destination Clock Delay (DCD):    2.654ns
    Source Clock Delay      (SCD):    2.344ns
    Clock Pessimism Removal (CPR):    0.185ns
  Clock Net Delay (Source):      2.128ns (routing 0.955ns, distribution 1.173ns)
  Clock Net Delay (Destination): 2.387ns (routing 1.045ns, distribution 1.342ns)

    Location             Delay type                Incr(ns)  Path(ns)    Netlist Resource(s)
  -------------------------------------------------------------------    -------------------
                         (clock clk_pl_0 rise edge)
                                                      0.000     0.000 r  
    PS8_X0Y0             PS8                          0.000     0.000 r  my_softmax_i/zynq_ultra_ps_e_0/inst/PS8_i/PLCLK[0]
                         net (fo=1, routed)           0.181     0.181    my_softmax_i/zynq_ultra_ps_e_0/inst/pl_clk_unbuffered[0]
    BUFG_PS_X0Y80        BUFG_PS (Prop_BUFG_PS_I_O)
                                                      0.035     0.216 r  my_softmax_i/zynq_ultra_ps_e_0/inst/buffer_pl_clk_0.PL_CLK_0_BUFG/O
    X0Y1 (CLOCK_ROOT)    net (fo=19394, routed)       2.128     2.344    <hidden>
    SLICE_X7Y51          FDRE                                         r  <hidden>
  -------------------------------------------------------------------    -------------------
    SLICE_X7Y51          FDRE (Prop_BFF2_SLICEM_C_Q)
                                                      0.114     2.458 r  <hidden>
                         net (fo=1, routed)           0.126     2.584    <hidden>
    SLICE_X6Y52          FDRE                                         r  <hidden>
  -------------------------------------------------------------------    -------------------

                         (clock clk_pl_0 rise edge)
                                                      0.000     0.000 r  
    PS8_X0Y0             PS8                          0.000     0.000 r  my_softmax_i/zynq_ultra_ps_e_0/inst/PS8_i/PLCLK[0]
                         net (fo=1, routed)           0.229     0.229    my_softmax_i/zynq_ultra_ps_e_0/inst/pl_clk_unbuffered[0]
    BUFG_PS_X0Y80        BUFG_PS (Prop_BUFG_PS_I_O)
                                                      0.038     0.267 r  my_softmax_i/zynq_ultra_ps_e_0/inst/buffer_pl_clk_0.PL_CLK_0_BUFG/O
    X0Y1 (CLOCK_ROOT)    net (fo=19394, routed)       2.387     2.654    <hidden>
    SLICE_X6Y52          FDRE                                         r  <hidden>
                         clock pessimism             -0.185     2.469    
    SLICE_X6Y52          FDRE (Hold_EFF2_SLICEL_C_D)
                                                      0.102     2.571    <hidden>
  -------------------------------------------------------------------
                         required time                         -2.571    
                         arrival time                           2.584    
  -------------------------------------------------------------------
                         slack                                  0.014    

Slack (MET) :             0.014ns  (arrival time - required time)
  Source:                 <hidden>
                            (rising edge-triggered cell FDRE clocked by clk_pl_0  {rise@0.000ns fall@1.500ns period=3.000ns})
  Destination:            <hidden>
                            (rising edge-triggered cell RAMD32 clocked by clk_pl_0  {rise@0.000ns fall@1.500ns period=3.000ns})
  Path Group:             clk_pl_0
  Path Type:              Hold (Min at Slow Process Corner)
  Requirement:            0.000ns  (clk_pl_0 rise@0.000ns - clk_pl_0 rise@0.000ns)
  Data Path Delay:        0.250ns  (logic 0.112ns (44.800%)  route 0.138ns (55.200%))
  Logic Levels:           0  
  Clock Path Skew:        0.135ns (DCD - SCD - CPR)
    Destination Clock Delay (DCD):    2.673ns
    Source Clock Delay      (SCD):    2.347ns
    Clock Pessimism Removal (CPR):    0.192ns
  Clock Net Delay (Source):      2.131ns (routing 0.955ns, distribution 1.176ns)
  Clock Net Delay (Destination): 2.406ns (routing 1.045ns, distribution 1.361ns)

    Location             Delay type                Incr(ns)  Path(ns)    Netlist Resource(s)
  -------------------------------------------------------------------    -------------------
                         (clock clk_pl_0 rise edge)
                                                      0.000     0.000 r  
    PS8_X0Y0             PS8                          0.000     0.000 r  my_softmax_i/zynq_ultra_ps_e_0/inst/PS8_i/PLCLK[0]
                         net (fo=1, routed)           0.181     0.181    my_softmax_i/zynq_ultra_ps_e_0/inst/pl_clk_unbuffered[0]
    BUFG_PS_X0Y80        BUFG_PS (Prop_BUFG_PS_I_O)
                                                      0.035     0.216 r  my_softmax_i/zynq_ultra_ps_e_0/inst/buffer_pl_clk_0.PL_CLK_0_BUFG/O
    X0Y1 (CLOCK_ROOT)    net (fo=19394, routed)       2.131     2.347    <hidden>
    SLICE_X5Y85          FDRE                                         r  <hidden>
  -------------------------------------------------------------------    -------------------
    SLICE_X5Y85          FDRE (Prop_EFF_SLICEM_C_Q)
                                                      0.112     2.459 r  <hidden>
                         net (fo=1, routed)           0.138     2.597    <hidden>
    SLICE_X7Y86          RAMD32                                       r  <hidden>
  -------------------------------------------------------------------    -------------------

                         (clock clk_pl_0 rise edge)
                                                      0.000     0.000 r  
    PS8_X0Y0             PS8                          0.000     0.000 r  my_softmax_i/zynq_ultra_ps_e_0/inst/PS8_i/PLCLK[0]
                         net (fo=1, routed)           0.229     0.229    my_softmax_i/zynq_ultra_ps_e_0/inst/pl_clk_unbuffered[0]
    BUFG_PS_X0Y80        BUFG_PS (Prop_BUFG_PS_I_O)
                                                      0.038     0.267 r  my_softmax_i/zynq_ultra_ps_e_0/inst/buffer_pl_clk_0.PL_CLK_0_BUFG/O
    X0Y1 (CLOCK_ROOT)    net (fo=19394, routed)       2.406     2.673    <hidden>
    SLICE_X7Y86          RAMD32                                       r  <hidden>
                         clock pessimism             -0.192     2.481    
    SLICE_X7Y86          RAMD32 (Hold_A5LUT_SLICEM_CLK_I)
                                                      0.101     2.582    <hidden>
  -------------------------------------------------------------------
                         required time                         -2.582    
                         arrival time                           2.597    
  -------------------------------------------------------------------
                         slack                                  0.014    

Slack (MET) :             0.015ns  (arrival time - required time)
  Source:                 my_softmax_i/axi_dma_0/U0/I_PRMRY_DATAMOVER/GEN_S2MM_FULL.I_S2MM_FULL_WRAPPER/GEN_ENABLE_INDET_BTT_SF.I_INDET_BTT/ENABLE_AXIS_SKID.I_INDET_BTT_SKID_BUF/sig_data_reg_out_reg[15]/C
                            (rising edge-triggered cell FDRE clocked by clk_pl_0  {rise@0.000ns fall@1.500ns period=3.000ns})
  Destination:            my_softmax_i/axi_dma_0/U0/I_PRMRY_DATAMOVER/GEN_S2MM_FULL.I_S2MM_FULL_WRAPPER/I_S2MM_MMAP_SKID_BUF/sig_data_reg_out_reg[15]/D
                            (rising edge-triggered cell FDRE clocked by clk_pl_0  {rise@0.000ns fall@1.500ns period=3.000ns})
  Path Group:             clk_pl_0
  Path Type:              Hold (Min at Slow Process Corner)
  Requirement:            0.000ns  (clk_pl_0 rise@0.000ns - clk_pl_0 rise@0.000ns)
  Data Path Delay:        0.287ns  (logic 0.145ns (50.479%)  route 0.142ns (49.521%))
  Logic Levels:           1  (LUT3=1)
  Clock Path Skew:        0.172ns (DCD - SCD - CPR)
    Destination Clock Delay (DCD):    2.722ns
    Source Clock Delay      (SCD):    2.405ns
    Clock Pessimism Removal (CPR):    0.144ns
  Clock Net Delay (Source):      2.189ns (routing 0.955ns, distribution 1.234ns)
  Clock Net Delay (Destination): 2.455ns (routing 1.045ns, distribution 1.410ns)

    Location             Delay type                Incr(ns)  Path(ns)    Netlist Resource(s)
  -------------------------------------------------------------------    -------------------
                         (clock clk_pl_0 rise edge)
                                                      0.000     0.000 r  
    PS8_X0Y0             PS8                          0.000     0.000 r  my_softmax_i/zynq_ultra_ps_e_0/inst/PS8_i/PLCLK[0]
                         net (fo=1, routed)           0.181     0.181    my_softmax_i/zynq_ultra_ps_e_0/inst/pl_clk_unbuffered[0]
    BUFG_PS_X0Y80        BUFG_PS (Prop_BUFG_PS_I_O)
                                                      0.035     0.216 r  my_softmax_i/zynq_ultra_ps_e_0/inst/buffer_pl_clk_0.PL_CLK_0_BUFG/O
    X0Y1 (CLOCK_ROOT)    net (fo=19394, routed)       2.189     2.405    my_softmax_i/axi_dma_0/U0/I_PRMRY_DATAMOVER/GEN_S2MM_FULL.I_S2MM_FULL_WRAPPER/GEN_ENABLE_INDET_BTT_SF.I_INDET_BTT/ENABLE_AXIS_SKID.I_INDET_BTT_SKID_BUF/m_axi_s2mm_aclk
    SLICE_X19Y59         FDRE                                         r  my_softmax_i/axi_dma_0/U0/I_PRMRY_DATAMOVER/GEN_S2MM_FULL.I_S2MM_FULL_WRAPPER/GEN_ENABLE_INDET_BTT_SF.I_INDET_BTT/ENABLE_AXIS_SKID.I_INDET_BTT_SKID_BUF/sig_data_reg_out_reg[15]/C
  -------------------------------------------------------------------    -------------------
    SLICE_X19Y59         FDRE (Prop_DFF_SLICEL_C_Q)
                                                      0.112     2.517 r  my_softmax_i/axi_dma_0/U0/I_PRMRY_DATAMOVER/GEN_S2MM_FULL.I_S2MM_FULL_WRAPPER/GEN_ENABLE_INDET_BTT_SF.I_INDET_BTT/ENABLE_AXIS_SKID.I_INDET_BTT_SKID_BUF/sig_data_reg_out_reg[15]/Q
                         net (fo=2, routed)           0.094     2.611    my_softmax_i/axi_dma_0/U0/I_PRMRY_DATAMOVER/GEN_S2MM_FULL.I_S2MM_FULL_WRAPPER/I_S2MM_MMAP_SKID_BUF/D[15]
    SLICE_X18Y60         LUT3 (Prop_D6LUT_SLICEM_I0_O)
                                                      0.033     2.644 r  my_softmax_i/axi_dma_0/U0/I_PRMRY_DATAMOVER/GEN_S2MM_FULL.I_S2MM_FULL_WRAPPER/I_S2MM_MMAP_SKID_BUF/sig_data_reg_out[15]_i_1__2/O
                         net (fo=1, routed)           0.048     2.692    my_softmax_i/axi_dma_0/U0/I_PRMRY_DATAMOVER/GEN_S2MM_FULL.I_S2MM_FULL_WRAPPER/I_S2MM_MMAP_SKID_BUF/sig_data_skid_mux_out[15]
    SLICE_X18Y60         FDRE                                         r  my_softmax_i/axi_dma_0/U0/I_PRMRY_DATAMOVER/GEN_S2MM_FULL.I_S2MM_FULL_WRAPPER/I_S2MM_MMAP_SKID_BUF/sig_data_reg_out_reg[15]/D
  -------------------------------------------------------------------    -------------------

                         (clock clk_pl_0 rise edge)
                                                      0.000     0.000 r  
    PS8_X0Y0             PS8                          0.000     0.000 r  my_softmax_i/zynq_ultra_ps_e_0/inst/PS8_i/PLCLK[0]
                         net (fo=1, routed)           0.229     0.229    my_softmax_i/zynq_ultra_ps_e_0/inst/pl_clk_unbuffered[0]
    BUFG_PS_X0Y80        BUFG_PS (Prop_BUFG_PS_I_O)
                                                      0.038     0.267 r  my_softmax_i/zynq_ultra_ps_e_0/inst/buffer_pl_clk_0.PL_CLK_0_BUFG/O
    X0Y1 (CLOCK_ROOT)    net (fo=19394, routed)       2.455     2.722    my_softmax_i/axi_dma_0/U0/I_PRMRY_DATAMOVER/GEN_S2MM_FULL.I_S2MM_FULL_WRAPPER/I_S2MM_MMAP_SKID_BUF/m_axi_s2mm_aclk
    SLICE_X18Y60         FDRE                                         r  my_softmax_i/axi_dma_0/U0/I_PRMRY_DATAMOVER/GEN_S2MM_FULL.I_S2MM_FULL_WRAPPER/I_S2MM_MMAP_SKID_BUF/sig_data_reg_out_reg[15]/C
                         clock pessimism             -0.144     2.578    
    SLICE_X18Y60         FDRE (Hold_DFF_SLICEM_C_D)
                                                      0.100     2.678    my_softmax_i/axi_dma_0/U0/I_PRMRY_DATAMOVER/GEN_S2MM_FULL.I_S2MM_FULL_WRAPPER/I_S2MM_MMAP_SKID_BUF/sig_data_reg_out_reg[15]
  -------------------------------------------------------------------
                         required time                         -2.678    
                         arrival time                           2.692    
  -------------------------------------------------------------------
                         slack                                  0.015    

Slack (MET) :             0.015ns  (arrival time - required time)
  Source:                 <hidden>
                            (rising edge-triggered cell FDRE clocked by clk_pl_0  {rise@0.000ns fall@1.500ns period=3.000ns})
  Destination:            <hidden>
                            (rising edge-triggered cell FDRE clocked by clk_pl_0  {rise@0.000ns fall@1.500ns period=3.000ns})
  Path Group:             clk_pl_0
  Path Type:              Hold (Min at Slow Process Corner)
  Requirement:            0.000ns  (clk_pl_0 rise@0.000ns - clk_pl_0 rise@0.000ns)
  Data Path Delay:        0.249ns  (logic 0.112ns (44.980%)  route 0.137ns (55.020%))
  Logic Levels:           0  
  Clock Path Skew:        0.131ns (DCD - SCD - CPR)
    Destination Clock Delay (DCD):    2.674ns
    Source Clock Delay      (SCD):    2.351ns
    Clock Pessimism Removal (CPR):    0.192ns
  Clock Net Delay (Source):      2.135ns (routing 0.955ns, distribution 1.180ns)
  Clock Net Delay (Destination): 2.407ns (routing 1.045ns, distribution 1.362ns)

    Location             Delay type                Incr(ns)  Path(ns)    Netlist Resource(s)
  -------------------------------------------------------------------    -------------------
                         (clock clk_pl_0 rise edge)
                                                      0.000     0.000 r  
    PS8_X0Y0             PS8                          0.000     0.000 r  my_softmax_i/zynq_ultra_ps_e_0/inst/PS8_i/PLCLK[0]
                         net (fo=1, routed)           0.181     0.181    my_softmax_i/zynq_ultra_ps_e_0/inst/pl_clk_unbuffered[0]
    BUFG_PS_X0Y80        BUFG_PS (Prop_BUFG_PS_I_O)
                                                      0.035     0.216 r  my_softmax_i/zynq_ultra_ps_e_0/inst/buffer_pl_clk_0.PL_CLK_0_BUFG/O
    X0Y1 (CLOCK_ROOT)    net (fo=19394, routed)       2.135     2.351    <hidden>
    SLICE_X7Y69          FDRE                                         r  <hidden>
  -------------------------------------------------------------------    -------------------
    SLICE_X7Y69          FDRE (Prop_GFF_SLICEM_C_Q)
                                                      0.112     2.463 r  <hidden>
                         net (fo=1, routed)           0.137     2.600    <hidden>
    SLICE_X6Y69          FDRE                                         r  <hidden>
  -------------------------------------------------------------------    -------------------

                         (clock clk_pl_0 rise edge)
                                                      0.000     0.000 r  
    PS8_X0Y0             PS8                          0.000     0.000 r  my_softmax_i/zynq_ultra_ps_e_0/inst/PS8_i/PLCLK[0]
                         net (fo=1, routed)           0.229     0.229    my_softmax_i/zynq_ultra_ps_e_0/inst/pl_clk_unbuffered[0]
    BUFG_PS_X0Y80        BUFG_PS (Prop_BUFG_PS_I_O)
                                                      0.038     0.267 r  my_softmax_i/zynq_ultra_ps_e_0/inst/buffer_pl_clk_0.PL_CLK_0_BUFG/O
    X0Y1 (CLOCK_ROOT)    net (fo=19394, routed)       2.407     2.674    <hidden>
    SLICE_X6Y69          FDRE                                         r  <hidden>
                         clock pessimism             -0.192     2.482    
    SLICE_X6Y69          FDRE (Hold_GFF2_SLICEL_C_D)
                                                      0.103     2.585    <hidden>
  -------------------------------------------------------------------
                         required time                         -2.585    
                         arrival time                           2.600    
  -------------------------------------------------------------------
                         slack                                  0.015    

Slack (MET) :             0.016ns  (arrival time - required time)
  Source:                 my_softmax_i/softmax_dl2_v6_0/inst/u_softmax_ip/gen_muls[7].u_mul/pp_sel_reg_reg[0][6]/C
                            (rising edge-triggered cell FDRE clocked by clk_pl_0  {rise@0.000ns fall@1.500ns period=3.000ns})
  Destination:            my_softmax_i/softmax_dl2_v6_0/inst/u_softmax_ip/gen_muls[7].u_mul/pp_reg_reg[0][6]/D
                            (rising edge-triggered cell FDRE clocked by clk_pl_0  {rise@0.000ns fall@1.500ns period=3.000ns})
  Path Group:             clk_pl_0
  Path Type:              Hold (Min at Slow Process Corner)
  Requirement:            0.000ns  (clk_pl_0 rise@0.000ns - clk_pl_0 rise@0.000ns)
  Data Path Delay:        0.241ns  (logic 0.111ns (46.058%)  route 0.130ns (53.942%))
  Logic Levels:           0  
  Clock Path Skew:        0.123ns (DCD - SCD - CPR)
    Destination Clock Delay (DCD):    2.655ns
    Source Clock Delay      (SCD):    2.339ns
    Clock Pessimism Removal (CPR):    0.192ns
  Clock Net Delay (Source):      2.123ns (routing 0.955ns, distribution 1.168ns)
  Clock Net Delay (Destination): 2.388ns (routing 1.045ns, distribution 1.343ns)

    Location             Delay type                Incr(ns)  Path(ns)    Netlist Resource(s)
  -------------------------------------------------------------------    -------------------
                         (clock clk_pl_0 rise edge)
                                                      0.000     0.000 r  
    PS8_X0Y0             PS8                          0.000     0.000 r  my_softmax_i/zynq_ultra_ps_e_0/inst/PS8_i/PLCLK[0]
                         net (fo=1, routed)           0.181     0.181    my_softmax_i/zynq_ultra_ps_e_0/inst/pl_clk_unbuffered[0]
    BUFG_PS_X0Y80        BUFG_PS (Prop_BUFG_PS_I_O)
                                                      0.035     0.216 r  my_softmax_i/zynq_ultra_ps_e_0/inst/buffer_pl_clk_0.PL_CLK_0_BUFG/O
    X0Y1 (CLOCK_ROOT)    net (fo=19394, routed)       2.123     2.339    my_softmax_i/softmax_dl2_v6_0/inst/u_softmax_ip/gen_muls[7].u_mul/s00_axi_aclk
    SLICE_X4Y114         FDRE                                         r  my_softmax_i/softmax_dl2_v6_0/inst/u_softmax_ip/gen_muls[7].u_mul/pp_sel_reg_reg[0][6]/C
  -------------------------------------------------------------------    -------------------
    SLICE_X4Y114         FDRE (Prop_FFF_SLICEM_C_Q)
                                                      0.111     2.450 r  my_softmax_i/softmax_dl2_v6_0/inst/u_softmax_ip/gen_muls[7].u_mul/pp_sel_reg_reg[0][6]/Q
                         net (fo=1, routed)           0.130     2.580    my_softmax_i/softmax_dl2_v6_0/inst/u_softmax_ip/gen_muls[7].u_mul/pp_sel_reg_reg[0]_91[6]
    SLICE_X3Y113         FDRE                                         r  my_softmax_i/softmax_dl2_v6_0/inst/u_softmax_ip/gen_muls[7].u_mul/pp_reg_reg[0][6]/D
  -------------------------------------------------------------------    -------------------

                         (clock clk_pl_0 rise edge)
                                                      0.000     0.000 r  
    PS8_X0Y0             PS8                          0.000     0.000 r  my_softmax_i/zynq_ultra_ps_e_0/inst/PS8_i/PLCLK[0]
                         net (fo=1, routed)           0.229     0.229    my_softmax_i/zynq_ultra_ps_e_0/inst/pl_clk_unbuffered[0]
    BUFG_PS_X0Y80        BUFG_PS (Prop_BUFG_PS_I_O)
                                                      0.038     0.267 r  my_softmax_i/zynq_ultra_ps_e_0/inst/buffer_pl_clk_0.PL_CLK_0_BUFG/O
    X0Y1 (CLOCK_ROOT)    net (fo=19394, routed)       2.388     2.655    my_softmax_i/softmax_dl2_v6_0/inst/u_softmax_ip/gen_muls[7].u_mul/s00_axi_aclk
    SLICE_X3Y113         FDRE                                         r  my_softmax_i/softmax_dl2_v6_0/inst/u_softmax_ip/gen_muls[7].u_mul/pp_reg_reg[0][6]/C
                         clock pessimism             -0.192     2.463    
    SLICE_X3Y113         FDRE (Hold_EFF2_SLICEL_C_D)
                                                      0.102     2.565    my_softmax_i/softmax_dl2_v6_0/inst/u_softmax_ip/gen_muls[7].u_mul/pp_reg_reg[0][6]
  -------------------------------------------------------------------
                         required time                         -2.565    
                         arrival time                           2.580    
  -------------------------------------------------------------------
                         slack                                  0.016    

Slack (MET) :             0.016ns  (arrival time - required time)
  Source:                 my_softmax_i/axi_dma_0/U0/I_AXI_DMA_REG_MODULE/GEN_AXI_LITE_IF.AXI_LITE_IF_I/wvalid_reg/C
                            (rising edge-triggered cell FDRE clocked by clk_pl_0  {rise@0.000ns fall@1.500ns period=3.000ns})
  Destination:            my_softmax_i/axi_dma_0/U0/I_AXI_DMA_REG_MODULE/GEN_AXI_LITE_IF.AXI_LITE_IF_I/GEN_SYNC_WRITE.wvalid_d1_reg/D
                            (rising edge-triggered cell FDRE clocked by clk_pl_0  {rise@0.000ns fall@1.500ns period=3.000ns})
  Path Group:             clk_pl_0
  Path Type:              Hold (Min at Slow Process Corner)
  Requirement:            0.000ns  (clk_pl_0 rise@0.000ns - clk_pl_0 rise@0.000ns)
  Data Path Delay:        0.234ns  (logic 0.112ns (47.863%)  route 0.122ns (52.137%))
  Logic Levels:           0  
  Clock Path Skew:        0.116ns (DCD - SCD - CPR)
    Destination Clock Delay (DCD):    2.639ns
    Source Clock Delay      (SCD):    2.330ns
    Clock Pessimism Removal (CPR):    0.192ns
  Clock Net Delay (Source):      2.114ns (routing 0.955ns, distribution 1.159ns)
  Clock Net Delay (Destination): 2.372ns (routing 1.045ns, distribution 1.327ns)

    Location             Delay type                Incr(ns)  Path(ns)    Netlist Resource(s)
  -------------------------------------------------------------------    -------------------
                         (clock clk_pl_0 rise edge)
                                                      0.000     0.000 r  
    PS8_X0Y0             PS8                          0.000     0.000 r  my_softmax_i/zynq_ultra_ps_e_0/inst/PS8_i/PLCLK[0]
                         net (fo=1, routed)           0.181     0.181    my_softmax_i/zynq_ultra_ps_e_0/inst/pl_clk_unbuffered[0]
    BUFG_PS_X0Y80        BUFG_PS (Prop_BUFG_PS_I_O)
                                                      0.035     0.216 r  my_softmax_i/zynq_ultra_ps_e_0/inst/buffer_pl_clk_0.PL_CLK_0_BUFG/O
    X0Y1 (CLOCK_ROOT)    net (fo=19394, routed)       2.114     2.330    my_softmax_i/axi_dma_0/U0/I_AXI_DMA_REG_MODULE/GEN_AXI_LITE_IF.AXI_LITE_IF_I/s_axi_lite_aclk
    SLICE_X10Y92         FDRE                                         r  my_softmax_i/axi_dma_0/U0/I_AXI_DMA_REG_MODULE/GEN_AXI_LITE_IF.AXI_LITE_IF_I/wvalid_reg/C
  -------------------------------------------------------------------    -------------------
    SLICE_X10Y92         FDRE (Prop_EFF_SLICEM_C_Q)
                                                      0.112     2.442 r  my_softmax_i/axi_dma_0/U0/I_AXI_DMA_REG_MODULE/GEN_AXI_LITE_IF.AXI_LITE_IF_I/wvalid_reg/Q
                         net (fo=2, routed)           0.122     2.564    my_softmax_i/axi_dma_0/U0/I_AXI_DMA_REG_MODULE/GEN_AXI_LITE_IF.AXI_LITE_IF_I/wvalid
    SLICE_X8Y92          FDRE                                         r  my_softmax_i/axi_dma_0/U0/I_AXI_DMA_REG_MODULE/GEN_AXI_LITE_IF.AXI_LITE_IF_I/GEN_SYNC_WRITE.wvalid_d1_reg/D
  -------------------------------------------------------------------    -------------------

                         (clock clk_pl_0 rise edge)
                                                      0.000     0.000 r  
    PS8_X0Y0             PS8                          0.000     0.000 r  my_softmax_i/zynq_ultra_ps_e_0/inst/PS8_i/PLCLK[0]
                         net (fo=1, routed)           0.229     0.229    my_softmax_i/zynq_ultra_ps_e_0/inst/pl_clk_unbuffered[0]
    BUFG_PS_X0Y80        BUFG_PS (Prop_BUFG_PS_I_O)
                                                      0.038     0.267 r  my_softmax_i/zynq_ultra_ps_e_0/inst/buffer_pl_clk_0.PL_CLK_0_BUFG/O
    X0Y1 (CLOCK_ROOT)    net (fo=19394, routed)       2.372     2.639    my_softmax_i/axi_dma_0/U0/I_AXI_DMA_REG_MODULE/GEN_AXI_LITE_IF.AXI_LITE_IF_I/s_axi_lite_aclk
    SLICE_X8Y92          FDRE                                         r  my_softmax_i/axi_dma_0/U0/I_AXI_DMA_REG_MODULE/GEN_AXI_LITE_IF.AXI_LITE_IF_I/GEN_SYNC_WRITE.wvalid_d1_reg/C
                         clock pessimism             -0.192     2.446    
    SLICE_X8Y92          FDRE (Hold_EFF2_SLICEM_C_D)
                                                      0.102     2.548    my_softmax_i/axi_dma_0/U0/I_AXI_DMA_REG_MODULE/GEN_AXI_LITE_IF.AXI_LITE_IF_I/GEN_SYNC_WRITE.wvalid_d1_reg
  -------------------------------------------------------------------
                         required time                         -2.548    
                         arrival time                           2.564    
  -------------------------------------------------------------------
                         slack                                  0.016    

Slack (MET) :             0.016ns  (arrival time - required time)
  Source:                 my_softmax_i/axi_dma_0/U0/I_PRMRY_DATAMOVER/GEN_MM2S_FULL.I_MM2S_FULL_WRAPPER/I_CMD_STATUS/I_CMD_FIFO/USE_SINGLE_REG.sig_regfifo_dout_reg_reg[33]/C
                            (rising edge-triggered cell FDRE clocked by clk_pl_0  {rise@0.000ns fall@1.500ns period=3.000ns})
  Destination:            my_softmax_i/axi_dma_0/U0/I_PRMRY_DATAMOVER/GEN_MM2S_FULL.I_MM2S_FULL_WRAPPER/I_MSTR_PCC/sig_input_eof_reg_reg/D
                            (rising edge-triggered cell FDRE clocked by clk_pl_0  {rise@0.000ns fall@1.500ns period=3.000ns})
  Path Group:             clk_pl_0
  Path Type:              Hold (Min at Slow Process Corner)
  Requirement:            0.000ns  (clk_pl_0 rise@0.000ns - clk_pl_0 rise@0.000ns)
  Data Path Delay:        0.239ns  (logic 0.112ns (46.862%)  route 0.127ns (53.138%))
  Logic Levels:           0  
  Clock Path Skew:        0.121ns (DCD - SCD - CPR)
    Destination Clock Delay (DCD):    2.650ns
    Source Clock Delay      (SCD):    2.336ns
    Clock Pessimism Removal (CPR):    0.192ns
  Clock Net Delay (Source):      2.120ns (routing 0.955ns, distribution 1.165ns)
  Clock Net Delay (Destination): 2.383ns (routing 1.045ns, distribution 1.338ns)

    Location             Delay type                Incr(ns)  Path(ns)    Netlist Resource(s)
  -------------------------------------------------------------------    -------------------
                         (clock clk_pl_0 rise edge)
                                                      0.000     0.000 r  
    PS8_X0Y0             PS8                          0.000     0.000 r  my_softmax_i/zynq_ultra_ps_e_0/inst/PS8_i/PLCLK[0]
                         net (fo=1, routed)           0.181     0.181    my_softmax_i/zynq_ultra_ps_e_0/inst/pl_clk_unbuffered[0]
    BUFG_PS_X0Y80        BUFG_PS (Prop_BUFG_PS_I_O)
                                                      0.035     0.216 r  my_softmax_i/zynq_ultra_ps_e_0/inst/buffer_pl_clk_0.PL_CLK_0_BUFG/O
    X0Y1 (CLOCK_ROOT)    net (fo=19394, routed)       2.120     2.336    my_softmax_i/axi_dma_0/U0/I_PRMRY_DATAMOVER/GEN_MM2S_FULL.I_MM2S_FULL_WRAPPER/I_CMD_STATUS/I_CMD_FIFO/m_axi_mm2s_aclk
    SLICE_X7Y81          FDRE                                         r  my_softmax_i/axi_dma_0/U0/I_PRMRY_DATAMOVER/GEN_MM2S_FULL.I_MM2S_FULL_WRAPPER/I_CMD_STATUS/I_CMD_FIFO/USE_SINGLE_REG.sig_regfifo_dout_reg_reg[33]/C
  -------------------------------------------------------------------    -------------------
    SLICE_X7Y81          FDRE (Prop_GFF_SLICEM_C_Q)
                                                      0.112     2.448 r  my_softmax_i/axi_dma_0/U0/I_PRMRY_DATAMOVER/GEN_MM2S_FULL.I_MM2S_FULL_WRAPPER/I_CMD_STATUS/I_CMD_FIFO/USE_SINGLE_REG.sig_regfifo_dout_reg_reg[33]/Q
                         net (fo=1, routed)           0.127     2.575    my_softmax_i/axi_dma_0/U0/I_PRMRY_DATAMOVER/GEN_MM2S_FULL.I_MM2S_FULL_WRAPPER/I_MSTR_PCC/Q[24]
    SLICE_X6Y80          FDRE                                         r  my_softmax_i/axi_dma_0/U0/I_PRMRY_DATAMOVER/GEN_MM2S_FULL.I_MM2S_FULL_WRAPPER/I_MSTR_PCC/sig_input_eof_reg_reg/D
  -------------------------------------------------------------------    -------------------

                         (clock clk_pl_0 rise edge)
                                                      0.000     0.000 r  
    PS8_X0Y0             PS8                          0.000     0.000 r  my_softmax_i/zynq_ultra_ps_e_0/inst/PS8_i/PLCLK[0]
                         net (fo=1, routed)           0.229     0.229    my_softmax_i/zynq_ultra_ps_e_0/inst/pl_clk_unbuffered[0]
    BUFG_PS_X0Y80        BUFG_PS (Prop_BUFG_PS_I_O)
                                                      0.038     0.267 r  my_softmax_i/zynq_ultra_ps_e_0/inst/buffer_pl_clk_0.PL_CLK_0_BUFG/O
    X0Y1 (CLOCK_ROOT)    net (fo=19394, routed)       2.383     2.650    my_softmax_i/axi_dma_0/U0/I_PRMRY_DATAMOVER/GEN_MM2S_FULL.I_MM2S_FULL_WRAPPER/I_MSTR_PCC/m_axi_mm2s_aclk
    SLICE_X6Y80          FDRE                                         r  my_softmax_i/axi_dma_0/U0/I_PRMRY_DATAMOVER/GEN_MM2S_FULL.I_MM2S_FULL_WRAPPER/I_MSTR_PCC/sig_input_eof_reg_reg/C
                         clock pessimism             -0.192     2.458    
    SLICE_X6Y80          FDRE (Hold_EFF2_SLICEL_C_D)
                                                      0.102     2.560    my_softmax_i/axi_dma_0/U0/I_PRMRY_DATAMOVER/GEN_MM2S_FULL.I_MM2S_FULL_WRAPPER/I_MSTR_PCC/sig_input_eof_reg_reg
  -------------------------------------------------------------------
                         required time                         -2.560    
                         arrival time                           2.575    
  -------------------------------------------------------------------
                         slack                                  0.016    





Pulse Width Checks
--------------------------------------------------------------------------------------
Clock Name:         clk_pl_0
Waveform(ns):       { 0.000 1.500 }
Period(ns):         3.000
Sources:            { my_softmax_i/zynq_ultra_ps_e_0/inst/PS8_i/PLCLK[0] }

Check Type        Corner  Lib Pin             Reference Pin  Required(ns)  Actual(ns)  Slack(ns)  Location      Pin
Min Period        n/a     PS8/MAXIGP0ACLK     n/a            3.000         3.000       0.000      PS8_X0Y0      my_softmax_i/zynq_ultra_ps_e_0/inst/PS8_i/MAXIGP0ACLK
Min Period        n/a     PS8/SAXIGP2RCLK     n/a            3.000         3.000       0.000      PS8_X0Y0      my_softmax_i/zynq_ultra_ps_e_0/inst/PS8_i/SAXIGP2RCLK
Min Period        n/a     PS8/SAXIGP2WCLK     n/a            3.000         3.000       0.000      PS8_X0Y0      my_softmax_i/zynq_ultra_ps_e_0/inst/PS8_i/SAXIGP2WCLK
Min Period        n/a     RAMB36E2/CLKARDCLK  n/a            1.709         3.000       1.291      RAMB36_X0Y21  my_softmax_i/axi_dma_0/U0/I_PRMRY_DATAMOVER/GEN_MM2S_FULL.I_MM2S_FULL_WRAPPER/GEN_INCLUDE_MM2S_SF.I_RD_SF/I_DATA_FIFO/BLK_MEM.I_SYNC_FIFOGEN_FIFO/xpm_fifo_instance.xpm_fifo_sync_inst/xpm_fifo_base_inst/gen_sdpram.xpm_memory_base_inst/gen_wr_a.gen_word_narrow.mem_reg_bram_0/CLKARDCLK
Min Period        n/a     RAMB36E2/CLKBWRCLK  n/a            1.709         3.000       1.291      RAMB36_X0Y21  my_softmax_i/axi_dma_0/U0/I_PRMRY_DATAMOVER/GEN_MM2S_FULL.I_MM2S_FULL_WRAPPER/GEN_INCLUDE_MM2S_SF.I_RD_SF/I_DATA_FIFO/BLK_MEM.I_SYNC_FIFOGEN_FIFO/xpm_fifo_instance.xpm_fifo_sync_inst/xpm_fifo_base_inst/gen_sdpram.xpm_memory_base_inst/gen_wr_a.gen_word_narrow.mem_reg_bram_0/CLKBWRCLK
Min Period        n/a     RAMB36E2/CLKARDCLK  n/a            1.709         3.000       1.291      RAMB36_X0Y22  my_softmax_i/axi_dma_0/U0/I_PRMRY_DATAMOVER/GEN_MM2S_FULL.I_MM2S_FULL_WRAPPER/GEN_INCLUDE_MM2S_SF.I_RD_SF/I_DATA_FIFO/BLK_MEM.I_SYNC_FIFOGEN_FIFO/xpm_fifo_instance.xpm_fifo_sync_inst/xpm_fifo_base_inst/gen_sdpram.xpm_memory_base_inst/gen_wr_a.gen_word_narrow.mem_reg_bram_1/CLKARDCLK
Min Period        n/a     RAMB36E2/CLKBWRCLK  n/a            1.709         3.000       1.291      RAMB36_X0Y22  my_softmax_i/axi_dma_0/U0/I_PRMRY_DATAMOVER/GEN_MM2S_FULL.I_MM2S_FULL_WRAPPER/GEN_INCLUDE_MM2S_SF.I_RD_SF/I_DATA_FIFO/BLK_MEM.I_SYNC_FIFOGEN_FIFO/xpm_fifo_instance.xpm_fifo_sync_inst/xpm_fifo_base_inst/gen_sdpram.xpm_memory_base_inst/gen_wr_a.gen_word_narrow.mem_reg_bram_1/CLKBWRCLK
Min Period        n/a     RAMB36E2/CLKARDCLK  n/a            1.709         3.000       1.291      RAMB36_X0Y19  my_softmax_i/axi_dma_0/U0/I_PRMRY_DATAMOVER/GEN_MM2S_FULL.I_MM2S_FULL_WRAPPER/GEN_INCLUDE_MM2S_SF.I_RD_SF/I_DATA_FIFO/BLK_MEM.I_SYNC_FIFOGEN_FIFO/xpm_fifo_instance.xpm_fifo_sync_inst/xpm_fifo_base_inst/gen_sdpram.xpm_memory_base_inst/gen_wr_a.gen_word_narrow.mem_reg_bram_2/CLKARDCLK
Min Period        n/a     RAMB36E2/CLKBWRCLK  n/a            1.709         3.000       1.291      RAMB36_X0Y19  my_softmax_i/axi_dma_0/U0/I_PRMRY_DATAMOVER/GEN_MM2S_FULL.I_MM2S_FULL_WRAPPER/GEN_INCLUDE_MM2S_SF.I_RD_SF/I_DATA_FIFO/BLK_MEM.I_SYNC_FIFOGEN_FIFO/xpm_fifo_instance.xpm_fifo_sync_inst/xpm_fifo_base_inst/gen_sdpram.xpm_memory_base_inst/gen_wr_a.gen_word_narrow.mem_reg_bram_2/CLKBWRCLK
Min Period        n/a     RAMB36E2/CLKARDCLK  n/a            1.709         3.000       1.291      RAMB36_X0Y20  my_softmax_i/axi_dma_0/U0/I_PRMRY_DATAMOVER/GEN_MM2S_FULL.I_MM2S_FULL_WRAPPER/GEN_INCLUDE_MM2S_SF.I_RD_SF/I_DATA_FIFO/BLK_MEM.I_SYNC_FIFOGEN_FIFO/xpm_fifo_instance.xpm_fifo_sync_inst/xpm_fifo_base_inst/gen_sdpram.xpm_memory_base_inst/gen_wr_a.gen_word_narrow.mem_reg_bram_3/CLKARDCLK
Low Pulse Width   Slow    PS8/MAXIGP0ACLK     n/a            1.500         1.500       0.000      PS8_X0Y0      my_softmax_i/zynq_ultra_ps_e_0/inst/PS8_i/MAXIGP0ACLK
Low Pulse Width   Fast    PS8/MAXIGP0ACLK     n/a            1.500         1.500       0.000      PS8_X0Y0      my_softmax_i/zynq_ultra_ps_e_0/inst/PS8_i/MAXIGP0ACLK
Low Pulse Width   Slow    PS8/SAXIGP2RCLK     n/a            1.500         1.500       0.000      PS8_X0Y0      my_softmax_i/zynq_ultra_ps_e_0/inst/PS8_i/SAXIGP2RCLK
Low Pulse Width   Fast    PS8/SAXIGP2RCLK     n/a            1.500         1.500       0.000      PS8_X0Y0      my_softmax_i/zynq_ultra_ps_e_0/inst/PS8_i/SAXIGP2RCLK
Low Pulse Width   Slow    PS8/SAXIGP2WCLK     n/a            1.500         1.500       0.000      PS8_X0Y0      my_softmax_i/zynq_ultra_ps_e_0/inst/PS8_i/SAXIGP2WCLK
Low Pulse Width   Fast    PS8/SAXIGP2WCLK     n/a            1.500         1.500       0.000      PS8_X0Y0      my_softmax_i/zynq_ultra_ps_e_0/inst/PS8_i/SAXIGP2WCLK
Low Pulse Width   Slow    SRL16E/CLK          n/a            0.762         1.500       0.738      SLICE_X5Y69   my_softmax_i/axi_dma_0/U0/I_PRMRY_DATAMOVER/GEN_MM2S_FULL.I_MM2S_FULL_WRAPPER/I_ADDR_CNTL/GEN_ADDR_FIFO.I_ADDR_QUAL_FIFO/USE_SRL_FIFO.I_SYNC_FIFO/I_SRL_FIFO_RBU_F/DYNSHREG_F_I/INFERRED_GEN.data_reg[3][11]_srl4/CLK
Low Pulse Width   Fast    SRL16E/CLK          n/a            0.762         1.500       0.738      SLICE_X5Y69   my_softmax_i/axi_dma_0/U0/I_PRMRY_DATAMOVER/GEN_MM2S_FULL.I_MM2S_FULL_WRAPPER/I_ADDR_CNTL/GEN_ADDR_FIFO.I_ADDR_QUAL_FIFO/USE_SRL_FIFO.I_SYNC_FIFO/I_SRL_FIFO_RBU_F/DYNSHREG_F_I/INFERRED_GEN.data_reg[3][11]_srl4/CLK
Low Pulse Width   Slow    SRL16E/CLK          n/a            0.762         1.500       0.738      SLICE_X5Y69   my_softmax_i/axi_dma_0/U0/I_PRMRY_DATAMOVER/GEN_MM2S_FULL.I_MM2S_FULL_WRAPPER/I_ADDR_CNTL/GEN_ADDR_FIFO.I_ADDR_QUAL_FIFO/USE_SRL_FIFO.I_SYNC_FIFO/I_SRL_FIFO_RBU_F/DYNSHREG_F_I/INFERRED_GEN.data_reg[3][12]_srl4/CLK
Low Pulse Width   Fast    SRL16E/CLK          n/a            0.762         1.500       0.738      SLICE_X5Y69   my_softmax_i/axi_dma_0/U0/I_PRMRY_DATAMOVER/GEN_MM2S_FULL.I_MM2S_FULL_WRAPPER/I_ADDR_CNTL/GEN_ADDR_FIFO.I_ADDR_QUAL_FIFO/USE_SRL_FIFO.I_SYNC_FIFO/I_SRL_FIFO_RBU_F/DYNSHREG_F_I/INFERRED_GEN.data_reg[3][12]_srl4/CLK
High Pulse Width  Slow    PS8/MAXIGP0ACLK     n/a            1.500         1.500       0.000      PS8_X0Y0      my_softmax_i/zynq_ultra_ps_e_0/inst/PS8_i/MAXIGP0ACLK
High Pulse Width  Fast    PS8/MAXIGP0ACLK     n/a            1.500         1.500       0.000      PS8_X0Y0      my_softmax_i/zynq_ultra_ps_e_0/inst/PS8_i/MAXIGP0ACLK
High Pulse Width  Slow    PS8/SAXIGP2RCLK     n/a            1.500         1.500       0.000      PS8_X0Y0      my_softmax_i/zynq_ultra_ps_e_0/inst/PS8_i/SAXIGP2RCLK
High Pulse Width  Fast    PS8/SAXIGP2RCLK     n/a            1.500         1.500       0.000      PS8_X0Y0      my_softmax_i/zynq_ultra_ps_e_0/inst/PS8_i/SAXIGP2RCLK
High Pulse Width  Slow    PS8/SAXIGP2WCLK     n/a            1.500         1.500       0.000      PS8_X0Y0      my_softmax_i/zynq_ultra_ps_e_0/inst/PS8_i/SAXIGP2WCLK
High Pulse Width  Fast    PS8/SAXIGP2WCLK     n/a            1.500         1.500       0.000      PS8_X0Y0      my_softmax_i/zynq_ultra_ps_e_0/inst/PS8_i/SAXIGP2WCLK
High Pulse Width  Slow    SRL16E/CLK          n/a            0.762         1.500       0.738      SLICE_X5Y69   my_softmax_i/axi_dma_0/U0/I_PRMRY_DATAMOVER/GEN_MM2S_FULL.I_MM2S_FULL_WRAPPER/I_ADDR_CNTL/GEN_ADDR_FIFO.I_ADDR_QUAL_FIFO/USE_SRL_FIFO.I_SYNC_FIFO/I_SRL_FIFO_RBU_F/DYNSHREG_F_I/INFERRED_GEN.data_reg[3][11]_srl4/CLK
High Pulse Width  Fast    SRL16E/CLK          n/a            0.762         1.500       0.738      SLICE_X5Y69   my_softmax_i/axi_dma_0/U0/I_PRMRY_DATAMOVER/GEN_MM2S_FULL.I_MM2S_FULL_WRAPPER/I_ADDR_CNTL/GEN_ADDR_FIFO.I_ADDR_QUAL_FIFO/USE_SRL_FIFO.I_SYNC_FIFO/I_SRL_FIFO_RBU_F/DYNSHREG_F_I/INFERRED_GEN.data_reg[3][11]_srl4/CLK
High Pulse Width  Slow    SRL16E/CLK          n/a            0.762         1.500       0.738      SLICE_X5Y69   my_softmax_i/axi_dma_0/U0/I_PRMRY_DATAMOVER/GEN_MM2S_FULL.I_MM2S_FULL_WRAPPER/I_ADDR_CNTL/GEN_ADDR_FIFO.I_ADDR_QUAL_FIFO/USE_SRL_FIFO.I_SYNC_FIFO/I_SRL_FIFO_RBU_F/DYNSHREG_F_I/INFERRED_GEN.data_reg[3][12]_srl4/CLK
High Pulse Width  Fast    SRL16E/CLK          n/a            0.762         1.500       0.738      SLICE_X5Y69   my_softmax_i/axi_dma_0/U0/I_PRMRY_DATAMOVER/GEN_MM2S_FULL.I_MM2S_FULL_WRAPPER/I_ADDR_CNTL/GEN_ADDR_FIFO.I_ADDR_QUAL_FIFO/USE_SRL_FIFO.I_SYNC_FIFO/I_SRL_FIFO_RBU_F/DYNSHREG_F_I/INFERRED_GEN.data_reg[3][12]_srl4/CLK



--------------------------------------------------------------------------------------
Path Group:  (none)
From Clock:  
  To Clock:  clk_pl_0

Max Delay             1 Endpoint
Min Delay             1 Endpoint
--------------------------------------------------------------------------------------


Max Delay Paths
--------------------------------------------------------------------------------------
Slack:                    inf
  Source:                 my_softmax_i/zynq_ultra_ps_e_0/inst/PS8_i/EMIOGPIOO[95]
                            (internal pin)
  Destination:            my_softmax_i/rst_ps8_0_333M/U0/EXT_LPF/ACTIVE_LOW_EXT.ACT_LO_EXT/GENERATE_LEVEL_P_S_CDC.SINGLE_BIT.CROSS_PLEVEL_IN2SCNDRY_IN_cdc_to/D
                            (rising edge-triggered cell FDRE clocked by clk_pl_0  {rise@0.000ns fall@1.500ns period=3.000ns})
  Path Group:             (none)
  Path Type:              Setup (Max at Slow Process Corner)
  Data Path Delay:        1.754ns  (logic 0.228ns (12.999%)  route 1.526ns (87.001%))
  Logic Levels:           1  (LUT1=1)
  Clock Uncertainty:      0.111ns  ((TSJ^2 + DJ^2)^1/2) / 2 + PE
    Total System Jitter     (TSJ):    0.050ns
    Discrete Jitter          (DJ):    0.217ns
    Phase Error              (PE):    0.000ns
  Clock Net Delay (Destination): 2.154ns (routing 0.955ns, distribution 1.199ns)
  Timing Exception:       False Path

    Location             Delay type                Incr(ns)  Path(ns)    Netlist Resource(s)
  -------------------------------------------------------------------    -------------------
    PS8_X0Y0             PS8                          0.000     0.000 f  my_softmax_i/zynq_ultra_ps_e_0/inst/PS8_i/EMIOGPIOO[95]
                         net (fo=1, routed)           1.289     1.289    my_softmax_i/rst_ps8_0_333M/U0/EXT_LPF/ACTIVE_LOW_EXT.ACT_LO_EXT/ext_reset_in
    SLICE_X1Y147         LUT1 (Prop_H6LUT_SLICEM_I0_O)
                                                      0.228     1.517 r  my_softmax_i/rst_ps8_0_333M/U0/EXT_LPF/ACTIVE_LOW_EXT.ACT_LO_EXT/GENERATE_LEVEL_P_S_CDC.SINGLE_BIT.CROSS_PLEVEL_IN2SCNDRY_IN_cdc_to_i_1/O
                         net (fo=1, routed)           0.237     1.754    my_softmax_i/rst_ps8_0_333M/U0/EXT_LPF/ACTIVE_LOW_EXT.ACT_LO_EXT/exr_d1
    SLICE_X1Y147         FDRE                                         r  my_softmax_i/rst_ps8_0_333M/U0/EXT_LPF/ACTIVE_LOW_EXT.ACT_LO_EXT/GENERATE_LEVEL_P_S_CDC.SINGLE_BIT.CROSS_PLEVEL_IN2SCNDRY_IN_cdc_to/D
  -------------------------------------------------------------------    -------------------

                         (clock clk_pl_0 rise edge)
                                                      0.000     0.000 r  
    PS8_X0Y0             PS8                          0.000     0.000 r  my_softmax_i/zynq_ultra_ps_e_0/inst/PS8_i/PLCLK[0]
                         net (fo=1, routed)           0.181     0.181    my_softmax_i/zynq_ultra_ps_e_0/inst/pl_clk_unbuffered[0]
    BUFG_PS_X0Y80        BUFG_PS (Prop_BUFG_PS_I_O)
                                                      0.035     0.216 r  my_softmax_i/zynq_ultra_ps_e_0/inst/buffer_pl_clk_0.PL_CLK_0_BUFG/O
    X0Y1 (CLOCK_ROOT)    net (fo=19394, routed)       2.154     2.370    my_softmax_i/rst_ps8_0_333M/U0/EXT_LPF/ACTIVE_LOW_EXT.ACT_LO_EXT/slowest_sync_clk
    SLICE_X1Y147         FDRE                                         r  my_softmax_i/rst_ps8_0_333M/U0/EXT_LPF/ACTIVE_LOW_EXT.ACT_LO_EXT/GENERATE_LEVEL_P_S_CDC.SINGLE_BIT.CROSS_PLEVEL_IN2SCNDRY_IN_cdc_to/C





Min Delay Paths
--------------------------------------------------------------------------------------
Slack:                    inf
  Source:                 my_softmax_i/zynq_ultra_ps_e_0/inst/PS8_i/EMIOGPIOO[95]
                            (internal pin)
  Destination:            my_softmax_i/rst_ps8_0_333M/U0/EXT_LPF/ACTIVE_LOW_EXT.ACT_LO_EXT/GENERATE_LEVEL_P_S_CDC.SINGLE_BIT.CROSS_PLEVEL_IN2SCNDRY_IN_cdc_to/D
                            (rising edge-triggered cell FDRE clocked by clk_pl_0  {rise@0.000ns fall@1.500ns period=3.000ns})
  Path Group:             (none)
  Path Type:              Hold (Min at Fast Process Corner)
  Data Path Delay:        0.672ns  (logic 0.106ns (15.774%)  route 0.566ns (84.226%))
  Logic Levels:           1  (LUT1=1)
  Clock Uncertainty:      0.111ns  ((TSJ^2 + DJ^2)^1/2) / 2 + PE
    Total System Jitter     (TSJ):    0.050ns
    Discrete Jitter          (DJ):    0.217ns
    Phase Error              (PE):    0.000ns
  Clock Net Delay (Destination): 1.425ns (routing 0.623ns, distribution 0.802ns)
  Timing Exception:       False Path

    Location             Delay type                Incr(ns)  Path(ns)    Netlist Resource(s)
  -------------------------------------------------------------------    -------------------
    PS8_X0Y0             PS8                          0.000     0.000 f  my_softmax_i/zynq_ultra_ps_e_0/inst/PS8_i/EMIOGPIOO[95]
                         net (fo=1, routed)           0.500     0.500    my_softmax_i/rst_ps8_0_333M/U0/EXT_LPF/ACTIVE_LOW_EXT.ACT_LO_EXT/ext_reset_in
    SLICE_X1Y147         LUT1 (Prop_H6LUT_SLICEM_I0_O)
                                                      0.106     0.606 r  my_softmax_i/rst_ps8_0_333M/U0/EXT_LPF/ACTIVE_LOW_EXT.ACT_LO_EXT/GENERATE_LEVEL_P_S_CDC.SINGLE_BIT.CROSS_PLEVEL_IN2SCNDRY_IN_cdc_to_i_1/O
                         net (fo=1, routed)           0.066     0.672    my_softmax_i/rst_ps8_0_333M/U0/EXT_LPF/ACTIVE_LOW_EXT.ACT_LO_EXT/exr_d1
    SLICE_X1Y147         FDRE                                         r  my_softmax_i/rst_ps8_0_333M/U0/EXT_LPF/ACTIVE_LOW_EXT.ACT_LO_EXT/GENERATE_LEVEL_P_S_CDC.SINGLE_BIT.CROSS_PLEVEL_IN2SCNDRY_IN_cdc_to/D
  -------------------------------------------------------------------    -------------------

                         (clock clk_pl_0 rise edge)
                                                      0.000     0.000 r  
    PS8_X0Y0             PS8                          0.000     0.000 r  my_softmax_i/zynq_ultra_ps_e_0/inst/PS8_i/PLCLK[0]
                         net (fo=1, routed)           0.164     0.164    my_softmax_i/zynq_ultra_ps_e_0/inst/pl_clk_unbuffered[0]
    BUFG_PS_X0Y80        BUFG_PS (Prop_BUFG_PS_I_O)
                                                      0.023     0.187 r  my_softmax_i/zynq_ultra_ps_e_0/inst/buffer_pl_clk_0.PL_CLK_0_BUFG/O
    X0Y1 (CLOCK_ROOT)    net (fo=19394, routed)       1.425     1.612    my_softmax_i/rst_ps8_0_333M/U0/EXT_LPF/ACTIVE_LOW_EXT.ACT_LO_EXT/slowest_sync_clk
    SLICE_X1Y147         FDRE                                         r  my_softmax_i/rst_ps8_0_333M/U0/EXT_LPF/ACTIVE_LOW_EXT.ACT_LO_EXT/GENERATE_LEVEL_P_S_CDC.SINGLE_BIT.CROSS_PLEVEL_IN2SCNDRY_IN_cdc_to/C





--------------------------------------------------------------------------------------
Path Group:  (none)
From Clock:  clk_pl_0
  To Clock:  clk_pl_0

Max Delay           130 Endpoints
Min Delay           130 Endpoints
--------------------------------------------------------------------------------------


Max Delay Paths
--------------------------------------------------------------------------------------
Slack:                    inf
  Source:                 my_softmax_i/rst_ps8_0_333M/U0/ACTIVE_LOW_PR_OUT_DFF[0].FDRE_PER_N/C
                            (rising edge-triggered cell FDRE clocked by clk_pl_0  {rise@0.000ns fall@1.500ns period=3.000ns})
  Destination:            my_softmax_i/axi_dma_0/U0/I_RST_MODULE/REG_HRD_RST/GENERATE_LEVEL_P_S_CDC.SINGLE_BIT.CROSS_PLEVEL_IN2SCNDRY_IN_cdc_to/D
                            (rising edge-triggered cell FDRE clocked by clk_pl_0  {rise@0.000ns fall@1.500ns period=3.000ns})
  Path Group:             (none)
  Path Type:              Setup (Max at Slow Process Corner)
  Data Path Delay:        1.743ns  (logic 0.118ns (6.771%)  route 1.625ns (93.229%))
  Logic Levels:           0  
  Clock Path Skew:        -0.288ns (DCD - SCD + CPR)
    Destination Clock Delay (DCD):    2.410ns
    Source Clock Delay      (SCD):    2.697ns
    Clock Pessimism Removal (CPR):    0.000ns
  Clock Uncertainty:      0.114ns  ((TSJ^2 + DJ^2)^1/2) / 2 + PE
    Total System Jitter     (TSJ):    0.071ns
    Discrete Jitter          (DJ):    0.217ns
    Phase Error              (PE):    0.000ns
  Clock Net Delay (Source):      2.430ns (routing 1.045ns, distribution 1.385ns)
  Clock Net Delay (Destination): 2.194ns (routing 0.955ns, distribution 1.239ns)
  Timing Exception:       False Path

    Location             Delay type                Incr(ns)  Path(ns)    Netlist Resource(s)
  -------------------------------------------------------------------    -------------------
                         (clock clk_pl_0 rise edge)
                                                      0.000     0.000 r  
    PS8_X0Y0             PS8                          0.000     0.000 r  my_softmax_i/zynq_ultra_ps_e_0/inst/PS8_i/PLCLK[0]
                         net (fo=1, routed)           0.229     0.229    my_softmax_i/zynq_ultra_ps_e_0/inst/pl_clk_unbuffered[0]
    BUFG_PS_X0Y80        BUFG_PS (Prop_BUFG_PS_I_O)
                                                      0.038     0.267 r  my_softmax_i/zynq_ultra_ps_e_0/inst/buffer_pl_clk_0.PL_CLK_0_BUFG/O
    X0Y1 (CLOCK_ROOT)    net (fo=19394, routed)       2.430     2.697    my_softmax_i/rst_ps8_0_333M/U0/slowest_sync_clk
    SLICE_X1Y131         FDRE                                         r  my_softmax_i/rst_ps8_0_333M/U0/ACTIVE_LOW_PR_OUT_DFF[0].FDRE_PER_N/C
  -------------------------------------------------------------------    -------------------
    SLICE_X1Y131         FDRE (Prop_EFF2_SLICEM_C_Q)
                                                      0.118     2.815 r  my_softmax_i/rst_ps8_0_333M/U0/ACTIVE_LOW_PR_OUT_DFF[0].FDRE_PER_N/Q
                         net (fo=112, routed)         1.625     4.440    my_softmax_i/axi_dma_0/U0/I_RST_MODULE/REG_HRD_RST/axi_resetn
    SLICE_X21Y77         FDRE                                         r  my_softmax_i/axi_dma_0/U0/I_RST_MODULE/REG_HRD_RST/GENERATE_LEVEL_P_S_CDC.SINGLE_BIT.CROSS_PLEVEL_IN2SCNDRY_IN_cdc_to/D
  -------------------------------------------------------------------    -------------------

                         (clock clk_pl_0 rise edge)
                                                      0.000     0.000 r  
    PS8_X0Y0             PS8                          0.000     0.000 r  my_softmax_i/zynq_ultra_ps_e_0/inst/PS8_i/PLCLK[0]
                         net (fo=1, routed)           0.181     0.181    my_softmax_i/zynq_ultra_ps_e_0/inst/pl_clk_unbuffered[0]
    BUFG_PS_X0Y80        BUFG_PS (Prop_BUFG_PS_I_O)
                                                      0.035     0.216 r  my_softmax_i/zynq_ultra_ps_e_0/inst/buffer_pl_clk_0.PL_CLK_0_BUFG/O
    X0Y1 (CLOCK_ROOT)    net (fo=19394, routed)       2.194     2.410    my_softmax_i/axi_dma_0/U0/I_RST_MODULE/REG_HRD_RST/s_axi_lite_aclk
    SLICE_X21Y77         FDRE                                         r  my_softmax_i/axi_dma_0/U0/I_RST_MODULE/REG_HRD_RST/GENERATE_LEVEL_P_S_CDC.SINGLE_BIT.CROSS_PLEVEL_IN2SCNDRY_IN_cdc_to/C

Slack:                    inf
  Source:                 my_softmax_i/axi_smc/inst/clk_map/psr_aclk/U0/ACTIVE_LOW_BSR_OUT_DFF[0].FDRE_BSR_N/C
                            (rising edge-triggered cell FDRE clocked by clk_pl_0  {rise@0.000ns fall@1.500ns period=3.000ns})
  Destination:            <hidden>
                            (recovery check against rising-edge clock clk_pl_0  {rise@0.000ns fall@1.500ns period=3.000ns})
  Path Group:             (none)
  Path Type:              Recovery (Max at Slow Process Corner)
  Data Path Delay:        1.703ns  (logic 0.114ns (6.696%)  route 1.589ns (93.304%))
  Logic Levels:           0  
  Clock Path Skew:        -0.305ns (DCD - SCD + CPR)
    Destination Clock Delay (DCD):    2.377ns
    Source Clock Delay      (SCD):    2.682ns
    Clock Pessimism Removal (CPR):    0.000ns
  Clock Uncertainty:      0.114ns  ((TSJ^2 + DJ^2)^1/2) / 2 + PE
    Total System Jitter     (TSJ):    0.071ns
    Discrete Jitter          (DJ):    0.217ns
    Phase Error              (PE):    0.000ns
  Clock Net Delay (Source):      2.415ns (routing 1.045ns, distribution 1.370ns)
  Clock Net Delay (Destination): 2.161ns (routing 0.955ns, distribution 1.206ns)
  Timing Exception:       False Path

    Location             Delay type                Incr(ns)  Path(ns)    Netlist Resource(s)
  -------------------------------------------------------------------    -------------------
                         (clock clk_pl_0 rise edge)
                                                      0.000     0.000 r  
    PS8_X0Y0             PS8                          0.000     0.000 r  my_softmax_i/zynq_ultra_ps_e_0/inst/PS8_i/PLCLK[0]
                         net (fo=1, routed)           0.229     0.229    my_softmax_i/zynq_ultra_ps_e_0/inst/pl_clk_unbuffered[0]
    BUFG_PS_X0Y80        BUFG_PS (Prop_BUFG_PS_I_O)
                                                      0.038     0.267 r  my_softmax_i/zynq_ultra_ps_e_0/inst/buffer_pl_clk_0.PL_CLK_0_BUFG/O
    X0Y1 (CLOCK_ROOT)    net (fo=19394, routed)       2.415     2.682    my_softmax_i/axi_smc/inst/clk_map/psr_aclk/U0/aclk
    SLICE_X1Y130         FDRE                                         r  my_softmax_i/axi_smc/inst/clk_map/psr_aclk/U0/ACTIVE_LOW_BSR_OUT_DFF[0].FDRE_BSR_N/C
  -------------------------------------------------------------------    -------------------
    SLICE_X1Y130         FDRE (Prop_HFF_SLICEM_C_Q)
                                                      0.114     2.796 r  my_softmax_i/axi_smc/inst/clk_map/psr_aclk/U0/ACTIVE_LOW_BSR_OUT_DFF[0].FDRE_BSR_N/Q
                         net (fo=75, routed)          1.589     4.385    <hidden>
    SLICE_X16Y95         FDCE                                         f  <hidden>  (IS_INVERTED)
  -------------------------------------------------------------------    -------------------

                         (clock clk_pl_0 rise edge)
                                                      0.000     0.000 r  
    PS8_X0Y0             PS8                          0.000     0.000 r  my_softmax_i/zynq_ultra_ps_e_0/inst/PS8_i/PLCLK[0]
                         net (fo=1, routed)           0.181     0.181    my_softmax_i/zynq_ultra_ps_e_0/inst/pl_clk_unbuffered[0]
    BUFG_PS_X0Y80        BUFG_PS (Prop_BUFG_PS_I_O)
                                                      0.035     0.216 r  my_softmax_i/zynq_ultra_ps_e_0/inst/buffer_pl_clk_0.PL_CLK_0_BUFG/O
    X0Y1 (CLOCK_ROOT)    net (fo=19394, routed)       2.161     2.377    <hidden>
    SLICE_X16Y95         FDCE                                         r  <hidden>

Slack:                    inf
  Source:                 my_softmax_i/axi_smc/inst/clk_map/psr_aclk/U0/ACTIVE_LOW_BSR_OUT_DFF[0].FDRE_BSR_N/C
                            (rising edge-triggered cell FDRE clocked by clk_pl_0  {rise@0.000ns fall@1.500ns period=3.000ns})
  Destination:            <hidden>
                            (recovery check against rising-edge clock clk_pl_0  {rise@0.000ns fall@1.500ns period=3.000ns})
  Path Group:             (none)
  Path Type:              Recovery (Max at Slow Process Corner)
  Data Path Delay:        1.703ns  (logic 0.114ns (6.696%)  route 1.589ns (93.304%))
  Logic Levels:           0  
  Clock Path Skew:        -0.305ns (DCD - SCD + CPR)
    Destination Clock Delay (DCD):    2.377ns
    Source Clock Delay      (SCD):    2.682ns
    Clock Pessimism Removal (CPR):    0.000ns
  Clock Uncertainty:      0.114ns  ((TSJ^2 + DJ^2)^1/2) / 2 + PE
    Total System Jitter     (TSJ):    0.071ns
    Discrete Jitter          (DJ):    0.217ns
    Phase Error              (PE):    0.000ns
  Clock Net Delay (Source):      2.415ns (routing 1.045ns, distribution 1.370ns)
  Clock Net Delay (Destination): 2.161ns (routing 0.955ns, distribution 1.206ns)
  Timing Exception:       False Path

    Location             Delay type                Incr(ns)  Path(ns)    Netlist Resource(s)
  -------------------------------------------------------------------    -------------------
                         (clock clk_pl_0 rise edge)
                                                      0.000     0.000 r  
    PS8_X0Y0             PS8                          0.000     0.000 r  my_softmax_i/zynq_ultra_ps_e_0/inst/PS8_i/PLCLK[0]
                         net (fo=1, routed)           0.229     0.229    my_softmax_i/zynq_ultra_ps_e_0/inst/pl_clk_unbuffered[0]
    BUFG_PS_X0Y80        BUFG_PS (Prop_BUFG_PS_I_O)
                                                      0.038     0.267 r  my_softmax_i/zynq_ultra_ps_e_0/inst/buffer_pl_clk_0.PL_CLK_0_BUFG/O
    X0Y1 (CLOCK_ROOT)    net (fo=19394, routed)       2.415     2.682    my_softmax_i/axi_smc/inst/clk_map/psr_aclk/U0/aclk
    SLICE_X1Y130         FDRE                                         r  my_softmax_i/axi_smc/inst/clk_map/psr_aclk/U0/ACTIVE_LOW_BSR_OUT_DFF[0].FDRE_BSR_N/C
  -------------------------------------------------------------------    -------------------
    SLICE_X1Y130         FDRE (Prop_HFF_SLICEM_C_Q)
                                                      0.114     2.796 r  my_softmax_i/axi_smc/inst/clk_map/psr_aclk/U0/ACTIVE_LOW_BSR_OUT_DFF[0].FDRE_BSR_N/Q
                         net (fo=75, routed)          1.589     4.385    <hidden>
    SLICE_X16Y95         FDCE                                         f  <hidden>  (IS_INVERTED)
  -------------------------------------------------------------------    -------------------

                         (clock clk_pl_0 rise edge)
                                                      0.000     0.000 r  
    PS8_X0Y0             PS8                          0.000     0.000 r  my_softmax_i/zynq_ultra_ps_e_0/inst/PS8_i/PLCLK[0]
                         net (fo=1, routed)           0.181     0.181    my_softmax_i/zynq_ultra_ps_e_0/inst/pl_clk_unbuffered[0]
    BUFG_PS_X0Y80        BUFG_PS (Prop_BUFG_PS_I_O)
                                                      0.035     0.216 r  my_softmax_i/zynq_ultra_ps_e_0/inst/buffer_pl_clk_0.PL_CLK_0_BUFG/O
    X0Y1 (CLOCK_ROOT)    net (fo=19394, routed)       2.161     2.377    <hidden>
    SLICE_X16Y95         FDCE                                         r  <hidden>

Slack:                    inf
  Source:                 my_softmax_i/axi_smc/inst/clk_map/psr_aclk/U0/ACTIVE_LOW_BSR_OUT_DFF[0].FDRE_BSR_N/C
                            (rising edge-triggered cell FDRE clocked by clk_pl_0  {rise@0.000ns fall@1.500ns period=3.000ns})
  Destination:            <hidden>
                            (recovery check against rising-edge clock clk_pl_0  {rise@0.000ns fall@1.500ns period=3.000ns})
  Path Group:             (none)
  Path Type:              Recovery (Max at Slow Process Corner)
  Data Path Delay:        1.703ns  (logic 0.114ns (6.696%)  route 1.589ns (93.304%))
  Logic Levels:           0  
  Clock Path Skew:        -0.305ns (DCD - SCD + CPR)
    Destination Clock Delay (DCD):    2.377ns
    Source Clock Delay      (SCD):    2.682ns
    Clock Pessimism Removal (CPR):    0.000ns
  Clock Uncertainty:      0.114ns  ((TSJ^2 + DJ^2)^1/2) / 2 + PE
    Total System Jitter     (TSJ):    0.071ns
    Discrete Jitter          (DJ):    0.217ns
    Phase Error              (PE):    0.000ns
  Clock Net Delay (Source):      2.415ns (routing 1.045ns, distribution 1.370ns)
  Clock Net Delay (Destination): 2.161ns (routing 0.955ns, distribution 1.206ns)
  Timing Exception:       False Path

    Location             Delay type                Incr(ns)  Path(ns)    Netlist Resource(s)
  -------------------------------------------------------------------    -------------------
                         (clock clk_pl_0 rise edge)
                                                      0.000     0.000 r  
    PS8_X0Y0             PS8                          0.000     0.000 r  my_softmax_i/zynq_ultra_ps_e_0/inst/PS8_i/PLCLK[0]
                         net (fo=1, routed)           0.229     0.229    my_softmax_i/zynq_ultra_ps_e_0/inst/pl_clk_unbuffered[0]
    BUFG_PS_X0Y80        BUFG_PS (Prop_BUFG_PS_I_O)
                                                      0.038     0.267 r  my_softmax_i/zynq_ultra_ps_e_0/inst/buffer_pl_clk_0.PL_CLK_0_BUFG/O
    X0Y1 (CLOCK_ROOT)    net (fo=19394, routed)       2.415     2.682    my_softmax_i/axi_smc/inst/clk_map/psr_aclk/U0/aclk
    SLICE_X1Y130         FDRE                                         r  my_softmax_i/axi_smc/inst/clk_map/psr_aclk/U0/ACTIVE_LOW_BSR_OUT_DFF[0].FDRE_BSR_N/C
  -------------------------------------------------------------------    -------------------
    SLICE_X1Y130         FDRE (Prop_HFF_SLICEM_C_Q)
                                                      0.114     2.796 r  my_softmax_i/axi_smc/inst/clk_map/psr_aclk/U0/ACTIVE_LOW_BSR_OUT_DFF[0].FDRE_BSR_N/Q
                         net (fo=75, routed)          1.589     4.385    <hidden>
    SLICE_X16Y95         FDCE                                         f  <hidden>  (IS_INVERTED)
  -------------------------------------------------------------------    -------------------

                         (clock clk_pl_0 rise edge)
                                                      0.000     0.000 r  
    PS8_X0Y0             PS8                          0.000     0.000 r  my_softmax_i/zynq_ultra_ps_e_0/inst/PS8_i/PLCLK[0]
                         net (fo=1, routed)           0.181     0.181    my_softmax_i/zynq_ultra_ps_e_0/inst/pl_clk_unbuffered[0]
    BUFG_PS_X0Y80        BUFG_PS (Prop_BUFG_PS_I_O)
                                                      0.035     0.216 r  my_softmax_i/zynq_ultra_ps_e_0/inst/buffer_pl_clk_0.PL_CLK_0_BUFG/O
    X0Y1 (CLOCK_ROOT)    net (fo=19394, routed)       2.161     2.377    <hidden>
    SLICE_X16Y95         FDCE                                         r  <hidden>

Slack:                    inf
  Source:                 my_softmax_i/axi_smc/inst/clk_map/psr_aclk/U0/ACTIVE_LOW_BSR_OUT_DFF[0].FDRE_BSR_N/C
                            (rising edge-triggered cell FDRE clocked by clk_pl_0  {rise@0.000ns fall@1.500ns period=3.000ns})
  Destination:            <hidden>
                            (recovery check against rising-edge clock clk_pl_0  {rise@0.000ns fall@1.500ns period=3.000ns})
  Path Group:             (none)
  Path Type:              Recovery (Max at Slow Process Corner)
  Data Path Delay:        1.699ns  (logic 0.114ns (6.712%)  route 1.585ns (93.288%))
  Logic Levels:           0  
  Clock Path Skew:        -0.341ns (DCD - SCD + CPR)
    Destination Clock Delay (DCD):    2.341ns
    Source Clock Delay      (SCD):    2.682ns
    Clock Pessimism Removal (CPR):    0.000ns
  Clock Uncertainty:      0.114ns  ((TSJ^2 + DJ^2)^1/2) / 2 + PE
    Total System Jitter     (TSJ):    0.071ns
    Discrete Jitter          (DJ):    0.217ns
    Phase Error              (PE):    0.000ns
  Clock Net Delay (Source):      2.415ns (routing 1.045ns, distribution 1.370ns)
  Clock Net Delay (Destination): 2.125ns (routing 0.955ns, distribution 1.170ns)
  Timing Exception:       False Path

    Location             Delay type                Incr(ns)  Path(ns)    Netlist Resource(s)
  -------------------------------------------------------------------    -------------------
                         (clock clk_pl_0 rise edge)
                                                      0.000     0.000 r  
    PS8_X0Y0             PS8                          0.000     0.000 r  my_softmax_i/zynq_ultra_ps_e_0/inst/PS8_i/PLCLK[0]
                         net (fo=1, routed)           0.229     0.229    my_softmax_i/zynq_ultra_ps_e_0/inst/pl_clk_unbuffered[0]
    BUFG_PS_X0Y80        BUFG_PS (Prop_BUFG_PS_I_O)
                                                      0.038     0.267 r  my_softmax_i/zynq_ultra_ps_e_0/inst/buffer_pl_clk_0.PL_CLK_0_BUFG/O
    X0Y1 (CLOCK_ROOT)    net (fo=19394, routed)       2.415     2.682    my_softmax_i/axi_smc/inst/clk_map/psr_aclk/U0/aclk
    SLICE_X1Y130         FDRE                                         r  my_softmax_i/axi_smc/inst/clk_map/psr_aclk/U0/ACTIVE_LOW_BSR_OUT_DFF[0].FDRE_BSR_N/C
  -------------------------------------------------------------------    -------------------
    SLICE_X1Y130         FDRE (Prop_HFF_SLICEM_C_Q)
                                                      0.114     2.796 r  my_softmax_i/axi_smc/inst/clk_map/psr_aclk/U0/ACTIVE_LOW_BSR_OUT_DFF[0].FDRE_BSR_N/Q
                         net (fo=75, routed)          1.585     4.381    <hidden>
    SLICE_X2Y98          FDCE                                         f  <hidden>  (IS_INVERTED)
  -------------------------------------------------------------------    -------------------

                         (clock clk_pl_0 rise edge)
                                                      0.000     0.000 r  
    PS8_X0Y0             PS8                          0.000     0.000 r  my_softmax_i/zynq_ultra_ps_e_0/inst/PS8_i/PLCLK[0]
                         net (fo=1, routed)           0.181     0.181    my_softmax_i/zynq_ultra_ps_e_0/inst/pl_clk_unbuffered[0]
    BUFG_PS_X0Y80        BUFG_PS (Prop_BUFG_PS_I_O)
                                                      0.035     0.216 r  my_softmax_i/zynq_ultra_ps_e_0/inst/buffer_pl_clk_0.PL_CLK_0_BUFG/O
    X0Y1 (CLOCK_ROOT)    net (fo=19394, routed)       2.125     2.341    <hidden>
    SLICE_X2Y98          FDCE                                         r  <hidden>

Slack:                    inf
  Source:                 my_softmax_i/axi_smc/inst/clk_map/psr_aclk/U0/ACTIVE_LOW_BSR_OUT_DFF[0].FDRE_BSR_N/C
                            (rising edge-triggered cell FDRE clocked by clk_pl_0  {rise@0.000ns fall@1.500ns period=3.000ns})
  Destination:            <hidden>
                            (recovery check against rising-edge clock clk_pl_0  {rise@0.000ns fall@1.500ns period=3.000ns})
  Path Group:             (none)
  Path Type:              Recovery (Max at Slow Process Corner)
  Data Path Delay:        1.699ns  (logic 0.114ns (6.712%)  route 1.585ns (93.288%))
  Logic Levels:           0  
  Clock Path Skew:        -0.341ns (DCD - SCD + CPR)
    Destination Clock Delay (DCD):    2.341ns
    Source Clock Delay      (SCD):    2.682ns
    Clock Pessimism Removal (CPR):    0.000ns
  Clock Uncertainty:      0.114ns  ((TSJ^2 + DJ^2)^1/2) / 2 + PE
    Total System Jitter     (TSJ):    0.071ns
    Discrete Jitter          (DJ):    0.217ns
    Phase Error              (PE):    0.000ns
  Clock Net Delay (Source):      2.415ns (routing 1.045ns, distribution 1.370ns)
  Clock Net Delay (Destination): 2.125ns (routing 0.955ns, distribution 1.170ns)
  Timing Exception:       False Path

    Location             Delay type                Incr(ns)  Path(ns)    Netlist Resource(s)
  -------------------------------------------------------------------    -------------------
                         (clock clk_pl_0 rise edge)
                                                      0.000     0.000 r  
    PS8_X0Y0             PS8                          0.000     0.000 r  my_softmax_i/zynq_ultra_ps_e_0/inst/PS8_i/PLCLK[0]
                         net (fo=1, routed)           0.229     0.229    my_softmax_i/zynq_ultra_ps_e_0/inst/pl_clk_unbuffered[0]
    BUFG_PS_X0Y80        BUFG_PS (Prop_BUFG_PS_I_O)
                                                      0.038     0.267 r  my_softmax_i/zynq_ultra_ps_e_0/inst/buffer_pl_clk_0.PL_CLK_0_BUFG/O
    X0Y1 (CLOCK_ROOT)    net (fo=19394, routed)       2.415     2.682    my_softmax_i/axi_smc/inst/clk_map/psr_aclk/U0/aclk
    SLICE_X1Y130         FDRE                                         r  my_softmax_i/axi_smc/inst/clk_map/psr_aclk/U0/ACTIVE_LOW_BSR_OUT_DFF[0].FDRE_BSR_N/C
  -------------------------------------------------------------------    -------------------
    SLICE_X1Y130         FDRE (Prop_HFF_SLICEM_C_Q)
                                                      0.114     2.796 r  my_softmax_i/axi_smc/inst/clk_map/psr_aclk/U0/ACTIVE_LOW_BSR_OUT_DFF[0].FDRE_BSR_N/Q
                         net (fo=75, routed)          1.585     4.381    <hidden>
    SLICE_X2Y98          FDCE                                         f  <hidden>  (IS_INVERTED)
  -------------------------------------------------------------------    -------------------

                         (clock clk_pl_0 rise edge)
                                                      0.000     0.000 r  
    PS8_X0Y0             PS8                          0.000     0.000 r  my_softmax_i/zynq_ultra_ps_e_0/inst/PS8_i/PLCLK[0]
                         net (fo=1, routed)           0.181     0.181    my_softmax_i/zynq_ultra_ps_e_0/inst/pl_clk_unbuffered[0]
    BUFG_PS_X0Y80        BUFG_PS (Prop_BUFG_PS_I_O)
                                                      0.035     0.216 r  my_softmax_i/zynq_ultra_ps_e_0/inst/buffer_pl_clk_0.PL_CLK_0_BUFG/O
    X0Y1 (CLOCK_ROOT)    net (fo=19394, routed)       2.125     2.341    <hidden>
    SLICE_X2Y98          FDCE                                         r  <hidden>

Slack:                    inf
  Source:                 my_softmax_i/axi_smc/inst/clk_map/psr_aclk/U0/ACTIVE_LOW_BSR_OUT_DFF[0].FDRE_BSR_N/C
                            (rising edge-triggered cell FDRE clocked by clk_pl_0  {rise@0.000ns fall@1.500ns period=3.000ns})
  Destination:            <hidden>
                            (recovery check against rising-edge clock clk_pl_0  {rise@0.000ns fall@1.500ns period=3.000ns})
  Path Group:             (none)
  Path Type:              Recovery (Max at Slow Process Corner)
  Data Path Delay:        1.699ns  (logic 0.114ns (6.712%)  route 1.585ns (93.288%))
  Logic Levels:           0  
  Clock Path Skew:        -0.341ns (DCD - SCD + CPR)
    Destination Clock Delay (DCD):    2.341ns
    Source Clock Delay      (SCD):    2.682ns
    Clock Pessimism Removal (CPR):    0.000ns
  Clock Uncertainty:      0.114ns  ((TSJ^2 + DJ^2)^1/2) / 2 + PE
    Total System Jitter     (TSJ):    0.071ns
    Discrete Jitter          (DJ):    0.217ns
    Phase Error              (PE):    0.000ns
  Clock Net Delay (Source):      2.415ns (routing 1.045ns, distribution 1.370ns)
  Clock Net Delay (Destination): 2.125ns (routing 0.955ns, distribution 1.170ns)
  Timing Exception:       False Path

    Location             Delay type                Incr(ns)  Path(ns)    Netlist Resource(s)
  -------------------------------------------------------------------    -------------------
                         (clock clk_pl_0 rise edge)
                                                      0.000     0.000 r  
    PS8_X0Y0             PS8                          0.000     0.000 r  my_softmax_i/zynq_ultra_ps_e_0/inst/PS8_i/PLCLK[0]
                         net (fo=1, routed)           0.229     0.229    my_softmax_i/zynq_ultra_ps_e_0/inst/pl_clk_unbuffered[0]
    BUFG_PS_X0Y80        BUFG_PS (Prop_BUFG_PS_I_O)
                                                      0.038     0.267 r  my_softmax_i/zynq_ultra_ps_e_0/inst/buffer_pl_clk_0.PL_CLK_0_BUFG/O
    X0Y1 (CLOCK_ROOT)    net (fo=19394, routed)       2.415     2.682    my_softmax_i/axi_smc/inst/clk_map/psr_aclk/U0/aclk
    SLICE_X1Y130         FDRE                                         r  my_softmax_i/axi_smc/inst/clk_map/psr_aclk/U0/ACTIVE_LOW_BSR_OUT_DFF[0].FDRE_BSR_N/C
  -------------------------------------------------------------------    -------------------
    SLICE_X1Y130         FDRE (Prop_HFF_SLICEM_C_Q)
                                                      0.114     2.796 r  my_softmax_i/axi_smc/inst/clk_map/psr_aclk/U0/ACTIVE_LOW_BSR_OUT_DFF[0].FDRE_BSR_N/Q
                         net (fo=75, routed)          1.585     4.381    <hidden>
    SLICE_X2Y98          FDCE                                         f  <hidden>  (IS_INVERTED)
  -------------------------------------------------------------------    -------------------

                         (clock clk_pl_0 rise edge)
                                                      0.000     0.000 r  
    PS8_X0Y0             PS8                          0.000     0.000 r  my_softmax_i/zynq_ultra_ps_e_0/inst/PS8_i/PLCLK[0]
                         net (fo=1, routed)           0.181     0.181    my_softmax_i/zynq_ultra_ps_e_0/inst/pl_clk_unbuffered[0]
    BUFG_PS_X0Y80        BUFG_PS (Prop_BUFG_PS_I_O)
                                                      0.035     0.216 r  my_softmax_i/zynq_ultra_ps_e_0/inst/buffer_pl_clk_0.PL_CLK_0_BUFG/O
    X0Y1 (CLOCK_ROOT)    net (fo=19394, routed)       2.125     2.341    <hidden>
    SLICE_X2Y98          FDCE                                         r  <hidden>

Slack:                    inf
  Source:                 my_softmax_i/rst_ps8_0_333M/U0/ACTIVE_LOW_PR_OUT_DFF[0].FDRE_PER_N/C
                            (rising edge-triggered cell FDRE clocked by clk_pl_0  {rise@0.000ns fall@1.500ns period=3.000ns})
  Destination:            my_softmax_i/axi_dma_0/U0/I_RST_MODULE/REG_HRD_RST_OUT/GENERATE_LEVEL_P_S_CDC.SINGLE_BIT.CROSS_PLEVEL_IN2SCNDRY_IN_cdc_to/D
                            (rising edge-triggered cell FDRE clocked by clk_pl_0  {rise@0.000ns fall@1.500ns period=3.000ns})
  Path Group:             (none)
  Path Type:              Setup (Max at Slow Process Corner)
  Data Path Delay:        1.562ns  (logic 0.118ns (7.556%)  route 1.444ns (92.444%))
  Logic Levels:           0  
  Clock Path Skew:        -0.361ns (DCD - SCD + CPR)
    Destination Clock Delay (DCD):    2.336ns
    Source Clock Delay      (SCD):    2.697ns
    Clock Pessimism Removal (CPR):    0.000ns
  Clock Uncertainty:      0.114ns  ((TSJ^2 + DJ^2)^1/2) / 2 + PE
    Total System Jitter     (TSJ):    0.071ns
    Discrete Jitter          (DJ):    0.217ns
    Phase Error              (PE):    0.000ns
  Clock Net Delay (Source):      2.430ns (routing 1.045ns, distribution 1.385ns)
  Clock Net Delay (Destination): 2.120ns (routing 0.955ns, distribution 1.165ns)
  Timing Exception:       False Path

    Location             Delay type                Incr(ns)  Path(ns)    Netlist Resource(s)
  -------------------------------------------------------------------    -------------------
                         (clock clk_pl_0 rise edge)
                                                      0.000     0.000 r  
    PS8_X0Y0             PS8                          0.000     0.000 r  my_softmax_i/zynq_ultra_ps_e_0/inst/PS8_i/PLCLK[0]
                         net (fo=1, routed)           0.229     0.229    my_softmax_i/zynq_ultra_ps_e_0/inst/pl_clk_unbuffered[0]
    BUFG_PS_X0Y80        BUFG_PS (Prop_BUFG_PS_I_O)
                                                      0.038     0.267 r  my_softmax_i/zynq_ultra_ps_e_0/inst/buffer_pl_clk_0.PL_CLK_0_BUFG/O
    X0Y1 (CLOCK_ROOT)    net (fo=19394, routed)       2.430     2.697    my_softmax_i/rst_ps8_0_333M/U0/slowest_sync_clk
    SLICE_X1Y131         FDRE                                         r  my_softmax_i/rst_ps8_0_333M/U0/ACTIVE_LOW_PR_OUT_DFF[0].FDRE_PER_N/C
  -------------------------------------------------------------------    -------------------
    SLICE_X1Y131         FDRE (Prop_EFF2_SLICEM_C_Q)
                                                      0.118     2.815 r  my_softmax_i/rst_ps8_0_333M/U0/ACTIVE_LOW_PR_OUT_DFF[0].FDRE_PER_N/Q
                         net (fo=112, routed)         1.444     4.259    my_softmax_i/axi_dma_0/U0/I_RST_MODULE/REG_HRD_RST_OUT/axi_resetn
    SLICE_X8Y91          FDRE                                         r  my_softmax_i/axi_dma_0/U0/I_RST_MODULE/REG_HRD_RST_OUT/GENERATE_LEVEL_P_S_CDC.SINGLE_BIT.CROSS_PLEVEL_IN2SCNDRY_IN_cdc_to/D
  -------------------------------------------------------------------    -------------------

                         (clock clk_pl_0 rise edge)
                                                      0.000     0.000 r  
    PS8_X0Y0             PS8                          0.000     0.000 r  my_softmax_i/zynq_ultra_ps_e_0/inst/PS8_i/PLCLK[0]
                         net (fo=1, routed)           0.181     0.181    my_softmax_i/zynq_ultra_ps_e_0/inst/pl_clk_unbuffered[0]
    BUFG_PS_X0Y80        BUFG_PS (Prop_BUFG_PS_I_O)
                                                      0.035     0.216 r  my_softmax_i/zynq_ultra_ps_e_0/inst/buffer_pl_clk_0.PL_CLK_0_BUFG/O
    X0Y1 (CLOCK_ROOT)    net (fo=19394, routed)       2.120     2.336    my_softmax_i/axi_dma_0/U0/I_RST_MODULE/REG_HRD_RST_OUT/s_axi_lite_aclk
    SLICE_X8Y91          FDRE                                         r  my_softmax_i/axi_dma_0/U0/I_RST_MODULE/REG_HRD_RST_OUT/GENERATE_LEVEL_P_S_CDC.SINGLE_BIT.CROSS_PLEVEL_IN2SCNDRY_IN_cdc_to/C

Slack:                    inf
  Source:                 my_softmax_i/axi_smc/inst/clk_map/psr_aclk/U0/ACTIVE_LOW_BSR_OUT_DFF[0].FDRE_BSR_N/C
                            (rising edge-triggered cell FDRE clocked by clk_pl_0  {rise@0.000ns fall@1.500ns period=3.000ns})
  Destination:            <hidden>
                            (recovery check against rising-edge clock clk_pl_0  {rise@0.000ns fall@1.500ns period=3.000ns})
  Path Group:             (none)
  Path Type:              Recovery (Max at Slow Process Corner)
  Data Path Delay:        1.551ns  (logic 0.114ns (7.352%)  route 1.437ns (92.648%))
  Logic Levels:           0  
  Clock Path Skew:        -0.339ns (DCD - SCD + CPR)
    Destination Clock Delay (DCD):    2.343ns
    Source Clock Delay      (SCD):    2.682ns
    Clock Pessimism Removal (CPR):    0.000ns
  Clock Uncertainty:      0.114ns  ((TSJ^2 + DJ^2)^1/2) / 2 + PE
    Total System Jitter     (TSJ):    0.071ns
    Discrete Jitter          (DJ):    0.217ns
    Phase Error              (PE):    0.000ns
  Clock Net Delay (Source):      2.415ns (routing 1.045ns, distribution 1.370ns)
  Clock Net Delay (Destination): 2.127ns (routing 0.955ns, distribution 1.172ns)
  Timing Exception:       False Path

    Location             Delay type                Incr(ns)  Path(ns)    Netlist Resource(s)
  -------------------------------------------------------------------    -------------------
                         (clock clk_pl_0 rise edge)
                                                      0.000     0.000 r  
    PS8_X0Y0             PS8                          0.000     0.000 r  my_softmax_i/zynq_ultra_ps_e_0/inst/PS8_i/PLCLK[0]
                         net (fo=1, routed)           0.229     0.229    my_softmax_i/zynq_ultra_ps_e_0/inst/pl_clk_unbuffered[0]
    BUFG_PS_X0Y80        BUFG_PS (Prop_BUFG_PS_I_O)
                                                      0.038     0.267 r  my_softmax_i/zynq_ultra_ps_e_0/inst/buffer_pl_clk_0.PL_CLK_0_BUFG/O
    X0Y1 (CLOCK_ROOT)    net (fo=19394, routed)       2.415     2.682    my_softmax_i/axi_smc/inst/clk_map/psr_aclk/U0/aclk
    SLICE_X1Y130         FDRE                                         r  my_softmax_i/axi_smc/inst/clk_map/psr_aclk/U0/ACTIVE_LOW_BSR_OUT_DFF[0].FDRE_BSR_N/C
  -------------------------------------------------------------------    -------------------
    SLICE_X1Y130         FDRE (Prop_HFF_SLICEM_C_Q)
                                                      0.114     2.796 r  my_softmax_i/axi_smc/inst/clk_map/psr_aclk/U0/ACTIVE_LOW_BSR_OUT_DFF[0].FDRE_BSR_N/Q
                         net (fo=75, routed)          1.437     4.233    <hidden>
    SLICE_X9Y101         FDCE                                         f  <hidden>  (IS_INVERTED)
  -------------------------------------------------------------------    -------------------

                         (clock clk_pl_0 rise edge)
                                                      0.000     0.000 r  
    PS8_X0Y0             PS8                          0.000     0.000 r  my_softmax_i/zynq_ultra_ps_e_0/inst/PS8_i/PLCLK[0]
                         net (fo=1, routed)           0.181     0.181    my_softmax_i/zynq_ultra_ps_e_0/inst/pl_clk_unbuffered[0]
    BUFG_PS_X0Y80        BUFG_PS (Prop_BUFG_PS_I_O)
                                                      0.035     0.216 r  my_softmax_i/zynq_ultra_ps_e_0/inst/buffer_pl_clk_0.PL_CLK_0_BUFG/O
    X0Y1 (CLOCK_ROOT)    net (fo=19394, routed)       2.127     2.343    <hidden>
    SLICE_X9Y101         FDCE                                         r  <hidden>

Slack:                    inf
  Source:                 my_softmax_i/axi_smc/inst/clk_map/psr_aclk/U0/ACTIVE_LOW_BSR_OUT_DFF[0].FDRE_BSR_N/C
                            (rising edge-triggered cell FDRE clocked by clk_pl_0  {rise@0.000ns fall@1.500ns period=3.000ns})
  Destination:            <hidden>
                            (recovery check against rising-edge clock clk_pl_0  {rise@0.000ns fall@1.500ns period=3.000ns})
  Path Group:             (none)
  Path Type:              Recovery (Max at Slow Process Corner)
  Data Path Delay:        1.551ns  (logic 0.114ns (7.352%)  route 1.437ns (92.648%))
  Logic Levels:           0  
  Clock Path Skew:        -0.339ns (DCD - SCD + CPR)
    Destination Clock Delay (DCD):    2.343ns
    Source Clock Delay      (SCD):    2.682ns
    Clock Pessimism Removal (CPR):    0.000ns
  Clock Uncertainty:      0.114ns  ((TSJ^2 + DJ^2)^1/2) / 2 + PE
    Total System Jitter     (TSJ):    0.071ns
    Discrete Jitter          (DJ):    0.217ns
    Phase Error              (PE):    0.000ns
  Clock Net Delay (Source):      2.415ns (routing 1.045ns, distribution 1.370ns)
  Clock Net Delay (Destination): 2.127ns (routing 0.955ns, distribution 1.172ns)
  Timing Exception:       False Path

    Location             Delay type                Incr(ns)  Path(ns)    Netlist Resource(s)
  -------------------------------------------------------------------    -------------------
                         (clock clk_pl_0 rise edge)
                                                      0.000     0.000 r  
    PS8_X0Y0             PS8                          0.000     0.000 r  my_softmax_i/zynq_ultra_ps_e_0/inst/PS8_i/PLCLK[0]
                         net (fo=1, routed)           0.229     0.229    my_softmax_i/zynq_ultra_ps_e_0/inst/pl_clk_unbuffered[0]
    BUFG_PS_X0Y80        BUFG_PS (Prop_BUFG_PS_I_O)
                                                      0.038     0.267 r  my_softmax_i/zynq_ultra_ps_e_0/inst/buffer_pl_clk_0.PL_CLK_0_BUFG/O
    X0Y1 (CLOCK_ROOT)    net (fo=19394, routed)       2.415     2.682    my_softmax_i/axi_smc/inst/clk_map/psr_aclk/U0/aclk
    SLICE_X1Y130         FDRE                                         r  my_softmax_i/axi_smc/inst/clk_map/psr_aclk/U0/ACTIVE_LOW_BSR_OUT_DFF[0].FDRE_BSR_N/C
  -------------------------------------------------------------------    -------------------
    SLICE_X1Y130         FDRE (Prop_HFF_SLICEM_C_Q)
                                                      0.114     2.796 r  my_softmax_i/axi_smc/inst/clk_map/psr_aclk/U0/ACTIVE_LOW_BSR_OUT_DFF[0].FDRE_BSR_N/Q
                         net (fo=75, routed)          1.437     4.233    <hidden>
    SLICE_X9Y101         FDCE                                         f  <hidden>  (IS_INVERTED)
  -------------------------------------------------------------------    -------------------

                         (clock clk_pl_0 rise edge)
                                                      0.000     0.000 r  
    PS8_X0Y0             PS8                          0.000     0.000 r  my_softmax_i/zynq_ultra_ps_e_0/inst/PS8_i/PLCLK[0]
                         net (fo=1, routed)           0.181     0.181    my_softmax_i/zynq_ultra_ps_e_0/inst/pl_clk_unbuffered[0]
    BUFG_PS_X0Y80        BUFG_PS (Prop_BUFG_PS_I_O)
                                                      0.035     0.216 r  my_softmax_i/zynq_ultra_ps_e_0/inst/buffer_pl_clk_0.PL_CLK_0_BUFG/O
    X0Y1 (CLOCK_ROOT)    net (fo=19394, routed)       2.127     2.343    <hidden>
    SLICE_X9Y101         FDCE                                         r  <hidden>





Min Delay Paths
--------------------------------------------------------------------------------------
Slack:                    inf
  Source:                 my_softmax_i/axi_smc_1/inst/clk_map/psr_aclk/U0/ACTIVE_LOW_BSR_OUT_DFF[0].FDRE_BSR_N/C
                            (rising edge-triggered cell FDRE clocked by clk_pl_0  {rise@0.000ns fall@1.500ns period=3.000ns})
  Destination:            <hidden>
                            (removal check against rising-edge clock clk_pl_0  {rise@0.000ns fall@1.500ns period=3.000ns})
  Path Group:             (none)
  Path Type:              Removal (Min at Fast Process Corner)
  Data Path Delay:        0.315ns  (logic 0.084ns (26.641%)  route 0.231ns (73.359%))
  Logic Levels:           0  
  Clock Path Skew:        0.175ns (DCD - SCD - CPR)
    Destination Clock Delay (DCD):    1.600ns
    Source Clock Delay      (SCD):    1.425ns
    Clock Pessimism Removal (CPR):    -0.000ns
  Clock Uncertainty:      0.114ns  ((TSJ^2 + DJ^2)^1/2) / 2 + PE
    Total System Jitter     (TSJ):    0.071ns
    Discrete Jitter          (DJ):    0.217ns
    Phase Error              (PE):    0.000ns
  Clock Net Delay (Source):      1.274ns (routing 0.572ns, distribution 0.702ns)
  Clock Net Delay (Destination): 1.413ns (routing 0.623ns, distribution 0.790ns)
  Timing Exception:       False Path

    Location             Delay type                Incr(ns)  Path(ns)    Netlist Resource(s)
  -------------------------------------------------------------------    -------------------
                         (clock clk_pl_0 rise edge)
                                                      0.000     0.000 r  
    PS8_X0Y0             PS8                          0.000     0.000 r  my_softmax_i/zynq_ultra_ps_e_0/inst/PS8_i/PLCLK[0]
                         net (fo=1, routed)           0.129     0.129    my_softmax_i/zynq_ultra_ps_e_0/inst/pl_clk_unbuffered[0]
    BUFG_PS_X0Y80        BUFG_PS (Prop_BUFG_PS_I_O)
                                                      0.022     0.151 r  my_softmax_i/zynq_ultra_ps_e_0/inst/buffer_pl_clk_0.PL_CLK_0_BUFG/O
    X0Y1 (CLOCK_ROOT)    net (fo=19394, routed)       1.274     1.425    my_softmax_i/axi_smc_1/inst/clk_map/psr_aclk/U0/aclk
    SLICE_X0Y105         FDRE                                         r  my_softmax_i/axi_smc_1/inst/clk_map/psr_aclk/U0/ACTIVE_LOW_BSR_OUT_DFF[0].FDRE_BSR_N/C
  -------------------------------------------------------------------    -------------------
    SLICE_X0Y105         FDRE (Prop_DFF_SLICEL_C_Q)
                                                      0.084     1.509 r  my_softmax_i/axi_smc_1/inst/clk_map/psr_aclk/U0/ACTIVE_LOW_BSR_OUT_DFF[0].FDRE_BSR_N/Q
                         net (fo=51, routed)          0.231     1.740    <hidden>
    SLICE_X2Y76          FDCE                                         f  <hidden>  (IS_INVERTED)
  -------------------------------------------------------------------    -------------------

                         (clock clk_pl_0 rise edge)
                                                      0.000     0.000 r  
    PS8_X0Y0             PS8                          0.000     0.000 r  my_softmax_i/zynq_ultra_ps_e_0/inst/PS8_i/PLCLK[0]
                         net (fo=1, routed)           0.164     0.164    my_softmax_i/zynq_ultra_ps_e_0/inst/pl_clk_unbuffered[0]
    BUFG_PS_X0Y80        BUFG_PS (Prop_BUFG_PS_I_O)
                                                      0.023     0.187 r  my_softmax_i/zynq_ultra_ps_e_0/inst/buffer_pl_clk_0.PL_CLK_0_BUFG/O
    X0Y1 (CLOCK_ROOT)    net (fo=19394, routed)       1.413     1.600    <hidden>
    SLICE_X2Y76          FDCE                                         r  <hidden>

Slack:                    inf
  Source:                 my_softmax_i/axi_smc_1/inst/clk_map/psr_aclk/U0/ACTIVE_LOW_BSR_OUT_DFF[0].FDRE_BSR_N/C
                            (rising edge-triggered cell FDRE clocked by clk_pl_0  {rise@0.000ns fall@1.500ns period=3.000ns})
  Destination:            <hidden>
                            (removal check against rising-edge clock clk_pl_0  {rise@0.000ns fall@1.500ns period=3.000ns})
  Path Group:             (none)
  Path Type:              Removal (Min at Fast Process Corner)
  Data Path Delay:        0.315ns  (logic 0.084ns (26.641%)  route 0.231ns (73.359%))
  Logic Levels:           0  
  Clock Path Skew:        0.175ns (DCD - SCD - CPR)
    Destination Clock Delay (DCD):    1.600ns
    Source Clock Delay      (SCD):    1.425ns
    Clock Pessimism Removal (CPR):    -0.000ns
  Clock Uncertainty:      0.114ns  ((TSJ^2 + DJ^2)^1/2) / 2 + PE
    Total System Jitter     (TSJ):    0.071ns
    Discrete Jitter          (DJ):    0.217ns
    Phase Error              (PE):    0.000ns
  Clock Net Delay (Source):      1.274ns (routing 0.572ns, distribution 0.702ns)
  Clock Net Delay (Destination): 1.413ns (routing 0.623ns, distribution 0.790ns)
  Timing Exception:       False Path

    Location             Delay type                Incr(ns)  Path(ns)    Netlist Resource(s)
  -------------------------------------------------------------------    -------------------
                         (clock clk_pl_0 rise edge)
                                                      0.000     0.000 r  
    PS8_X0Y0             PS8                          0.000     0.000 r  my_softmax_i/zynq_ultra_ps_e_0/inst/PS8_i/PLCLK[0]
                         net (fo=1, routed)           0.129     0.129    my_softmax_i/zynq_ultra_ps_e_0/inst/pl_clk_unbuffered[0]
    BUFG_PS_X0Y80        BUFG_PS (Prop_BUFG_PS_I_O)
                                                      0.022     0.151 r  my_softmax_i/zynq_ultra_ps_e_0/inst/buffer_pl_clk_0.PL_CLK_0_BUFG/O
    X0Y1 (CLOCK_ROOT)    net (fo=19394, routed)       1.274     1.425    my_softmax_i/axi_smc_1/inst/clk_map/psr_aclk/U0/aclk
    SLICE_X0Y105         FDRE                                         r  my_softmax_i/axi_smc_1/inst/clk_map/psr_aclk/U0/ACTIVE_LOW_BSR_OUT_DFF[0].FDRE_BSR_N/C
  -------------------------------------------------------------------    -------------------
    SLICE_X0Y105         FDRE (Prop_DFF_SLICEL_C_Q)
                                                      0.084     1.509 r  my_softmax_i/axi_smc_1/inst/clk_map/psr_aclk/U0/ACTIVE_LOW_BSR_OUT_DFF[0].FDRE_BSR_N/Q
                         net (fo=51, routed)          0.231     1.740    <hidden>
    SLICE_X2Y76          FDCE                                         f  <hidden>  (IS_INVERTED)
  -------------------------------------------------------------------    -------------------

                         (clock clk_pl_0 rise edge)
                                                      0.000     0.000 r  
    PS8_X0Y0             PS8                          0.000     0.000 r  my_softmax_i/zynq_ultra_ps_e_0/inst/PS8_i/PLCLK[0]
                         net (fo=1, routed)           0.164     0.164    my_softmax_i/zynq_ultra_ps_e_0/inst/pl_clk_unbuffered[0]
    BUFG_PS_X0Y80        BUFG_PS (Prop_BUFG_PS_I_O)
                                                      0.023     0.187 r  my_softmax_i/zynq_ultra_ps_e_0/inst/buffer_pl_clk_0.PL_CLK_0_BUFG/O
    X0Y1 (CLOCK_ROOT)    net (fo=19394, routed)       1.413     1.600    <hidden>
    SLICE_X2Y76          FDCE                                         r  <hidden>

Slack:                    inf
  Source:                 my_softmax_i/axi_smc_1/inst/clk_map/psr_aclk/U0/ACTIVE_LOW_BSR_OUT_DFF[0].FDRE_BSR_N/C
                            (rising edge-triggered cell FDRE clocked by clk_pl_0  {rise@0.000ns fall@1.500ns period=3.000ns})
  Destination:            <hidden>
                            (removal check against rising-edge clock clk_pl_0  {rise@0.000ns fall@1.500ns period=3.000ns})
  Path Group:             (none)
  Path Type:              Removal (Min at Fast Process Corner)
  Data Path Delay:        0.315ns  (logic 0.084ns (26.641%)  route 0.231ns (73.359%))
  Logic Levels:           0  
  Clock Path Skew:        0.175ns (DCD - SCD - CPR)
    Destination Clock Delay (DCD):    1.600ns
    Source Clock Delay      (SCD):    1.425ns
    Clock Pessimism Removal (CPR):    -0.000ns
  Clock Uncertainty:      0.114ns  ((TSJ^2 + DJ^2)^1/2) / 2 + PE
    Total System Jitter     (TSJ):    0.071ns
    Discrete Jitter          (DJ):    0.217ns
    Phase Error              (PE):    0.000ns
  Clock Net Delay (Source):      1.274ns (routing 0.572ns, distribution 0.702ns)
  Clock Net Delay (Destination): 1.413ns (routing 0.623ns, distribution 0.790ns)
  Timing Exception:       False Path

    Location             Delay type                Incr(ns)  Path(ns)    Netlist Resource(s)
  -------------------------------------------------------------------    -------------------
                         (clock clk_pl_0 rise edge)
                                                      0.000     0.000 r  
    PS8_X0Y0             PS8                          0.000     0.000 r  my_softmax_i/zynq_ultra_ps_e_0/inst/PS8_i/PLCLK[0]
                         net (fo=1, routed)           0.129     0.129    my_softmax_i/zynq_ultra_ps_e_0/inst/pl_clk_unbuffered[0]
    BUFG_PS_X0Y80        BUFG_PS (Prop_BUFG_PS_I_O)
                                                      0.022     0.151 r  my_softmax_i/zynq_ultra_ps_e_0/inst/buffer_pl_clk_0.PL_CLK_0_BUFG/O
    X0Y1 (CLOCK_ROOT)    net (fo=19394, routed)       1.274     1.425    my_softmax_i/axi_smc_1/inst/clk_map/psr_aclk/U0/aclk
    SLICE_X0Y105         FDRE                                         r  my_softmax_i/axi_smc_1/inst/clk_map/psr_aclk/U0/ACTIVE_LOW_BSR_OUT_DFF[0].FDRE_BSR_N/C
  -------------------------------------------------------------------    -------------------
    SLICE_X0Y105         FDRE (Prop_DFF_SLICEL_C_Q)
                                                      0.084     1.509 r  my_softmax_i/axi_smc_1/inst/clk_map/psr_aclk/U0/ACTIVE_LOW_BSR_OUT_DFF[0].FDRE_BSR_N/Q
                         net (fo=51, routed)          0.231     1.740    <hidden>
    SLICE_X2Y76          FDCE                                         f  <hidden>  (IS_INVERTED)
  -------------------------------------------------------------------    -------------------

                         (clock clk_pl_0 rise edge)
                                                      0.000     0.000 r  
    PS8_X0Y0             PS8                          0.000     0.000 r  my_softmax_i/zynq_ultra_ps_e_0/inst/PS8_i/PLCLK[0]
                         net (fo=1, routed)           0.164     0.164    my_softmax_i/zynq_ultra_ps_e_0/inst/pl_clk_unbuffered[0]
    BUFG_PS_X0Y80        BUFG_PS (Prop_BUFG_PS_I_O)
                                                      0.023     0.187 r  my_softmax_i/zynq_ultra_ps_e_0/inst/buffer_pl_clk_0.PL_CLK_0_BUFG/O
    X0Y1 (CLOCK_ROOT)    net (fo=19394, routed)       1.413     1.600    <hidden>
    SLICE_X2Y76          FDCE                                         r  <hidden>

Slack:                    inf
  Source:                 my_softmax_i/axi_smc_1/inst/clk_map/psr_aclk/U0/ACTIVE_LOW_BSR_OUT_DFF[0].FDRE_BSR_N/C
                            (rising edge-triggered cell FDRE clocked by clk_pl_0  {rise@0.000ns fall@1.500ns period=3.000ns})
  Destination:            <hidden>
                            (removal check against rising-edge clock clk_pl_0  {rise@0.000ns fall@1.500ns period=3.000ns})
  Path Group:             (none)
  Path Type:              Removal (Min at Fast Process Corner)
  Data Path Delay:        0.392ns  (logic 0.084ns (21.433%)  route 0.308ns (78.567%))
  Logic Levels:           0  
  Clock Path Skew:        0.160ns (DCD - SCD - CPR)
    Destination Clock Delay (DCD):    1.585ns
    Source Clock Delay      (SCD):    1.425ns
    Clock Pessimism Removal (CPR):    -0.000ns
  Clock Uncertainty:      0.114ns  ((TSJ^2 + DJ^2)^1/2) / 2 + PE
    Total System Jitter     (TSJ):    0.071ns
    Discrete Jitter          (DJ):    0.217ns
    Phase Error              (PE):    0.000ns
  Clock Net Delay (Source):      1.274ns (routing 0.572ns, distribution 0.702ns)
  Clock Net Delay (Destination): 1.398ns (routing 0.623ns, distribution 0.775ns)
  Timing Exception:       False Path

    Location             Delay type                Incr(ns)  Path(ns)    Netlist Resource(s)
  -------------------------------------------------------------------    -------------------
                         (clock clk_pl_0 rise edge)
                                                      0.000     0.000 r  
    PS8_X0Y0             PS8                          0.000     0.000 r  my_softmax_i/zynq_ultra_ps_e_0/inst/PS8_i/PLCLK[0]
                         net (fo=1, routed)           0.129     0.129    my_softmax_i/zynq_ultra_ps_e_0/inst/pl_clk_unbuffered[0]
    BUFG_PS_X0Y80        BUFG_PS (Prop_BUFG_PS_I_O)
                                                      0.022     0.151 r  my_softmax_i/zynq_ultra_ps_e_0/inst/buffer_pl_clk_0.PL_CLK_0_BUFG/O
    X0Y1 (CLOCK_ROOT)    net (fo=19394, routed)       1.274     1.425    my_softmax_i/axi_smc_1/inst/clk_map/psr_aclk/U0/aclk
    SLICE_X0Y105         FDRE                                         r  my_softmax_i/axi_smc_1/inst/clk_map/psr_aclk/U0/ACTIVE_LOW_BSR_OUT_DFF[0].FDRE_BSR_N/C
  -------------------------------------------------------------------    -------------------
    SLICE_X0Y105         FDRE (Prop_DFF_SLICEL_C_Q)
                                                      0.084     1.509 r  my_softmax_i/axi_smc_1/inst/clk_map/psr_aclk/U0/ACTIVE_LOW_BSR_OUT_DFF[0].FDRE_BSR_N/Q
                         net (fo=51, routed)          0.308     1.816    <hidden>
    SLICE_X0Y50          FDCE                                         f  <hidden>  (IS_INVERTED)
  -------------------------------------------------------------------    -------------------

                         (clock clk_pl_0 rise edge)
                                                      0.000     0.000 r  
    PS8_X0Y0             PS8                          0.000     0.000 r  my_softmax_i/zynq_ultra_ps_e_0/inst/PS8_i/PLCLK[0]
                         net (fo=1, routed)           0.164     0.164    my_softmax_i/zynq_ultra_ps_e_0/inst/pl_clk_unbuffered[0]
    BUFG_PS_X0Y80        BUFG_PS (Prop_BUFG_PS_I_O)
                                                      0.023     0.187 r  my_softmax_i/zynq_ultra_ps_e_0/inst/buffer_pl_clk_0.PL_CLK_0_BUFG/O
    X0Y1 (CLOCK_ROOT)    net (fo=19394, routed)       1.398     1.585    <hidden>
    SLICE_X0Y50          FDCE                                         r  <hidden>

Slack:                    inf
  Source:                 my_softmax_i/axi_smc_1/inst/clk_map/psr_aclk/U0/ACTIVE_LOW_BSR_OUT_DFF[0].FDRE_BSR_N/C
                            (rising edge-triggered cell FDRE clocked by clk_pl_0  {rise@0.000ns fall@1.500ns period=3.000ns})
  Destination:            <hidden>
                            (removal check against rising-edge clock clk_pl_0  {rise@0.000ns fall@1.500ns period=3.000ns})
  Path Group:             (none)
  Path Type:              Removal (Min at Fast Process Corner)
  Data Path Delay:        0.392ns  (logic 0.084ns (21.433%)  route 0.308ns (78.567%))
  Logic Levels:           0  
  Clock Path Skew:        0.160ns (DCD - SCD - CPR)
    Destination Clock Delay (DCD):    1.585ns
    Source Clock Delay      (SCD):    1.425ns
    Clock Pessimism Removal (CPR):    -0.000ns
  Clock Uncertainty:      0.114ns  ((TSJ^2 + DJ^2)^1/2) / 2 + PE
    Total System Jitter     (TSJ):    0.071ns
    Discrete Jitter          (DJ):    0.217ns
    Phase Error              (PE):    0.000ns
  Clock Net Delay (Source):      1.274ns (routing 0.572ns, distribution 0.702ns)
  Clock Net Delay (Destination): 1.398ns (routing 0.623ns, distribution 0.775ns)
  Timing Exception:       False Path

    Location             Delay type                Incr(ns)  Path(ns)    Netlist Resource(s)
  -------------------------------------------------------------------    -------------------
                         (clock clk_pl_0 rise edge)
                                                      0.000     0.000 r  
    PS8_X0Y0             PS8                          0.000     0.000 r  my_softmax_i/zynq_ultra_ps_e_0/inst/PS8_i/PLCLK[0]
                         net (fo=1, routed)           0.129     0.129    my_softmax_i/zynq_ultra_ps_e_0/inst/pl_clk_unbuffered[0]
    BUFG_PS_X0Y80        BUFG_PS (Prop_BUFG_PS_I_O)
                                                      0.022     0.151 r  my_softmax_i/zynq_ultra_ps_e_0/inst/buffer_pl_clk_0.PL_CLK_0_BUFG/O
    X0Y1 (CLOCK_ROOT)    net (fo=19394, routed)       1.274     1.425    my_softmax_i/axi_smc_1/inst/clk_map/psr_aclk/U0/aclk
    SLICE_X0Y105         FDRE                                         r  my_softmax_i/axi_smc_1/inst/clk_map/psr_aclk/U0/ACTIVE_LOW_BSR_OUT_DFF[0].FDRE_BSR_N/C
  -------------------------------------------------------------------    -------------------
    SLICE_X0Y105         FDRE (Prop_DFF_SLICEL_C_Q)
                                                      0.084     1.509 r  my_softmax_i/axi_smc_1/inst/clk_map/psr_aclk/U0/ACTIVE_LOW_BSR_OUT_DFF[0].FDRE_BSR_N/Q
                         net (fo=51, routed)          0.308     1.816    <hidden>
    SLICE_X0Y50          FDCE                                         f  <hidden>  (IS_INVERTED)
  -------------------------------------------------------------------    -------------------

                         (clock clk_pl_0 rise edge)
                                                      0.000     0.000 r  
    PS8_X0Y0             PS8                          0.000     0.000 r  my_softmax_i/zynq_ultra_ps_e_0/inst/PS8_i/PLCLK[0]
                         net (fo=1, routed)           0.164     0.164    my_softmax_i/zynq_ultra_ps_e_0/inst/pl_clk_unbuffered[0]
    BUFG_PS_X0Y80        BUFG_PS (Prop_BUFG_PS_I_O)
                                                      0.023     0.187 r  my_softmax_i/zynq_ultra_ps_e_0/inst/buffer_pl_clk_0.PL_CLK_0_BUFG/O
    X0Y1 (CLOCK_ROOT)    net (fo=19394, routed)       1.398     1.585    <hidden>
    SLICE_X0Y50          FDCE                                         r  <hidden>

Slack:                    inf
  Source:                 my_softmax_i/axi_smc_1/inst/clk_map/psr_aclk/U0/ACTIVE_LOW_BSR_OUT_DFF[0].FDRE_BSR_N/C
                            (rising edge-triggered cell FDRE clocked by clk_pl_0  {rise@0.000ns fall@1.500ns period=3.000ns})
  Destination:            <hidden>
                            (removal check against rising-edge clock clk_pl_0  {rise@0.000ns fall@1.500ns period=3.000ns})
  Path Group:             (none)
  Path Type:              Removal (Min at Fast Process Corner)
  Data Path Delay:        0.392ns  (logic 0.084ns (21.433%)  route 0.308ns (78.567%))
  Logic Levels:           0  
  Clock Path Skew:        0.160ns (DCD - SCD - CPR)
    Destination Clock Delay (DCD):    1.585ns
    Source Clock Delay      (SCD):    1.425ns
    Clock Pessimism Removal (CPR):    -0.000ns
  Clock Uncertainty:      0.114ns  ((TSJ^2 + DJ^2)^1/2) / 2 + PE
    Total System Jitter     (TSJ):    0.071ns
    Discrete Jitter          (DJ):    0.217ns
    Phase Error              (PE):    0.000ns
  Clock Net Delay (Source):      1.274ns (routing 0.572ns, distribution 0.702ns)
  Clock Net Delay (Destination): 1.398ns (routing 0.623ns, distribution 0.775ns)
  Timing Exception:       False Path

    Location             Delay type                Incr(ns)  Path(ns)    Netlist Resource(s)
  -------------------------------------------------------------------    -------------------
                         (clock clk_pl_0 rise edge)
                                                      0.000     0.000 r  
    PS8_X0Y0             PS8                          0.000     0.000 r  my_softmax_i/zynq_ultra_ps_e_0/inst/PS8_i/PLCLK[0]
                         net (fo=1, routed)           0.129     0.129    my_softmax_i/zynq_ultra_ps_e_0/inst/pl_clk_unbuffered[0]
    BUFG_PS_X0Y80        BUFG_PS (Prop_BUFG_PS_I_O)
                                                      0.022     0.151 r  my_softmax_i/zynq_ultra_ps_e_0/inst/buffer_pl_clk_0.PL_CLK_0_BUFG/O
    X0Y1 (CLOCK_ROOT)    net (fo=19394, routed)       1.274     1.425    my_softmax_i/axi_smc_1/inst/clk_map/psr_aclk/U0/aclk
    SLICE_X0Y105         FDRE                                         r  my_softmax_i/axi_smc_1/inst/clk_map/psr_aclk/U0/ACTIVE_LOW_BSR_OUT_DFF[0].FDRE_BSR_N/C
  -------------------------------------------------------------------    -------------------
    SLICE_X0Y105         FDRE (Prop_DFF_SLICEL_C_Q)
                                                      0.084     1.509 r  my_softmax_i/axi_smc_1/inst/clk_map/psr_aclk/U0/ACTIVE_LOW_BSR_OUT_DFF[0].FDRE_BSR_N/Q
                         net (fo=51, routed)          0.308     1.816    <hidden>
    SLICE_X0Y50          FDCE                                         f  <hidden>  (IS_INVERTED)
  -------------------------------------------------------------------    -------------------

                         (clock clk_pl_0 rise edge)
                                                      0.000     0.000 r  
    PS8_X0Y0             PS8                          0.000     0.000 r  my_softmax_i/zynq_ultra_ps_e_0/inst/PS8_i/PLCLK[0]
                         net (fo=1, routed)           0.164     0.164    my_softmax_i/zynq_ultra_ps_e_0/inst/pl_clk_unbuffered[0]
    BUFG_PS_X0Y80        BUFG_PS (Prop_BUFG_PS_I_O)
                                                      0.023     0.187 r  my_softmax_i/zynq_ultra_ps_e_0/inst/buffer_pl_clk_0.PL_CLK_0_BUFG/O
    X0Y1 (CLOCK_ROOT)    net (fo=19394, routed)       1.398     1.585    <hidden>
    SLICE_X0Y50          FDCE                                         r  <hidden>

Slack:                    inf
  Source:                 my_softmax_i/rst_ps8_0_333M/U0/ACTIVE_LOW_PR_OUT_DFF[0].FDRE_PER_N/C
                            (rising edge-triggered cell FDRE clocked by clk_pl_0  {rise@0.000ns fall@1.500ns period=3.000ns})
  Destination:            my_softmax_i/axi_smc/inst/clk_map/psr_aclk/U0/EXT_LPF/ACTIVE_LOW_AUX.ACT_LO_AUX/GENERATE_LEVEL_P_S_CDC.SINGLE_BIT.CROSS_PLEVEL_IN2SCNDRY_IN_cdc_to/D
                            (rising edge-triggered cell FDRE clocked by clk_pl_0  {rise@0.000ns fall@1.500ns period=3.000ns})
  Path Group:             (none)
  Path Type:              Hold (Min at Fast Process Corner)
  Data Path Delay:        0.370ns  (logic 0.188ns (50.861%)  route 0.182ns (49.139%))
  Logic Levels:           1  (LUT1=1)
  Clock Path Skew:        0.164ns (DCD - SCD - CPR)
    Destination Clock Delay (DCD):    1.632ns
    Source Clock Delay      (SCD):    1.468ns
    Clock Pessimism Removal (CPR):    -0.000ns
  Clock Uncertainty:      0.114ns  ((TSJ^2 + DJ^2)^1/2) / 2 + PE
    Total System Jitter     (TSJ):    0.071ns
    Discrete Jitter          (DJ):    0.217ns
    Phase Error              (PE):    0.000ns
  Clock Net Delay (Source):      1.317ns (routing 0.572ns, distribution 0.745ns)
  Clock Net Delay (Destination): 1.445ns (routing 0.623ns, distribution 0.822ns)
  Timing Exception:       False Path

    Location             Delay type                Incr(ns)  Path(ns)    Netlist Resource(s)
  -------------------------------------------------------------------    -------------------
                         (clock clk_pl_0 rise edge)
                                                      0.000     0.000 r  
    PS8_X0Y0             PS8                          0.000     0.000 r  my_softmax_i/zynq_ultra_ps_e_0/inst/PS8_i/PLCLK[0]
                         net (fo=1, routed)           0.129     0.129    my_softmax_i/zynq_ultra_ps_e_0/inst/pl_clk_unbuffered[0]
    BUFG_PS_X0Y80        BUFG_PS (Prop_BUFG_PS_I_O)
                                                      0.022     0.151 r  my_softmax_i/zynq_ultra_ps_e_0/inst/buffer_pl_clk_0.PL_CLK_0_BUFG/O
    X0Y1 (CLOCK_ROOT)    net (fo=19394, routed)       1.317     1.468    my_softmax_i/rst_ps8_0_333M/U0/slowest_sync_clk
    SLICE_X1Y131         FDRE                                         r  my_softmax_i/rst_ps8_0_333M/U0/ACTIVE_LOW_PR_OUT_DFF[0].FDRE_PER_N/C
  -------------------------------------------------------------------    -------------------
    SLICE_X1Y131         FDRE (Prop_EFF2_SLICEM_C_Q)
                                                      0.084     1.552 f  my_softmax_i/rst_ps8_0_333M/U0/ACTIVE_LOW_PR_OUT_DFF[0].FDRE_PER_N/Q
                         net (fo=112, routed)         0.089     1.641    my_softmax_i/axi_smc/inst/clk_map/psr_aclk/U0/EXT_LPF/ACTIVE_LOW_AUX.ACT_LO_AUX/aresetn
    SLICE_X1Y131         LUT1 (Prop_G6LUT_SLICEM_I0_O)
                                                      0.104     1.745 r  my_softmax_i/axi_smc/inst/clk_map/psr_aclk/U0/EXT_LPF/ACTIVE_LOW_AUX.ACT_LO_AUX/GENERATE_LEVEL_P_S_CDC.SINGLE_BIT.CROSS_PLEVEL_IN2SCNDRY_IN_cdc_to_i_1/O
                         net (fo=1, routed)           0.093     1.838    my_softmax_i/axi_smc/inst/clk_map/psr_aclk/U0/EXT_LPF/ACTIVE_LOW_AUX.ACT_LO_AUX/asr_d1
    SLICE_X1Y131         FDRE                                         r  my_softmax_i/axi_smc/inst/clk_map/psr_aclk/U0/EXT_LPF/ACTIVE_LOW_AUX.ACT_LO_AUX/GENERATE_LEVEL_P_S_CDC.SINGLE_BIT.CROSS_PLEVEL_IN2SCNDRY_IN_cdc_to/D
  -------------------------------------------------------------------    -------------------

                         (clock clk_pl_0 rise edge)
                                                      0.000     0.000 r  
    PS8_X0Y0             PS8                          0.000     0.000 r  my_softmax_i/zynq_ultra_ps_e_0/inst/PS8_i/PLCLK[0]
                         net (fo=1, routed)           0.164     0.164    my_softmax_i/zynq_ultra_ps_e_0/inst/pl_clk_unbuffered[0]
    BUFG_PS_X0Y80        BUFG_PS (Prop_BUFG_PS_I_O)
                                                      0.023     0.187 r  my_softmax_i/zynq_ultra_ps_e_0/inst/buffer_pl_clk_0.PL_CLK_0_BUFG/O
    X0Y1 (CLOCK_ROOT)    net (fo=19394, routed)       1.445     1.632    my_softmax_i/axi_smc/inst/clk_map/psr_aclk/U0/EXT_LPF/ACTIVE_LOW_AUX.ACT_LO_AUX/aclk
    SLICE_X1Y131         FDRE                                         r  my_softmax_i/axi_smc/inst/clk_map/psr_aclk/U0/EXT_LPF/ACTIVE_LOW_AUX.ACT_LO_AUX/GENERATE_LEVEL_P_S_CDC.SINGLE_BIT.CROSS_PLEVEL_IN2SCNDRY_IN_cdc_to/C

Slack:                    inf
  Source:                 my_softmax_i/axi_smc_1/inst/clk_map/psr_aclk/U0/ACTIVE_LOW_BSR_OUT_DFF[0].FDRE_BSR_N/C
                            (rising edge-triggered cell FDRE clocked by clk_pl_0  {rise@0.000ns fall@1.500ns period=3.000ns})
  Destination:            <hidden>
                            (removal check against rising-edge clock clk_pl_0  {rise@0.000ns fall@1.500ns period=3.000ns})
  Path Group:             (none)
  Path Type:              Removal (Min at Fast Process Corner)
  Data Path Delay:        0.421ns  (logic 0.084ns (19.956%)  route 0.337ns (80.044%))
  Logic Levels:           0  
  Clock Path Skew:        0.169ns (DCD - SCD - CPR)
    Destination Clock Delay (DCD):    1.593ns
    Source Clock Delay      (SCD):    1.425ns
    Clock Pessimism Removal (CPR):    -0.000ns
  Clock Uncertainty:      0.114ns  ((TSJ^2 + DJ^2)^1/2) / 2 + PE
    Total System Jitter     (TSJ):    0.071ns
    Discrete Jitter          (DJ):    0.217ns
    Phase Error              (PE):    0.000ns
  Clock Net Delay (Source):      1.274ns (routing 0.572ns, distribution 0.702ns)
  Clock Net Delay (Destination): 1.406ns (routing 0.623ns, distribution 0.783ns)
  Timing Exception:       False Path

    Location             Delay type                Incr(ns)  Path(ns)    Netlist Resource(s)
  -------------------------------------------------------------------    -------------------
                         (clock clk_pl_0 rise edge)
                                                      0.000     0.000 r  
    PS8_X0Y0             PS8                          0.000     0.000 r  my_softmax_i/zynq_ultra_ps_e_0/inst/PS8_i/PLCLK[0]
                         net (fo=1, routed)           0.129     0.129    my_softmax_i/zynq_ultra_ps_e_0/inst/pl_clk_unbuffered[0]
    BUFG_PS_X0Y80        BUFG_PS (Prop_BUFG_PS_I_O)
                                                      0.022     0.151 r  my_softmax_i/zynq_ultra_ps_e_0/inst/buffer_pl_clk_0.PL_CLK_0_BUFG/O
    X0Y1 (CLOCK_ROOT)    net (fo=19394, routed)       1.274     1.425    my_softmax_i/axi_smc_1/inst/clk_map/psr_aclk/U0/aclk
    SLICE_X0Y105         FDRE                                         r  my_softmax_i/axi_smc_1/inst/clk_map/psr_aclk/U0/ACTIVE_LOW_BSR_OUT_DFF[0].FDRE_BSR_N/C
  -------------------------------------------------------------------    -------------------
    SLICE_X0Y105         FDRE (Prop_DFF_SLICEL_C_Q)
                                                      0.084     1.509 r  my_softmax_i/axi_smc_1/inst/clk_map/psr_aclk/U0/ACTIVE_LOW_BSR_OUT_DFF[0].FDRE_BSR_N/Q
                         net (fo=51, routed)          0.337     1.845    <hidden>
    SLICE_X1Y48          FDCE                                         f  <hidden>  (IS_INVERTED)
  -------------------------------------------------------------------    -------------------

                         (clock clk_pl_0 rise edge)
                                                      0.000     0.000 r  
    PS8_X0Y0             PS8                          0.000     0.000 r  my_softmax_i/zynq_ultra_ps_e_0/inst/PS8_i/PLCLK[0]
                         net (fo=1, routed)           0.164     0.164    my_softmax_i/zynq_ultra_ps_e_0/inst/pl_clk_unbuffered[0]
    BUFG_PS_X0Y80        BUFG_PS (Prop_BUFG_PS_I_O)
                                                      0.023     0.187 r  my_softmax_i/zynq_ultra_ps_e_0/inst/buffer_pl_clk_0.PL_CLK_0_BUFG/O
    X0Y1 (CLOCK_ROOT)    net (fo=19394, routed)       1.406     1.593    <hidden>
    SLICE_X1Y48          FDCE                                         r  <hidden>

Slack:                    inf
  Source:                 my_softmax_i/axi_smc_1/inst/clk_map/psr_aclk/U0/ACTIVE_LOW_BSR_OUT_DFF[0].FDRE_BSR_N/C
                            (rising edge-triggered cell FDRE clocked by clk_pl_0  {rise@0.000ns fall@1.500ns period=3.000ns})
  Destination:            <hidden>
                            (removal check against rising-edge clock clk_pl_0  {rise@0.000ns fall@1.500ns period=3.000ns})
  Path Group:             (none)
  Path Type:              Removal (Min at Fast Process Corner)
  Data Path Delay:        0.421ns  (logic 0.084ns (19.956%)  route 0.337ns (80.044%))
  Logic Levels:           0  
  Clock Path Skew:        0.169ns (DCD - SCD - CPR)
    Destination Clock Delay (DCD):    1.593ns
    Source Clock Delay      (SCD):    1.425ns
    Clock Pessimism Removal (CPR):    -0.000ns
  Clock Uncertainty:      0.114ns  ((TSJ^2 + DJ^2)^1/2) / 2 + PE
    Total System Jitter     (TSJ):    0.071ns
    Discrete Jitter          (DJ):    0.217ns
    Phase Error              (PE):    0.000ns
  Clock Net Delay (Source):      1.274ns (routing 0.572ns, distribution 0.702ns)
  Clock Net Delay (Destination): 1.406ns (routing 0.623ns, distribution 0.783ns)
  Timing Exception:       False Path

    Location             Delay type                Incr(ns)  Path(ns)    Netlist Resource(s)
  -------------------------------------------------------------------    -------------------
                         (clock clk_pl_0 rise edge)
                                                      0.000     0.000 r  
    PS8_X0Y0             PS8                          0.000     0.000 r  my_softmax_i/zynq_ultra_ps_e_0/inst/PS8_i/PLCLK[0]
                         net (fo=1, routed)           0.129     0.129    my_softmax_i/zynq_ultra_ps_e_0/inst/pl_clk_unbuffered[0]
    BUFG_PS_X0Y80        BUFG_PS (Prop_BUFG_PS_I_O)
                                                      0.022     0.151 r  my_softmax_i/zynq_ultra_ps_e_0/inst/buffer_pl_clk_0.PL_CLK_0_BUFG/O
    X0Y1 (CLOCK_ROOT)    net (fo=19394, routed)       1.274     1.425    my_softmax_i/axi_smc_1/inst/clk_map/psr_aclk/U0/aclk
    SLICE_X0Y105         FDRE                                         r  my_softmax_i/axi_smc_1/inst/clk_map/psr_aclk/U0/ACTIVE_LOW_BSR_OUT_DFF[0].FDRE_BSR_N/C
  -------------------------------------------------------------------    -------------------
    SLICE_X0Y105         FDRE (Prop_DFF_SLICEL_C_Q)
                                                      0.084     1.509 r  my_softmax_i/axi_smc_1/inst/clk_map/psr_aclk/U0/ACTIVE_LOW_BSR_OUT_DFF[0].FDRE_BSR_N/Q
                         net (fo=51, routed)          0.337     1.845    <hidden>
    SLICE_X1Y48          FDCE                                         f  <hidden>  (IS_INVERTED)
  -------------------------------------------------------------------    -------------------

                         (clock clk_pl_0 rise edge)
                                                      0.000     0.000 r  
    PS8_X0Y0             PS8                          0.000     0.000 r  my_softmax_i/zynq_ultra_ps_e_0/inst/PS8_i/PLCLK[0]
                         net (fo=1, routed)           0.164     0.164    my_softmax_i/zynq_ultra_ps_e_0/inst/pl_clk_unbuffered[0]
    BUFG_PS_X0Y80        BUFG_PS (Prop_BUFG_PS_I_O)
                                                      0.023     0.187 r  my_softmax_i/zynq_ultra_ps_e_0/inst/buffer_pl_clk_0.PL_CLK_0_BUFG/O
    X0Y1 (CLOCK_ROOT)    net (fo=19394, routed)       1.406     1.593    <hidden>
    SLICE_X1Y48          FDCE                                         r  <hidden>

Slack:                    inf
  Source:                 my_softmax_i/axi_smc_1/inst/clk_map/psr_aclk/U0/ACTIVE_LOW_BSR_OUT_DFF[0].FDRE_BSR_N/C
                            (rising edge-triggered cell FDRE clocked by clk_pl_0  {rise@0.000ns fall@1.500ns period=3.000ns})
  Destination:            <hidden>
                            (removal check against rising-edge clock clk_pl_0  {rise@0.000ns fall@1.500ns period=3.000ns})
  Path Group:             (none)
  Path Type:              Removal (Min at Fast Process Corner)
  Data Path Delay:        0.421ns  (logic 0.084ns (19.956%)  route 0.337ns (80.044%))
  Logic Levels:           0  
  Clock Path Skew:        0.169ns (DCD - SCD - CPR)
    Destination Clock Delay (DCD):    1.593ns
    Source Clock Delay      (SCD):    1.425ns
    Clock Pessimism Removal (CPR):    -0.000ns
  Clock Uncertainty:      0.114ns  ((TSJ^2 + DJ^2)^1/2) / 2 + PE
    Total System Jitter     (TSJ):    0.071ns
    Discrete Jitter          (DJ):    0.217ns
    Phase Error              (PE):    0.000ns
  Clock Net Delay (Source):      1.274ns (routing 0.572ns, distribution 0.702ns)
  Clock Net Delay (Destination): 1.406ns (routing 0.623ns, distribution 0.783ns)
  Timing Exception:       False Path

    Location             Delay type                Incr(ns)  Path(ns)    Netlist Resource(s)
  -------------------------------------------------------------------    -------------------
                         (clock clk_pl_0 rise edge)
                                                      0.000     0.000 r  
    PS8_X0Y0             PS8                          0.000     0.000 r  my_softmax_i/zynq_ultra_ps_e_0/inst/PS8_i/PLCLK[0]
                         net (fo=1, routed)           0.129     0.129    my_softmax_i/zynq_ultra_ps_e_0/inst/pl_clk_unbuffered[0]
    BUFG_PS_X0Y80        BUFG_PS (Prop_BUFG_PS_I_O)
                                                      0.022     0.151 r  my_softmax_i/zynq_ultra_ps_e_0/inst/buffer_pl_clk_0.PL_CLK_0_BUFG/O
    X0Y1 (CLOCK_ROOT)    net (fo=19394, routed)       1.274     1.425    my_softmax_i/axi_smc_1/inst/clk_map/psr_aclk/U0/aclk
    SLICE_X0Y105         FDRE                                         r  my_softmax_i/axi_smc_1/inst/clk_map/psr_aclk/U0/ACTIVE_LOW_BSR_OUT_DFF[0].FDRE_BSR_N/C
  -------------------------------------------------------------------    -------------------
    SLICE_X0Y105         FDRE (Prop_DFF_SLICEL_C_Q)
                                                      0.084     1.509 r  my_softmax_i/axi_smc_1/inst/clk_map/psr_aclk/U0/ACTIVE_LOW_BSR_OUT_DFF[0].FDRE_BSR_N/Q
                         net (fo=51, routed)          0.337     1.845    <hidden>
    SLICE_X1Y48          FDCE                                         f  <hidden>  (IS_INVERTED)
  -------------------------------------------------------------------    -------------------

                         (clock clk_pl_0 rise edge)
                                                      0.000     0.000 r  
    PS8_X0Y0             PS8                          0.000     0.000 r  my_softmax_i/zynq_ultra_ps_e_0/inst/PS8_i/PLCLK[0]
                         net (fo=1, routed)           0.164     0.164    my_softmax_i/zynq_ultra_ps_e_0/inst/pl_clk_unbuffered[0]
    BUFG_PS_X0Y80        BUFG_PS (Prop_BUFG_PS_I_O)
                                                      0.023     0.187 r  my_softmax_i/zynq_ultra_ps_e_0/inst/buffer_pl_clk_0.PL_CLK_0_BUFG/O
    X0Y1 (CLOCK_ROOT)    net (fo=19394, routed)       1.406     1.593    <hidden>
    SLICE_X1Y48          FDCE                                         r  <hidden>





